# https://github.com/mikedh/trimesh
mtllib material.mtl
usemtl lambert1
v 0.02279010 0.00740502 0.12213588
v 0.02134956 0.01087811 0.12213578
v 0.02090741 0.01065294 0.12593721
v 0.02231825 0.00725165 0.12593721
v 0.01938647 0.01408509 0.12213588
v 0.01898506 0.01379349 0.12593721
v 0.01824036 0.01325238 0.12828471
v 0.02008730 0.01023502 0.12828471
v 0.02144275 0.00696717 0.12828471
v 0.01694304 0.01694312 0.12213578
v 0.01659223 0.01659232 0.12593721
v 0.01408510 0.01938646 0.12213588
v 0.01379340 0.01898505 0.12593721
v 0.01325239 0.01824036 0.12828471
v 0.01594142 0.01594141 0.12828471
v 0.01087812 0.02134955 0.12213578
v 0.01065285 0.02090750 0.12593721
v 0.00740496 0.02279019 0.12213588
v 0.00725163 0.02231824 0.12593721
v 0.00696718 0.02144284 0.12828471
v 0.01023502 0.02008739 0.12828471
v 0.00374835 0.02366608 0.12213578
v 0.00367073 0.02317607 0.12593721
v 0.00000000 0.02396296 0.12213588
v 0.00000000 0.02346679 0.12593721
v 0.00000000 0.02254625 0.12828471
v 0.00352674 0.02226696 0.12828471
v -0.00374834 0.02366608 0.12213578
v -0.00367073 0.02317607 0.12593721
v -0.00740495 0.02279019 0.12213588
v -0.00725163 0.02231824 0.12593721
v -0.00696717 0.02144284 0.12828471
v -0.00352674 0.02226696 0.12828471
v -0.01087812 0.02134955 0.12213578
v -0.01065285 0.02090750 0.12593721
v -0.01408510 0.01938646 0.12213588
v -0.01379340 0.01898505 0.12593721
v -0.01325239 0.01824036 0.12828471
v -0.01023502 0.02008739 0.12828471
v -0.01694304 0.01694312 0.12213578
v -0.01659223 0.01659232 0.12593721
v -0.01938647 0.01408509 0.12213588
v -0.01898496 0.01379349 0.12593721
v -0.01824027 0.01325238 0.12828471
v -0.01594142 0.01594141 0.12828471
v -0.02134956 0.01087811 0.12213578
v -0.02090741 0.01065294 0.12593721
v -0.02279010 0.00740492 0.12213588
v -0.02231816 0.00725165 0.12593721
v -0.02144275 0.00696717 0.12828471
v -0.02008730 0.01023502 0.12828471
v -0.02366609 0.00374837 0.12213578
v -0.02317607 0.00367071 0.12593721
v -0.02396297 -0.00000001 0.12213588
v -0.02346670 -0.00000001 0.12593721
v -0.02254626 -0.00000001 0.12828471
v -0.02226697 0.00352671 0.12828471
v -0.02366609 -0.00374829 0.12213578
v -0.02317607 -0.00367073 0.12593721
v -0.02279010 -0.00740494 0.12213588
v -0.02231825 -0.00725167 0.12593721
v -0.02144275 -0.00696719 0.12828471
v -0.02226697 -0.00352673 0.12828471
v -0.02134956 -0.01087811 0.12213578
v -0.02090741 -0.01065286 0.12593721
v -0.01938647 -0.01408506 0.12213588
v -0.01898496 -0.01379340 0.12593721
v -0.01824027 -0.01325235 0.12828471
v -0.02008730 -0.01023503 0.12828471
v -0.01694304 -0.01694305 0.12213578
v -0.01659223 -0.01659222 0.12593721
v -0.01408510 -0.01938643 0.12213588
v -0.01379340 -0.01898499 0.12593721
v -0.01325239 -0.01824030 0.12828471
v -0.01594142 -0.01594139 0.12828471
v -0.01087812 -0.02134950 0.12213578
v -0.01065285 -0.02090742 0.12593721
v -0.00740495 -0.02279012 0.12213588
v -0.00725162 -0.02231821 0.12593721
v -0.00696717 -0.02144276 0.12828471
v -0.01023502 -0.02008732 0.12828471
v -0.00374834 -0.02366611 0.12213578
v -0.00367073 -0.02317605 0.12593721
v 0.00000000 -0.02396294 0.12213588
v 0.00000000 -0.02346674 0.12593721
v 0.00000000 -0.02254625 0.12828471
v -0.00352674 -0.02226697 0.12828471
v 0.00374834 -0.02366611 0.12213578
v 0.00367073 -0.02317605 0.12593721
v 0.00740496 -0.02279012 0.12213588
v 0.00725163 -0.02231821 0.12593721
v 0.00696718 -0.02144276 0.12828471
v 0.00352674 -0.02226697 0.12828471
v 0.01087812 -0.02134950 0.12213578
v 0.01065285 -0.02090742 0.12593721
v 0.01408510 -0.01938643 0.12213588
v 0.01379340 -0.01898499 0.12593721
v 0.01325239 -0.01824030 0.12828471
v 0.01023502 -0.02008732 0.12828471
v 0.01694304 -0.01694305 0.12213578
v 0.01659223 -0.01659222 0.12593721
v 0.01938647 -0.01408506 0.12213588
v 0.01898496 -0.01379340 0.12593721
v 0.01824027 -0.01325235 0.12828471
v 0.01594142 -0.01594139 0.12828471
v 0.02134956 -0.01087811 0.12213578
v 0.02090741 -0.01065286 0.12593721
v 0.02279010 -0.00740494 0.12213588
v 0.02231825 -0.00725157 0.12593721
v 0.02144275 -0.00696719 0.12828471
v 0.02008730 -0.01023503 0.12828471
v 0.02366609 -0.00374829 0.12213578
v 0.02317607 -0.00367073 0.12593721
v 0.02396297 -0.00000001 0.12213588
v 0.02346670 -0.00000001 0.12593721
v 0.02254626 -0.00000001 0.12828471
v 0.02226697 -0.00352673 0.12828471
v 0.02396297 -0.00000001 0.12213588
v 0.02366609 0.00374837 0.12213578
v 0.02317607 0.00367071 0.12593721
v 0.02346670 -0.00000001 0.12593721
v 0.02226697 0.00352671 0.12828471
v 0.02254626 -0.00000001 0.12828471
v 0.01880589 0.00958215 0.13030280
v 0.02007489 0.00652278 0.13030280
v 0.01707677 0.01240697 0.13030280
v 0.01573285 0.01143055 0.13193989
v 0.01732588 0.00882798 0.13193980
v 0.01849504 0.00600942 0.13193989
v 0.01492446 0.01492455 0.13030280
v 0.01240698 0.01707676 0.13030280
v 0.01143056 0.01573284 0.13193989
v 0.01374993 0.01374992 0.13193980
v 0.00958210 0.01880598 0.13030280
v 0.00652274 0.02007498 0.13030280
v 0.00600940 0.01849503 0.13193989
v 0.00882800 0.01732597 0.13193980
v 0.00330177 0.02084654 0.13030280
v 0.00000000 0.02110806 0.13030280
v 0.00000000 0.01944683 0.13193989
v 0.00304192 0.01920593 0.13193980
v -0.00330176 0.02084654 0.13030280
v -0.00652273 0.02007498 0.13030280
v -0.00600940 0.01849503 0.13193989
v -0.00304191 0.01920593 0.13193980
v -0.00958209 0.01880598 0.13030280
v -0.01240698 0.01707676 0.13030280
v -0.01143056 0.01573284 0.13193989
v -0.00882799 0.01732597 0.13193980
v -0.01492446 0.01492455 0.13030280
v -0.01707677 0.01240697 0.13030280
v -0.01573275 0.01143055 0.13193989
v -0.01374993 0.01374992 0.13193980
v -0.01880589 0.00958215 0.13030280
v -0.02007489 0.00652278 0.13030280
v -0.01849504 0.00600942 0.13193989
v -0.01732588 0.00882798 0.13193980
v -0.02084655 0.00330173 0.13030280
v -0.02110797 -0.00000001 0.13030280
v -0.01944684 -0.00000001 0.13193989
v -0.01920594 0.00304197 0.13193980
v -0.02084655 -0.00330175 0.13030280
v -0.02007489 -0.00652270 0.13030280
v -0.01849504 -0.00600943 0.13193989
v -0.01920594 -0.00304189 0.13193980
v -0.01880589 -0.00958207 0.13030280
v -0.01707677 -0.01240697 0.13030280
v -0.01573275 -0.01143054 0.13193989
v -0.01732588 -0.00882800 0.13193980
v -0.01492446 -0.01492446 0.13030280
v -0.01240698 -0.01707672 0.13030280
v -0.01143056 -0.01573279 0.13193989
v -0.01374993 -0.01374991 0.13193980
v -0.00958209 -0.01880591 0.13030280
v -0.00652273 -0.02007489 0.13030280
v -0.00600939 -0.01849500 0.13193989
v -0.00882799 -0.01732589 0.13193980
v -0.00330176 -0.02084652 0.13030280
v 0.00000000 -0.02110799 0.13030280
v 0.00000000 -0.01944680 0.13193989
v -0.00304191 -0.01920591 0.13193980
v 0.00330177 -0.02084652 0.13030280
v 0.00652273 -0.02007489 0.13030280
v 0.00600940 -0.01849500 0.13193989
v 0.00304192 -0.01920591 0.13193980
v 0.00958210 -0.01880591 0.13030280
v 0.01240698 -0.01707672 0.13030280
v 0.01143056 -0.01573279 0.13193989
v 0.00882799 -0.01732589 0.13193980
v 0.01492446 -0.01492446 0.13030280
v 0.01707677 -0.01240697 0.13030280
v 0.01573285 -0.01143054 0.13193989
v 0.01374993 -0.01374991 0.13193980
v 0.01880589 -0.00958207 0.13030280
v 0.02007489 -0.00652270 0.13030280
v 0.01849504 -0.00600943 0.13193989
v 0.01732588 -0.00882800 0.13193980
v 0.02084655 -0.00330175 0.13030280
v 0.02110797 -0.00000001 0.13030280
v 0.01944684 -0.00000001 0.13193989
v 0.01920594 -0.00304189 0.13193980
v 0.02084655 0.00330173 0.13030280
v 0.02110797 -0.00000001 0.13030280
v 0.01920594 0.00304197 0.13193980
v 0.01944684 -0.00000001 0.13193989
v 0.01590996 0.00810654 0.13314452
v 0.01698358 0.00551833 0.13314452
v 0.01444704 0.01049644 0.13314452
v 0.01341729 0.00974822 0.13409172
v 0.01477597 0.00752870 0.13409172
v 0.01577300 0.00512493 0.13409172
v 0.01262619 0.01262628 0.13314452
v 0.01049644 0.01444713 0.13314452
v 0.00974823 0.01341728 0.13409172
v 0.01172627 0.01172626 0.13409172
v 0.00810654 0.01591005 0.13314452
v 0.00551829 0.01698357 0.13314452
v 0.00512495 0.01577299 0.13409172
v 0.00752871 0.01477596 0.13409172
v 0.00279332 0.01763634 0.13314452
v 0.00000000 0.01785760 0.13314452
v 0.00000000 0.01658470 0.13409172
v 0.00259422 0.01637925 0.13409172
v -0.00279332 0.01763634 0.13314452
v -0.00551828 0.01698357 0.13314452
v -0.00512495 0.01577299 0.13409172
v -0.00259422 0.01637925 0.13409172
v -0.00810653 0.01591005 0.13314452
v -0.01049635 0.01444713 0.13314452
v -0.00974822 0.01341728 0.13409172
v -0.00752871 0.01477596 0.13409172
v -0.01262619 0.01262628 0.13314452
v -0.01444704 0.01049644 0.13314452
v -0.01341729 0.00974822 0.13409172
v -0.01172627 0.01172626 0.13409172
v -0.01590996 0.00810654 0.13314452
v -0.01698348 0.00551833 0.13314452
v -0.01577300 0.00512493 0.13409172
v -0.01477587 0.00752870 0.13409172
v -0.01763634 0.00279335 0.13314452
v -0.01785752 -0.00000001 0.13314452
v -0.01658471 -0.00000001 0.13409172
v -0.01637926 0.00259426 0.13409172
v -0.01763634 -0.00279327 0.13314452
v -0.01698348 -0.00551825 0.13314452
v -0.01577300 -0.00512495 0.13409172
v -0.01637926 -0.00259418 0.13409172
v -0.01590996 -0.00810656 0.13314452
v -0.01444704 -0.01049636 0.13314452
v -0.01341729 -0.00974824 0.13409172
v -0.01477587 -0.00752872 0.13409172
v -0.01262619 -0.01262620 0.13314452
v -0.01049635 -0.01444703 0.13314452
v -0.00974822 -0.01341727 0.13409172
v -0.01172627 -0.01172622 0.13409172
v -0.00810653 -0.01590995 0.13314452
v -0.00551828 -0.01698351 0.13314452
v -0.00512495 -0.01577295 0.13409172
v -0.00752870 -0.01477590 0.13409172
v -0.00279331 -0.01763631 0.13314452
v 0.00000000 -0.01785751 0.13314452
v 0.00000000 -0.01658466 0.13409172
v -0.00259421 -0.01637921 0.13409172
v 0.00279332 -0.01763631 0.13314452
v 0.00551828 -0.01698351 0.13314452
v 0.00512495 -0.01577295 0.13409172
v 0.00259422 -0.01637921 0.13409172
v 0.00810653 -0.01590995 0.13314452
v 0.01049635 -0.01444703 0.13314452
v 0.00974822 -0.01341727 0.13409172
v 0.00752871 -0.01477590 0.13409172
v 0.01262619 -0.01262620 0.13314452
v 0.01444704 -0.01049636 0.13314452
v 0.01341729 -0.00974824 0.13409172
v 0.01172627 -0.01172622 0.13409172
v 0.01590996 -0.00810656 0.13314452
v 0.01698348 -0.00551825 0.13314452
v 0.01577300 -0.00512495 0.13409172
v 0.01477587 -0.00752872 0.13409172
v 0.01763634 -0.00279327 0.13314452
v 0.01785752 -0.00000001 0.13314452
v 0.01658471 -0.00000001 0.13409172
v 0.01637926 -0.00259418 0.13409172
v 0.01763634 0.00279335 0.13314452
v 0.01785752 -0.00000001 0.13314452
v 0.01637926 0.00259426 0.13409172
v 0.01658471 -0.00000001 0.13409172
v 0.01414166 0.00720554 0.13495657
v 0.01509591 0.00490493 0.13495657
v 0.01284131 0.00932982 0.13495657
v 0.01257950 0.00913952 0.13632053
v 0.01385328 0.00705861 0.13631271
v 0.01478808 0.00480499 0.13630783
v 0.01122287 0.01122286 0.13495657
v 0.00932977 0.01284140 0.13495657
v 0.00913956 0.01257958 0.13634974
v 0.01099408 0.01099407 0.13633323
v 0.00720553 0.01414166 0.13495657
v 0.00490495 0.01509590 0.13495657
v 0.00480495 0.01478817 0.13638794
v 0.00705862 0.01385337 0.13636859
v 0.00248285 0.01567618 0.13495657
v 0.00000000 0.01587283 0.13495657
v 0.00000000 0.01554918 0.13642447
v 0.00243224 0.01535653 0.13640552
v -0.00248285 0.01567618 0.13495657
v -0.00490495 0.01509590 0.13495657
v -0.00480495 0.01478817 0.13647371
v -0.00243224 0.01535653 0.13644772
v -0.00720552 0.01414166 0.13495657
v -0.00932976 0.01284140 0.13495657
v -0.00913954 0.01257958 0.13652646
v -0.00705861 0.01385337 0.13650106
v -0.01122287 0.01122286 0.13495657
v -0.01284131 0.00932982 0.13495657
v -0.01257950 0.00913952 0.13656270
v -0.01099408 0.01099407 0.13654678
v -0.01414166 0.00720554 0.13495657
v -0.01509591 0.00490493 0.13495657
v -0.01486252 0.00452442 0.13660031
v -0.01385328 0.00705861 0.13657501
v -0.01567609 0.00248289 0.13495657
v -0.01587274 -0.00000001 0.13495657
v -0.01555710 -0.00005032 0.13617829
v -0.01538839 0.00223095 0.13602472
v -0.01567609 -0.00248281 0.13495657
v -0.01509591 -0.00490495 0.13495657
v -0.01478808 -0.00480491 0.13614097
v -0.01535654 -0.00243221 0.13618855
v -0.01414166 -0.00720556 0.13495657
v -0.01284131 -0.00932974 0.13495657
v -0.01257950 -0.00913953 0.13611821
v -0.01385328 -0.00705863 0.13612075
v -0.01122287 -0.01122284 0.13495657
v -0.00932976 -0.01284130 0.13495657
v -0.00913954 -0.01257950 0.13613423
v -0.01099408 -0.01099404 0.13612388
v -0.00720552 -0.01414161 0.13495657
v -0.00490494 -0.01509585 0.13495657
v -0.00480494 -0.01478808 0.13615866
v -0.00705861 -0.01385329 0.13614566
v -0.00248285 -0.01567610 0.13495657
v 0.00000000 -0.01587272 0.13495657
v 0.00000000 -0.01554911 0.13618953
v -0.00243224 -0.01535649 0.13617341
v 0.00248285 -0.01567610 0.13495657
v 0.00490495 -0.01509585 0.13495657
v 0.00480494 -0.01478808 0.13622274
v 0.00243224 -0.01535649 0.13620633
v 0.00720552 -0.01414161 0.13495657
v 0.00932976 -0.01284130 0.13495657
v 0.00913954 -0.01257950 0.13625097
v 0.00705861 -0.01385329 0.13623739
v 0.01122287 -0.01122284 0.13495657
v 0.01284131 -0.00932974 0.13495657
v 0.01257950 -0.00913953 0.13627540
v 0.01099408 -0.01099404 0.13626397
v 0.01414166 -0.00720546 0.13495657
v 0.01509591 -0.00490495 0.13495657
v 0.01478808 -0.00480491 0.13629103
v 0.01385328 -0.00705863 0.13628429
v 0.01567609 -0.00248281 0.13495657
v 0.01587274 -0.00000001 0.13495657
v 0.01554909 -0.00000001 0.13630001
v 0.01535654 -0.00243221 0.13629601
v 0.01567609 0.00248289 0.13495657
v 0.01587274 -0.00000001 0.13495657
v 0.01535654 0.00243229 0.13630373
v 0.01554909 -0.00000001 0.13630001
v 0.01461673 0.00474931 0.14985661
v 0.01369278 0.00697685 0.14991962
v 0.01375725 0.00700967 0.15349802
v 0.01468551 0.00477158 0.15346197
v 0.01243374 0.00903362 0.14999983
v 0.01249226 0.00907611 0.15354403
v 0.01249226 0.00907611 0.15702748
v 0.01375725 0.00700967 0.15701595
v 0.01468551 0.00477158 0.15700696
v 0.01086659 0.01086668 0.15009498
v 0.01091778 0.01091777 0.15359825
v 0.00903363 0.01243373 0.15020790
v 0.00907615 0.01249225 0.15366282
v 0.00907615 0.01249225 0.15705717
v 0.01091778 0.01091777 0.15704096
v 0.00697681 0.01369277 0.15034174
v 0.00700966 0.01375724 0.15373971
v 0.00474926 0.01461672 0.15048662
v 0.00477161 0.01468560 0.15382284
v 0.00477161 0.01468560 0.15709713
v 0.00700966 0.01375724 0.15707632
v 0.00240404 0.01517854 0.15063257
v 0.00241536 0.01525005 0.15390637
v 0.00000000 0.01536894 0.15077978
v 0.00000000 0.01544133 0.15399038
v 0.00000000 0.01544133 0.15713904
v 0.00241537 0.01525005 0.15711804
v -0.00240404 0.01517854 0.15092808
v -0.00241537 0.01525005 0.15407528
v -0.00474926 0.01461672 0.15107374
v -0.00477161 0.01468560 0.15415861
v -0.00477161 0.01468560 0.15718105
v -0.00241537 0.01525005 0.15716024
v -0.00697680 0.01369277 0.15121245
v -0.00700965 0.01375724 0.15423803
v -0.00903361 0.01243373 0.15134092
v -0.00907614 0.01249225 0.15431149
v -0.00907614 0.01249225 0.15721934
v -0.00700965 0.01375724 0.15720098
v -0.01086659 0.01086668 0.15145551
v -0.01091778 0.01091777 0.15437713
v -0.01243365 0.00903362 0.15155437
v -0.01249226 0.00907611 0.15443370
v -0.01249226 0.00907611 0.15724982
v -0.01091778 0.01091777 0.15723565
v -0.01369268 0.00697685 0.15163556
v -0.01375716 0.00700967 0.15448020
v -0.01461663 0.00474921 0.15169554
v -0.01468551 0.00477158 0.15451449
v -0.01468551 0.00477158 0.15727004
v -0.01375716 0.00700967 0.15726145
v -0.01517855 0.00240405 0.15173100
v -0.01524996 0.00241539 0.15453442
v -0.01536885 -0.00000001 0.15175444
v -0.01544124 -0.00000001 0.15454721
v -0.01544124 -0.00000001 0.15727825
v -0.01524996 0.00241539 0.15727503
v -0.01517855 -0.00240407 0.15177818
v -0.01524996 -0.00241531 0.15456011
v -0.01461663 -0.00474923 0.15181531
v -0.01468551 -0.00477160 0.15458092
v -0.01468551 -0.00477160 0.15728665
v -0.01524996 -0.00241531 0.15728147
v -0.01369268 -0.00697677 0.15187919
v -0.01375716 -0.00700959 0.15461745
v -0.01243365 -0.00903364 0.15196496
v -0.01249226 -0.00907613 0.15466669
v -0.01249226 -0.00907613 0.15730814
v -0.01375716 -0.00700959 0.15729583
v -0.01086659 -0.01086660 0.15206793
v -0.01091778 -0.01091776 0.15472589
v -0.00903545 -0.01243918 0.15215634
v -0.00907613 -0.01249222 0.15477523
v -0.00907613 -0.01249222 0.15733520
v -0.01091778 -0.01091776 0.15732290
v -0.00698414 -0.01371474 0.15219835
v -0.00700965 -0.01375718 0.15479515
v -0.00481027 -0.01464982 0.15216133
v -0.00477161 -0.01468549 0.15476321
v -0.00477161 -0.01468549 0.15733227
v -0.00700965 -0.01375718 0.15734018
v -0.00261134 -0.01520099 0.15201234
v -0.00241536 -0.01524996 0.15465702
v -0.00027345 -0.01549830 0.15106865
v -0.00020128 -0.01547312 0.15485309
v -0.00005032 -0.01544921 0.15735474
v -0.00241536 -0.01524996 0.15730570
v 0.00241536 -0.01524996 0.15426870
v 0.00161024 -0.01537748 0.15572790
v 0.00450305 -0.01479688 0.15693966
v 0.00221408 -0.01528184 0.15757347
v 0.00448874 -0.01475284 0.14881816
v 0.00697680 -0.01369272 0.14926617
v 0.00700965 -0.01375718 0.15312631
v 0.00497289 -0.01465361 0.15288335
v 0.00903361 -0.01243368 0.14939913
v 0.00907614 -0.01249222 0.15320261
v 0.00907614 -0.01249222 0.15694210
v 0.00700965 -0.01375718 0.15692304
v 0.01086659 -0.01086660 0.14951040
v 0.01091778 -0.01091776 0.15326620
v 0.01243374 -0.00903364 0.14960174
v 0.01249226 -0.00907613 0.15331837
v 0.01249226 -0.00907613 0.15697101
v 0.01091778 -0.01091776 0.15695802
v 0.01369278 -0.00697677 0.14967471
v 0.01375716 -0.00700959 0.15336008
v 0.01461673 -0.00474923 0.14972776
v 0.01468551 -0.00477160 0.15339017
v 0.01468551 -0.00477160 0.15698899
v 0.01375716 -0.00700959 0.15698146
v 0.01517855 -0.00240407 0.14975912
v 0.01524996 -0.00241531 0.15340766
v 0.01536885 -0.00000001 0.14978305
v 0.01544124 -0.00000001 0.15342065
v 0.01544124 -0.00000001 0.15699661
v 0.01524996 -0.00241531 0.15699338
v 0.01536885 -0.00000001 0.14978305
v 0.01517855 0.00240405 0.14981333
v 0.01524996 0.00241539 0.15343745
v 0.01544124 -0.00000001 0.15342065
v 0.01524996 0.00241539 0.15700081
v 0.01544124 -0.00000001 0.15699661
v 0.01474705 0.00479161 0.15817065
v 0.01381489 0.00703907 0.15817065
v 0.01398790 0.00712719 0.15773144
v 0.01493169 0.00485159 0.15773144
v 0.01254462 0.00911421 0.15817065
v 0.01270171 0.00922832 0.15773144
v 0.01303913 0.00947352 0.15726809
v 0.01435951 0.00731651 0.15726819
v 0.01532841 0.00498054 0.15726819
v 0.01096360 0.01096359 0.15817065
v 0.01110086 0.01110085 0.15773144
v 0.00911420 0.01254461 0.15817065
v 0.00922833 0.01270170 0.15773144
v 0.00947349 0.01303912 0.15726809
v 0.01139578 0.01139577 0.15726819
v 0.00703903 0.01381488 0.15817065
v 0.00712718 0.01398789 0.15773144
v 0.00479162 0.01474714 0.15817065
v 0.00485162 0.01493178 0.15773144
v 0.00498051 0.01532850 0.15726809
v 0.00731652 0.01435950 0.15726819
v 0.00242549 0.01531394 0.15817065
v 0.00245586 0.01550571 0.15773144
v 0.00000000 0.01550600 0.15817065
v 0.00000000 0.01570021 0.15773144
v 0.00000000 0.01611725 0.15726809
v 0.00252111 0.01591767 0.15726819
v -0.00242549 0.01531394 0.15817065
v -0.00245586 0.01550571 0.15773144
v -0.00479162 0.01474714 0.15817065
v -0.00485161 0.01493178 0.15773144
v -0.00498050 0.01532850 0.15726809
v -0.00252110 0.01591767 0.15726819
v -0.00703902 0.01381488 0.15817065
v -0.00712717 0.01398789 0.15773144
v -0.00911418 0.01254461 0.15817065
v -0.00922831 0.01270170 0.15773144
v -0.00947347 0.01303912 0.15726809
v -0.00731651 0.01435950 0.15726819
v -0.01096350 0.01096359 0.15817065
v -0.01110086 0.01110085 0.15773144
v -0.01254462 0.00911421 0.15817065
v -0.01270171 0.00922832 0.15773144
v -0.01303913 0.00947352 0.15726809
v -0.01139568 0.01139577 0.15726819
v -0.01381489 0.00703907 0.15817065
v -0.01398780 0.00712719 0.15773144
v -0.01474705 0.00479161 0.15817065
v -0.01493169 0.00485159 0.15773144
v -0.01532841 0.00498054 0.15726809
v -0.01435942 0.00731651 0.15726819
v -0.01531385 0.00242545 0.15817065
v -0.01550562 0.00245583 0.15773144
v -0.01550601 -0.00000001 0.15817065
v -0.01570012 -0.00000001 0.15773144
v -0.01611726 -0.00000001 0.15726809
v -0.01591758 0.00252109 0.15726819
v -0.01531385 -0.00242547 0.15817065
v -0.01550562 -0.00245585 0.15773144
v -0.01474705 -0.00479163 0.15817065
v -0.01493169 -0.00485161 0.15773144
v -0.01532841 -0.00498046 0.15726809
v -0.01591758 -0.00252111 0.15726819
v -0.01381489 -0.00703900 0.15817065
v -0.01398780 -0.00712711 0.15773144
v -0.01254462 -0.00911413 0.15817065
v -0.01270171 -0.00922833 0.15773144
v -0.01303913 -0.00947344 0.15726809
v -0.01435942 -0.00731653 0.15726819
v -0.01096350 -0.01096353 0.15817065
v -0.01110086 -0.01110082 0.15773144
v -0.00911418 -0.01254458 0.15817065
v -0.00922831 -0.01270167 0.15773144
v -0.00947347 -0.01303911 0.15726809
v -0.01139568 -0.01139572 0.15726819
v -0.00703902 -0.01381485 0.15817065
v -0.00712717 -0.01398784 0.15773144
v -0.00479162 -0.01474704 0.15817065
v -0.00485161 -0.01493171 0.15773144
v -0.00498050 -0.01532839 0.15726809
v -0.00731651 -0.01435945 0.15726819
v -0.00242549 -0.01531388 0.15817065
v -0.00245586 -0.01550565 0.15773144
v 0.00000000 -0.01550596 0.15817065
v 0.00000000 -0.01570013 0.15773144
v 0.00000000 -0.01611722 0.15726809
v -0.00252110 -0.01591757 0.15726819
v 0.00000000 -0.01550596 0.15817065
v 0.00242549 -0.01531388 0.15817065
v 0.00245586 -0.01550565 0.15773144
v 0.00000000 -0.01570013 0.15773144
v 0.00479161 -0.01474704 0.15817065
v 0.00485161 -0.01493171 0.15773144
v 0.00498050 -0.01532839 0.15726809
v 0.00252110 -0.01591757 0.15726819
v 0.00000000 -0.01611722 0.15726809
v 0.00703902 -0.01381485 0.15817065
v 0.00712717 -0.01398784 0.15773144
v 0.00911418 -0.01254458 0.15817065
v 0.00922832 -0.01270167 0.15773144
v 0.00947349 -0.01303910 0.15726809
v 0.00731651 -0.01435945 0.15726819
v 0.01096350 -0.01096353 0.15817065
v 0.01110086 -0.01110082 0.15773144
v 0.01254462 -0.00911413 0.15817065
v 0.01270171 -0.00922833 0.15773144
v 0.01303913 -0.00947344 0.15726809
v 0.01139578 -0.01139572 0.15726819
v 0.01381489 -0.00703900 0.15817065
v 0.01398790 -0.00712711 0.15773144
v 0.01474705 -0.00479163 0.15817065
v 0.01493169 -0.00485161 0.15773144
v 0.01532841 -0.00498046 0.15726809
v 0.01435942 -0.00731653 0.15726819
v 0.01531385 -0.00242547 0.15817065
v 0.01550562 -0.00245585 0.15773144
v 0.01550601 -0.00000001 0.15817065
v 0.01570012 -0.00000001 0.15773144
v 0.01611726 -0.00000001 0.15726809
v 0.01591758 -0.00252111 0.15726819
v 0.01531395 0.00242545 0.15817065
v 0.01550562 0.00245583 0.15773144
v 0.01591758 0.00252109 0.15726819
v 0.01501297 0.00764954 0.15711374
v 0.01602602 0.00520718 0.15711374
v 0.01363260 0.00990463 0.15711374
v 0.01422597 0.01033583 0.15725783
v 0.01566651 0.00798247 0.15725783
v 0.01672362 0.00543382 0.15725783
v 0.01191442 0.01191441 0.15711374
v 0.00990464 0.01363259 0.15711374
v 0.01033574 0.01422606 0.15725783
v 0.01243306 0.01243305 0.15725783
v 0.00764951 0.01501305 0.15711374
v 0.00520718 0.01602610 0.15711374
v 0.00543384 0.01672371 0.15725783
v 0.00798249 0.01566651 0.15725783
v 0.00263584 0.01664204 0.15711374
v 0.00000000 0.01685081 0.15711374
v 0.00000000 0.01758436 0.15725783
v 0.00275058 0.01736651 0.15725783
v -0.00263583 0.01664204 0.15711374
v -0.00520716 0.01602610 0.15711374
v -0.00543383 0.01672371 0.15725783
v -0.00275057 0.01736651 0.15725783
v -0.00764950 0.01501305 0.15711374
v -0.00990464 0.01363259 0.15711374
v -0.01033574 0.01422606 0.15725783
v -0.00798249 0.01566651 0.15725783
v -0.01191432 0.01191441 0.15711374
v -0.01363250 0.00990463 0.15711374
v -0.01422597 0.01033583 0.15725783
v -0.01243296 0.01243305 0.15725783
v -0.01501297 0.00764954 0.15711374
v -0.01602602 0.00520718 0.15711374
v -0.01672362 0.00543382 0.15725783
v -0.01566651 0.00798247 0.15725783
v -0.01664205 0.00263587 0.15711374
v -0.01685072 -0.00000001 0.15711374
v -0.01758428 -0.00000001 0.15725783
v -0.01736643 0.00275056 0.15725783
v -0.01664205 -0.00263579 0.15711374
v -0.01602602 -0.00520720 0.15711374
v -0.01672362 -0.00543384 0.15725783
v -0.01736643 -0.00275058 0.15725783
v -0.01501297 -0.00764946 0.15711374
v -0.01363250 -0.00990465 0.15711374
v -0.01422597 -0.01033575 0.15725783
v -0.01566651 -0.00798249 0.15725783
v -0.01191432 -0.01191435 0.15711374
v -0.00990464 -0.01363253 0.15711374
v -0.01033574 -0.01422596 0.15725783
v -0.01243296 -0.01243299 0.15725783
v -0.00764950 -0.01501297 0.15711374
v -0.00520716 -0.01602601 0.15711374
v -0.00543383 -0.01672361 0.15725783
v -0.00798249 -0.01566648 0.15725783
v -0.00263583 -0.01664200 0.15711374
v 0.00000000 -0.01685074 0.15711374
v 0.00000000 -0.01758425 0.15725783
v -0.00275057 -0.01736642 0.15725783
v 0.00263583 -0.01664200 0.15711374
v 0.00000000 -0.01685074 0.15711374
v 0.00520717 -0.01602601 0.15711374
v 0.00543383 -0.01672361 0.15725783
v 0.00275057 -0.01736642 0.15725783
v 0.00000000 -0.01758425 0.15725783
v 0.00764950 -0.01501297 0.15711374
v 0.00990464 -0.01363253 0.15711374
v 0.01033574 -0.01422596 0.15725783
v 0.00798248 -0.01566648 0.15725783
v 0.01191432 -0.01191435 0.15711374
v 0.01363250 -0.00990465 0.15711374
v 0.01422597 -0.01033575 0.15725783
v 0.01243296 -0.01243299 0.15725783
v 0.01501297 -0.00764946 0.15711374
v 0.01602602 -0.00520720 0.15711374
v 0.01672362 -0.00543384 0.15725783
v 0.01566651 -0.00798249 0.15725783
v 0.01664205 -0.00263579 0.15711374
v 0.01685072 -0.00000001 0.15711374
v 0.01758428 -0.00000001 0.15725783
v 0.01736643 -0.00275058 0.15725783
v 0.01664205 0.00263587 0.15711374
v 0.01736643 0.00275056 0.15725783
v 0.01603813 0.00817189 0.15769031
v 0.01712034 0.00556278 0.15769031
v 0.01456339 0.01058094 0.15769031
v 0.01471022 0.01068762 0.15825076
v 0.01619981 0.00825424 0.15825076
v 0.01729296 0.00561885 0.15825076
v 0.01272789 0.01272798 0.15769031
v 0.01058095 0.01456348 0.15769031
v 0.01068762 0.01471031 0.15825076
v 0.01285625 0.01285625 0.15825076
v 0.00817183 0.01603812 0.15769031
v 0.00556274 0.01712033 0.15769031
v 0.00561882 0.01729295 0.15825076
v 0.00825422 0.01619989 0.15825076
v 0.00281583 0.01777838 0.15769031
v 0.00000000 0.01800140 0.15769031
v 0.00000000 0.01818291 0.15825076
v 0.00284422 0.01795764 0.15825076
v -0.00281582 0.01777838 0.15769031
v -0.00556273 0.01712033 0.15769031
v -0.00561882 0.01729295 0.15825076
v -0.00284421 0.01795764 0.15825076
v -0.00817183 0.01603812 0.15769031
v -0.01058095 0.01456348 0.15769031
v -0.01068762 0.01471031 0.15825076
v -0.00825422 0.01619989 0.15825076
v -0.01272789 0.01272798 0.15769031
v -0.01456339 0.01058094 0.15769031
v -0.01471022 0.01068762 0.15825076
v -0.01285625 0.01285625 0.15825076
v -0.01603813 0.00817189 0.15769031
v -0.01712034 0.00556278 0.15769031
v -0.01729296 0.00561885 0.15825076
v -0.01619981 0.00825424 0.15825076
v -0.01777839 0.00281582 0.15769031
v -0.01800132 -0.00000001 0.15769031
v -0.01818282 -0.00000001 0.15825076
v -0.01795765 0.00284425 0.15825076
v -0.01777839 -0.00281584 0.15769031
v -0.01712034 -0.00556270 0.15769031
v -0.01729296 -0.00561877 0.15825076
v -0.01795765 -0.00284417 0.15825076
v -0.01603813 -0.00817181 0.15769031
v -0.01456339 -0.01058096 0.15769031
v -0.01471022 -0.01068763 0.15825076
v -0.01619981 -0.00825417 0.15825076
v -0.01272789 -0.01272790 0.15769031
v -0.01058095 -0.01456339 0.15769031
v -0.01068762 -0.01471024 0.15825076
v -0.01285625 -0.01285623 0.15825076
v -0.00817183 -0.01603809 0.15769031
v -0.00556273 -0.01712029 0.15769031
v -0.00561881 -0.01729292 0.15825076
v -0.00825422 -0.01619980 0.15825076
v -0.00281582 -0.01777836 0.15769031
v 0.00000000 -0.01800135 0.15769031
v 0.00000000 -0.01818285 0.15825076
v -0.00284421 -0.01795762 0.15825076
v 0.00281582 -0.01777836 0.15769031
v 0.00000000 -0.01800135 0.15769031
v 0.00556273 -0.01712029 0.15769031
v 0.00561881 -0.01729292 0.15825076
v 0.00284421 -0.01795762 0.15825076
v 0.00000000 -0.01818285 0.15825076
v 0.00817182 -0.01603809 0.15769031
v 0.01058095 -0.01456339 0.15769031
v 0.01068762 -0.01471023 0.15825076
v 0.00825421 -0.01619980 0.15825076
v 0.01272789 -0.01272790 0.15769031
v 0.01456339 -0.01058096 0.15769031
v 0.01471022 -0.01068763 0.15825076
v 0.01285625 -0.01285623 0.15825076
v 0.01603813 -0.00817181 0.15769031
v 0.01712034 -0.00556270 0.15769031
v 0.01729296 -0.00561877 0.15825076
v 0.01619981 -0.00825417 0.15825076
v 0.01777839 -0.00281584 0.15769031
v 0.01800141 -0.00000001 0.15769031
v 0.01818282 -0.00000001 0.15825076
v 0.01795765 -0.00284417 0.15825076
v 0.01777839 0.00281582 0.15769031
v 0.01795765 0.00284425 0.15825076
v 0.01622364 0.00826636 0.15877907
v 0.01731836 0.00562706 0.15877907
v 0.01473191 0.01070334 0.15877907
v 0.01461830 0.01062089 0.15924397
v 0.01609860 0.00820267 0.15924397
v 0.01718492 0.00558368 0.15924397
v 0.01287521 0.01287520 0.15877907
v 0.01070335 0.01473190 0.15877907
v 0.01062080 0.01461838 0.15924397
v 0.01277595 0.01277594 0.15924397
v 0.00826637 0.01622373 0.15877907
v 0.00562709 0.01731845 0.15877907
v 0.00558371 0.01718491 0.15924397
v 0.00820264 0.01609859 0.15924397
v 0.00284840 0.01798411 0.15877907
v 0.00000000 0.01820968 0.15877907
v 0.00000000 0.01806930 0.15924397
v 0.00282644 0.01784549 0.15924397
v -0.00284839 0.01798411 0.15877907
v -0.00562709 0.01731845 0.15877907
v -0.00558370 0.01718491 0.15924397
v -0.00282643 0.01784549 0.15924397
v -0.00826637 0.01622373 0.15877907
v -0.01070335 0.01473190 0.15877907
v -0.01062080 0.01461838 0.15924397
v -0.00820264 0.01609859 0.15924397
v -0.01287521 0.01287520 0.15877907
v -0.01473191 0.01070334 0.15877907
v -0.01461830 0.01062089 0.15924397
v -0.01277595 0.01277594 0.15924397
v -0.01622364 0.00826636 0.15877907
v -0.01731836 0.00562706 0.15877907
v -0.01718482 0.00558368 0.15924397
v -0.01609860 0.00820267 0.15924397
v -0.01798402 0.00284835 0.15877907
v -0.01820959 -0.00000001 0.15877907
v -0.01806921 -0.00000001 0.15924397
v -0.01784540 0.00282647 0.15924397
v -0.01798402 -0.00284837 0.15877907
v -0.01731836 -0.00562707 0.15877907
v -0.01718482 -0.00558370 0.15924397
v -0.01784540 -0.00282639 0.15924397
v -0.01622364 -0.00826638 0.15877907
v -0.01473191 -0.01070336 0.15877907
v -0.01461830 -0.01062081 0.15924397
v -0.01609860 -0.00820258 0.15924397
v -0.01287521 -0.01287514 0.15877907
v -0.01070335 -0.01473187 0.15877907
v -0.01062080 -0.01461831 0.15924397
v -0.01277595 -0.01277588 0.15924397
v -0.00826637 -0.01622362 0.15877907
v -0.00562708 -0.01731836 0.15877907
v -0.00558370 -0.01718485 0.15924397
v -0.00820264 -0.01609856 0.15924397
v -0.00284839 -0.01798403 0.15877907
v 0.00000000 -0.01820960 0.15877907
v 0.00000000 -0.01806922 0.15924397
v -0.00282643 -0.01784539 0.15924397
v 0.00284840 -0.01798403 0.15877907
v 0.00000000 -0.01820960 0.15877907
v 0.00562709 -0.01731836 0.15877907
v 0.00558370 -0.01718485 0.15924397
v 0.00282644 -0.01784539 0.15924397
v 0.00000000 -0.01806922 0.15924397
v 0.00826636 -0.01622362 0.15877907
v 0.01070335 -0.01473187 0.15877907
v 0.01062080 -0.01461831 0.15924397
v 0.00820263 -0.01609856 0.15924397
v 0.01287511 -0.01287514 0.15877907
v 0.01473191 -0.01070336 0.15877907
v 0.01461830 -0.01062081 0.15924397
v 0.01277585 -0.01277588 0.15924397
v 0.01622364 -0.00826638 0.15877907
v 0.01731836 -0.00562707 0.15877907
v 0.01718482 -0.00558370 0.15924397
v 0.01609860 -0.00820258 0.15924397
v 0.01798402 -0.00284837 0.15877907
v 0.01820959 -0.00000001 0.15877907
v 0.01806921 -0.00000001 0.15924397
v 0.01784540 -0.00282639 0.15924397
v 0.01798402 0.00284845 0.15877907
v 0.01784540 0.00282647 0.15924397
v 0.01581364 0.00805750 0.15961422
v 0.01688071 0.00548492 0.15961422
v 0.01435951 0.01043284 0.15961422
v 0.01400216 0.01017318 0.15987213
v 0.01542004 0.00785694 0.15987213
v 0.01646054 0.00534834 0.15987213
v 0.01254970 0.01254979 0.15961422
v 0.01043285 0.01435960 0.15961422
v 0.01017319 0.01400225 0.15987213
v 0.01223739 0.01223747 0.15987213
v 0.00805744 0.01581363 0.15961422
v 0.00548487 0.01688070 0.15961422
v 0.00534837 0.01646063 0.15987213
v 0.00785692 0.01542013 0.15987213
v 0.00277641 0.01752956 0.15961422
v 0.00000000 0.01774946 0.15961422
v 0.00000000 0.01730770 0.15987213
v 0.00270731 0.01709327 0.15987213
v -0.00277640 0.01752956 0.15961422
v -0.00548486 0.01688070 0.15961422
v -0.00534836 0.01646063 0.15987213
v -0.00270730 0.01709327 0.15987213
v -0.00805744 0.01581363 0.15961422
v -0.01043285 0.01435960 0.15961422
v -0.01017319 0.01400225 0.15987213
v -0.00785692 0.01542013 0.15987213
v -0.01254970 0.01254979 0.15961422
v -0.01435951 0.01043284 0.15961422
v -0.01400216 0.01017318 0.15987213
v -0.01223739 0.01223747 0.15987213
v -0.01581354 0.00805740 0.15961422
v -0.01688061 0.00548492 0.15961422
v -0.01646054 0.00534834 0.15987213
v -0.01542004 0.00785694 0.15987213
v -0.01752947 0.00277645 0.15961422
v -0.01774937 -0.00000001 0.15961422
v -0.01730762 -0.00000001 0.15987213
v -0.01709328 0.00270728 0.15987213
v -0.01752947 -0.00277637 0.15961422
v -0.01688061 -0.00548484 0.15961422
v -0.01646054 -0.00534836 0.15987213
v -0.01709328 -0.00270730 0.15987213
v -0.01581354 -0.00805742 0.15961422
v -0.01435951 -0.01043286 0.15961422
v -0.01400216 -0.01017320 0.15987213
v -0.01542004 -0.00785686 0.15987213
v -0.01254970 -0.01254973 0.15961422
v -0.01043285 -0.01435953 0.15961422
v -0.01017319 -0.01400217 0.15987213
v -0.01223739 -0.01223741 0.15987213
v -0.00805744 -0.01581358 0.15961422
v -0.00548486 -0.01688064 0.15961422
v -0.00534835 -0.01646054 0.15987213
v -0.00785692 -0.01542004 0.15987213
v -0.00277640 -0.01752949 0.15961422
v 0.00000000 -0.01774936 0.15961422
v 0.00000000 -0.01730764 0.15987213
v -0.00270730 -0.01709324 0.15987213
v 0.00277640 -0.01752949 0.15961422
v 0.00000000 -0.01774936 0.15961422
v 0.00548486 -0.01688064 0.15961422
v 0.00534836 -0.01646054 0.15987213
v 0.00270731 -0.01709324 0.15987213
v 0.00000000 -0.01730764 0.15987213
v 0.00805743 -0.01581358 0.15961422
v 0.01043285 -0.01435953 0.15961422
v 0.01017319 -0.01400217 0.15987213
v 0.00785691 -0.01542004 0.15987213
v 0.01254970 -0.01254973 0.15961422
v 0.01435951 -0.01043286 0.15961422
v 0.01400216 -0.01017320 0.15987213
v 0.01223739 -0.01223741 0.15987213
v 0.01581364 -0.00805742 0.15961422
v 0.01688061 -0.00548484 0.15961422
v 0.01646054 -0.00534836 0.15987213
v 0.01542004 -0.00785686 0.15987213
v 0.01752947 -0.00277637 0.15961422
v 0.01774937 -0.00000001 0.15961422
v 0.01730771 -0.00000001 0.15987213
v 0.01709328 -0.00270730 0.15987213
v 0.01752947 0.00277645 0.15961422
v 0.01709328 0.00270728 0.15987213
v 0.01496930 0.00762727 0.16000000
v 0.01597942 0.00519204 0.16000000
v 0.01359294 0.00987581 0.16000000
v 0.01313047 0.00953985 0.15995731
v 0.01446004 0.00736770 0.15995731
v 0.01543577 0.00501542 0.15995731
v 0.01187974 0.01187973 0.16000000
v 0.00987582 0.01359293 0.16000000
v 0.00953981 0.01313046 0.15995731
v 0.01147550 0.01147559 0.15995731
v 0.00762725 0.01496939 0.16000000
v 0.00519203 0.01597941 0.16000000
v 0.00501538 0.01543576 0.15995731
v 0.00736774 0.01446003 0.15995731
v 0.00262818 0.01659368 0.16000000
v 0.00000000 0.01680177 0.16000000
v 0.00000000 0.01623008 0.15995731
v 0.00253876 0.01602903 0.15995731
v -0.00262817 0.01659368 0.16000000
v -0.00519202 0.01597941 0.16000000
v -0.00501537 0.01543576 0.15995731
v -0.00253875 0.01602903 0.15995731
v -0.00762725 0.01496939 0.16000000
v -0.00987582 0.01359293 0.16000000
v -0.00953981 0.01313046 0.15995731
v -0.00736774 0.01446003 0.15995731
v -0.01187974 0.01187973 0.16000000
v -0.01359284 0.00987581 0.16000000
v -0.01313037 0.00953985 0.15995731
v -0.01147550 0.01147559 0.15995731
v -0.01496930 0.00762727 0.16000000
v -0.01597942 0.00519204 0.16000000
v -0.01543567 0.00501542 0.15995731
v -0.01446004 0.00736770 0.15995731
v -0.01659360 0.00262816 0.16000000
v -0.01680178 -0.00000001 0.16000000
v -0.01623009 -0.00000001 0.15995731
v -0.01602904 0.00253877 0.15995731
v -0.01659360 -0.00262817 0.16000000
v -0.01597942 -0.00519206 0.16000000
v -0.01543567 -0.00501534 0.15995731
v -0.01602904 -0.00253879 0.15995731
v -0.01496930 -0.00762719 0.16000000
v -0.01359284 -0.00987583 0.16000000
v -0.01313037 -0.00953977 0.15995731
v -0.01446004 -0.00736772 0.15995731
v -0.01187974 -0.01187970 0.16000000
v -0.00987582 -0.01359288 0.16000000
v -0.00953980 -0.01313040 0.15995731
v -0.01147550 -0.01147551 0.15995731
v -0.00762725 -0.01496929 0.16000000
v -0.00519202 -0.01597939 0.16000000
v -0.00501537 -0.01543571 0.15995731
v -0.00736773 -0.01445999 0.15995731
v -0.00262817 -0.01659359 0.16000000
v 0.00000000 -0.01680173 0.16000000
v 0.00000000 -0.01623007 0.15995731
v -0.00253875 -0.01602901 0.15995731
v 0.00262818 -0.01659359 0.16000000
v 0.00000000 -0.01680173 0.16000000
v 0.00519203 -0.01597939 0.16000000
v 0.00501538 -0.01543571 0.15995731
v 0.00253875 -0.01602901 0.15995731
v 0.00000000 -0.01623007 0.15995731
v 0.00762725 -0.01496929 0.16000000
v 0.00987582 -0.01359288 0.16000000
v 0.00953980 -0.01313040 0.15995731
v 0.00736774 -0.01445999 0.15995731
v 0.01187974 -0.01187970 0.16000000
v 0.01359284 -0.00987583 0.16000000
v 0.01313037 -0.00953977 0.15995731
v 0.01147550 -0.01147551 0.15995731
v 0.01496930 -0.00762719 0.16000000
v 0.01597942 -0.00519206 0.16000000
v 0.01543577 -0.00501534 0.15995731
v 0.01446004 -0.00736772 0.15995731
v 0.01659360 -0.00262817 0.16000000
v 0.01680178 -0.00000001 0.16000000
v 0.01623009 -0.00000001 0.15995731
v 0.01602904 -0.00253879 0.15995731
v 0.01659360 0.00262816 0.16000000
v 0.01602904 0.00253877 0.15995731
v 0.01389080 0.00707776 0.15970351
v 0.01482814 0.00481798 0.15970351
v 0.01261349 0.00916423 0.15970351
v 0.01216998 0.00884205 0.15920422
v 0.01340234 0.00682884 0.15920422
v 0.01430666 0.00464849 0.15920422
v 0.01102378 0.01102377 0.15970351
v 0.00916428 0.01261358 0.15970351
v 0.00884202 0.01216997 0.15920422
v 0.01063614 0.01063613 0.15920422
v 0.00707771 0.01389079 0.15970351
v 0.00481794 0.01482813 0.15970351
v 0.00464852 0.01430665 0.15920422
v 0.00682882 0.01340233 0.15920422
v 0.00243881 0.01539805 0.15970351
v 0.00000000 0.01559118 0.15970351
v 0.00000000 0.01504295 0.15920422
v 0.00235305 0.01485665 0.15920422
v -0.00243881 0.01539805 0.15970351
v -0.00481793 0.01482813 0.15970351
v -0.00464852 0.01430665 0.15920422
v -0.00235305 0.01485665 0.15920422
v -0.00707770 0.01389079 0.15970351
v -0.00916426 0.01261358 0.15970351
v -0.00884201 0.01216997 0.15920422
v -0.00682881 0.01340233 0.15920422
v -0.01102378 0.01102377 0.15970351
v -0.01261349 0.00916423 0.15970351
v -0.01216998 0.00884205 0.15920422
v -0.01063614 0.01063613 0.15920422
v -0.01389080 0.00707776 0.15970351
v -0.01482804 0.00481798 0.15970351
v -0.01430666 0.00464849 0.15920422
v -0.01340234 0.00682884 0.15920422
v -0.01539806 0.00243883 0.15970351
v -0.01559119 -0.00000001 0.15970351
v -0.01504286 -0.00000001 0.15920422
v -0.01485656 0.00235306 0.15920422
v -0.01539806 -0.00243885 0.15970351
v -0.01482804 -0.00481790 0.15970351
v -0.01430666 -0.00464851 0.15920422
v -0.01485656 -0.00235308 0.15920422
v -0.01389080 -0.00707768 0.15970351
v -0.01261349 -0.00916425 0.15970351
v -0.01216998 -0.00884197 0.15920422
v -0.01340234 -0.00682876 0.15920422
v -0.01102378 -0.01102377 0.15970351
v -0.00916426 -0.01261351 0.15970351
v -0.00884200 -0.01216996 0.15920422
v -0.01063614 -0.01063615 0.15920422
v -0.00707770 -0.01389076 0.15970351
v -0.00481793 -0.01482808 0.15970351
v -0.00464852 -0.01430664 0.15920422
v -0.00682881 -0.01340228 0.15920422
v -0.00243881 -0.01539802 0.15970351
v 0.00000000 -0.01559117 0.15970351
v 0.00000000 -0.01504290 0.15920422
v -0.00235305 -0.01485655 0.15920422
v 0.00243881 -0.01539802 0.15970351
v 0.00000000 -0.01559117 0.15970351
v 0.00481793 -0.01482808 0.15970351
v 0.00464852 -0.01430664 0.15920422
v 0.00235305 -0.01485655 0.15920422
v 0.00000000 -0.01504290 0.15920422
v 0.00707770 -0.01389076 0.15970351
v 0.00916426 -0.01261351 0.15970351
v 0.00884200 -0.01216996 0.15920422
v 0.00682881 -0.01340228 0.15920422
v 0.01102378 -0.01102377 0.15970351
v 0.01261349 -0.00916425 0.15970351
v 0.01216998 -0.00884197 0.15920422
v 0.01063614 -0.01063615 0.15920422
v 0.01389080 -0.00707768 0.15970351
v 0.01482814 -0.00481790 0.15970351
v 0.01430666 -0.00464851 0.15920422
v 0.01340234 -0.00682876 0.15920422
v 0.01539806 -0.00243875 0.15970351
v 0.01559119 -0.00000001 0.15970351
v 0.01504296 -0.00000001 0.15920422
v 0.01485656 -0.00235308 0.15920422
v 0.01539806 0.00243883 0.15970351
v 0.01485656 0.00235306 0.15920422
v 0.01313526 0.00669276 0.15842533
v 0.01402160 0.00455588 0.15842533
v 0.01192751 0.00866581 0.15842533
v 0.01182103 0.00858854 0.15709498
v 0.01301803 0.00663307 0.15709498
v 0.01389646 0.00451524 0.15709498
v 0.01042425 0.01042424 0.15842533
v 0.00866584 0.01192750 0.15842533
v 0.00858850 0.01182102 0.15709498
v 0.01033115 0.01033124 0.15709498
v 0.00669277 0.01313535 0.15842533
v 0.00455590 0.01402169 0.15842533
v 0.00451524 0.01389655 0.15709498
v 0.00663303 0.01301812 0.15709498
v 0.00230617 0.01456065 0.15842533
v 0.00000000 0.01474323 0.15842533
v 0.00000000 0.01461164 0.15709498
v 0.00228558 0.01443062 0.15709498
v -0.00230617 0.01456065 0.15842533
v -0.00455590 0.01402169 0.15842533
v -0.00451523 0.01389645 0.15709498
v -0.00228558 0.01443062 0.15709498
v -0.00669276 0.01313535 0.15842533
v -0.00866583 0.01192750 0.15842533
v -0.00858848 0.01182102 0.15709498
v -0.00663302 0.01301812 0.15709498
v -0.01042425 0.01042424 0.15842533
v -0.01192751 0.00866581 0.15842533
v -0.01182103 0.00858854 0.15709498
v -0.01033115 0.01033114 0.15709498
v -0.01313526 0.00669276 0.15842533
v -0.01402160 0.00455588 0.15842533
v -0.01389646 0.00451524 0.15709498
v -0.01301803 0.00663307 0.15709498
v -0.01456056 0.00230617 0.15842533
v -0.01474314 -0.00000001 0.15842533
v -0.01461156 -0.00000001 0.15709498
v -0.01443063 0.00228556 0.15709498
v -0.01456056 -0.00230619 0.15842533
v -0.01402160 -0.00455590 0.15842533
v -0.01389646 -0.00451526 0.15709498
v -0.01443063 -0.00228558 0.15709498
v -0.01313526 -0.00669278 0.15842533
v -0.01192751 -0.00866583 0.15842533
v -0.01182103 -0.00858846 0.15709498
v -0.01301803 -0.00663299 0.15709498
v -0.01042425 -0.01042416 0.15842533
v -0.00866583 -0.01192747 0.15842533
v -0.00858848 -0.01182102 0.15709498
v -0.01033115 -0.01033116 0.15709498
v -0.00669276 -0.01313525 0.15842533
v -0.00455590 -0.01402158 0.15842533
v -0.00451523 -0.01389644 0.15709498
v -0.00663302 -0.01301802 0.15709498
v -0.00230617 -0.01456054 0.15842533
v 0.00000000 -0.01474317 0.15842533
v 0.00000000 -0.01461158 0.15709498
v -0.00228558 -0.01443058 0.15709498
v 0.00230617 -0.01456054 0.15842533
v 0.00000000 -0.01474317 0.15842533
v 0.00455590 -0.01402158 0.15842533
v 0.00451523 -0.01389644 0.15709498
v 0.00228558 -0.01443058 0.15709498
v 0.00000000 -0.01461158 0.15709498
v 0.00669276 -0.01313525 0.15842533
v 0.00866583 -0.01192747 0.15842533
v 0.00858848 -0.01182102 0.15709498
v 0.00663302 -0.01301802 0.15709498
v 0.01042425 -0.01042416 0.15842533
v 0.01192751 -0.00866583 0.15842533
v 0.01182103 -0.00858846 0.15709498
v 0.01033115 -0.01033116 0.15709498
v 0.01313526 -0.00669278 0.15842533
v 0.01402160 -0.00455590 0.15842533
v 0.01389646 -0.00451526 0.15709498
v 0.01301803 -0.00663299 0.15709498
v 0.01456056 -0.00230619 0.15842533
v 0.01474324 -0.00000001 0.15842533
v 0.01461165 -0.00000001 0.15709498
v 0.01443063 -0.00228558 0.15709498
v 0.01456056 0.00230617 0.15842533
v 0.01443063 0.00228556 0.15709498
v 0.02288193 0.00743482 0.00793226
v 0.02143552 0.01092198 0.00793226
v 0.02149687 0.01095323 0.01299390
v 0.02294748 0.00745611 0.01299390
v 0.01946452 0.01414185 0.00793226
v 0.01952030 0.01418229 0.01299390
v 0.01952030 0.01418229 0.02881007
v 0.02149687 0.01095323 0.02881007
v 0.02294748 0.00745611 0.02881007
v 0.01701132 0.01701141 0.00793226
v 0.01706007 0.01706006 0.01299390
v 0.01414186 0.01946461 0.00793226
v 0.01418230 0.01952030 0.01299390
v 0.01418230 0.01952030 0.02881007
v 0.01706007 0.01706006 0.02881007
v 0.01092198 0.02143551 0.00793226
v 0.01095324 0.02149687 0.01299390
v 0.00743480 0.02288192 0.00793226
v 0.00745607 0.02294747 0.01299390
v 0.00745607 0.02294747 0.02881007
v 0.01095324 0.02149687 0.02881007
v 0.00376345 0.02376143 0.00793226
v 0.00377422 0.02382952 0.01299390
v 0.00000000 0.02405948 0.00793226
v 0.00000000 0.02412835 0.01299390
v 0.00000000 0.02412835 0.02881007
v 0.00377422 0.02382952 0.02881007
v -0.00376345 0.02376143 0.00793226
v -0.00377421 0.02382952 0.01299390
v -0.00743479 0.02288192 0.00793226
v -0.00745606 0.02294747 0.01299390
v -0.00745606 0.02294747 0.02881007
v -0.00377421 0.02382952 0.02881007
v -0.01092198 0.02143551 0.00793226
v -0.01095324 0.02149687 0.01299390
v -0.01414176 0.01946461 0.00793226
v -0.01418230 0.01952030 0.01299390
v -0.01418230 0.01952030 0.02881007
v -0.01095324 0.02149687 0.02881007
v -0.01701132 0.01701141 0.00793226
v -0.01705997 0.01706006 0.01299390
v -0.01946452 0.01414185 0.00793226
v -0.01952021 0.01418229 0.01299390
v -0.01952021 0.01418229 0.02881007
v -0.01705997 0.01706006 0.02881007
v -0.02143552 0.01092198 0.00793226
v -0.02149687 0.01095323 0.01299390
v -0.02288193 0.00743482 0.00793226
v -0.02294738 0.00745611 0.01299390
v -0.02294738 0.00745611 0.02881007
v -0.02149687 0.01095323 0.02881007
v -0.02376144 0.00376342 0.00793226
v -0.02382943 0.00377426 0.01299390
v -0.02405949 -0.00000001 0.00793226
v -0.02412836 -0.00000001 0.01299390
v -0.02412836 -0.00000001 0.02881007
v -0.02382943 0.00377426 0.02881007
v -0.02376144 -0.00376343 0.00793226
v -0.02382943 -0.00377418 0.01299390
v -0.02288193 -0.00743474 0.00793226
v -0.02294738 -0.00745603 0.01299390
v -0.02294738 -0.00745603 0.02881007
v -0.02382943 -0.00377418 0.02881007
v -0.02143552 -0.01092193 0.00793226
v -0.02149687 -0.01095320 0.01299390
v -0.01946452 -0.01414180 0.00793226
v -0.01952021 -0.01418228 0.01299390
v -0.01952021 -0.01418228 0.02881007
v -0.02149687 -0.01095320 0.02881007
v -0.01701132 -0.01701131 0.00793226
v -0.01705997 -0.01706000 0.01299390
v -0.01414176 -0.01946452 0.00793226
v -0.01418230 -0.01952023 0.01299390
v -0.01418230 -0.01952023 0.02881007
v -0.01705997 -0.01706000 0.02881007
v -0.01092189 -0.02143551 0.00793226
v -0.01095324 -0.02149686 0.01299390
v -0.00743479 -0.02288193 0.00793226
v -0.00745606 -0.02294742 0.01299390
v -0.00745606 -0.02294742 0.02881007
v -0.01095324 -0.02149686 0.02881007
v -0.00376345 -0.02376144 0.00793226
v -0.00377421 -0.02382946 0.01299390
v 0.00000000 -0.02405948 0.00793226
v 0.00000000 -0.02412835 0.01299390
v 0.00000000 -0.02412835 0.02881007
v -0.00377421 -0.02382946 0.02881007
v 0.00376345 -0.02376144 0.00793226
v 0.00377422 -0.02382946 0.01299390
v 0.00743480 -0.02288193 0.00793226
v 0.00745607 -0.02294742 0.01299390
v 0.00745607 -0.02294743 0.02881007
v 0.00377422 -0.02382946 0.02881007
v 0.01092198 -0.02143551 0.00793226
v 0.01095324 -0.02149686 0.01299390
v 0.01414186 -0.01946452 0.00793226
v 0.01418230 -0.01952023 0.01299390
v 0.01418230 -0.01952023 0.02881007
v 0.01095324 -0.02149686 0.02881007
v 0.01701132 -0.01701131 0.00793226
v 0.01705997 -0.01706000 0.01299390
v 0.01946452 -0.01414180 0.00793226
v 0.01952021 -0.01418228 0.01299390
v 0.01952021 -0.01418228 0.02881007
v 0.01705997 -0.01706000 0.02881007
v 0.02143552 -0.01092193 0.00793226
v 0.02149687 -0.01095320 0.01299390
v 0.02288193 -0.00743474 0.00793226
v 0.02294738 -0.00745603 0.01299390
v 0.02294738 -0.00745603 0.02881007
v 0.02149687 -0.01095320 0.02881007
v 0.02376144 -0.00376343 0.00793226
v 0.02382943 -0.00377418 0.01299390
v 0.02405949 -0.00000001 0.00793226
v 0.02412836 -0.00000001 0.01299390
v 0.02412836 -0.00000001 0.02881007
v 0.02382943 -0.00377418 0.02881007
v 0.02405949 -0.00000001 0.00793226
v 0.02376144 0.00376342 0.00793226
v 0.02382943 0.00377426 0.01299390
v 0.02412836 -0.00000001 0.01299390
v 0.02382943 0.00377426 0.02881007
v 0.02412836 -0.00000001 0.02881007
v 0.00370309 0.00269048 0.00091370
v 0.00416067 0.00211997 0.00091370
v 0.00261099 0.00133034 0.00088811
v 0.00207088 0.00150462 0.00088811
v 0.00435324 0.00141445 0.00091370
v 0.00243446 0.00079099 0.00088811
v 0.00000000 -0.00000001 0.00088811
v 0.00269045 0.00370314 0.00091370
v 0.00330193 0.00330193 0.00091370
v 0.00207210 0.00207210 0.00088811
v 0.00150459 0.00207093 0.00088811
v 0.00141446 0.00435327 0.00091370
v 0.00211997 0.00416072 0.00091370
v 0.00133037 0.00261096 0.00088811
v 0.00079101 0.00243444 0.00088811
v 0.00000000 0.00457727 0.00091370
v 0.00073050 0.00461215 0.00091370
v 0.00045842 0.00289436 0.00088811
v 0.00000000 0.00255977 0.00088811
v -0.00141446 0.00435327 0.00091370
v -0.00073049 0.00461215 0.00091370
v -0.00045841 0.00289436 0.00088811
v -0.00079101 0.00243444 0.00088811
v -0.00269045 0.00370314 0.00091370
v -0.00211997 0.00416072 0.00091370
v -0.00133037 0.00261096 0.00088811
v -0.00150458 0.00207093 0.00088811
v -0.00370309 0.00269048 0.00091370
v -0.00330193 0.00330193 0.00091370
v -0.00207209 0.00207210 0.00088811
v -0.00207088 0.00150462 0.00088811
v -0.00435324 0.00141445 0.00091370
v -0.00416066 0.00211997 0.00091370
v -0.00261099 0.00133034 0.00088811
v -0.00243446 0.00079099 0.00088811
v -0.00457727 -0.00000001 0.00091370
v -0.00461214 0.00073052 0.00091370
v -0.00289430 0.00045845 0.00088811
v -0.00255974 -0.00000001 0.00088811
v -0.00435324 -0.00141447 0.00091370
v -0.00461214 -0.00073044 0.00091370
v -0.00289430 -0.00045837 0.00088811
v -0.00243446 -0.00079101 0.00088811
v -0.00370309 -0.00269040 0.00091370
v -0.00416067 -0.00211999 0.00091370
v -0.00261099 -0.00133036 0.00088811
v -0.00207088 -0.00150454 0.00088811
v -0.00269045 -0.00370306 0.00091370
v -0.00330193 -0.00330195 0.00091370
v -0.00207209 -0.00207212 0.00088811
v -0.00150458 -0.00207085 0.00088811
v -0.00141445 -0.00435319 0.00091370
v -0.00211996 -0.00416064 0.00091370
v -0.00133037 -0.00261098 0.00088811
v -0.00079100 -0.00243445 0.00088811
v 0.00000000 -0.00457729 0.00091370
v -0.00073049 -0.00461217 0.00091370
v -0.00045841 -0.00289428 0.00088811
v 0.00000000 -0.00255969 0.00088811
v 0.00141446 -0.00435319 0.00091370
v 0.00073049 -0.00461217 0.00091370
v 0.00045842 -0.00289428 0.00088811
v 0.00079101 -0.00243445 0.00088811
v 0.00269045 -0.00370306 0.00091370
v 0.00211997 -0.00416064 0.00091370
v 0.00133037 -0.00261098 0.00088811
v 0.00150458 -0.00207085 0.00088811
v 0.00370309 -0.00269040 0.00091370
v 0.00330193 -0.00330195 0.00091370
v 0.00207210 -0.00207212 0.00088811
v 0.00207088 -0.00150454 0.00088811
v 0.00435324 -0.00141447 0.00091370
v 0.00416066 -0.00211999 0.00091370
v 0.00261099 -0.00133036 0.00088811
v 0.00243446 -0.00079101 0.00088811
v 0.00457727 -0.00000001 0.00091370
v 0.00461213 -0.00073044 0.00091370
v 0.00289430 -0.00045837 0.00088811
v 0.00255974 -0.00000001 0.00088811
v 0.00461214 0.00073052 0.00091370
v 0.00289431 0.00045845 0.00088811
v 0.00903158 0.00293451 0.00109208
v 0.00661698 0.00214996 0.00099048
v 0.00619871 0.00315842 0.00099048
v 0.00846067 0.00431097 0.00109208
v 0.00562875 0.00408951 0.00099048
v 0.00768272 0.00558182 0.00109208
v 0.02083873 0.00677091 0.00168653
v 0.01981474 0.00643818 0.00080478
v 0.01856225 0.00945799 0.00080478
v 0.01952148 0.00994673 0.00168653
v 0.01863210 0.00605396 0.00021140
v 0.01745435 0.00889343 0.00021140
v 0.01584939 0.01151525 0.00021140
v 0.01685541 0.01224627 0.00080478
v 0.01772641 0.01287910 0.00168653
v 0.02268547 0.00737093 0.00532179
v 0.02125148 0.01082819 0.00532179
v 0.02230243 0.00724647 0.00398977
v 0.02089266 0.01064541 0.00398977
v 0.01897158 0.01378372 0.00398977
v 0.01929737 0.01402042 0.00532179
v 0.02167741 0.00704337 0.00276308
v 0.02030710 0.01034697 0.00276308
v 0.02083873 0.00677091 0.00168653
v 0.01952148 0.00994673 0.00168653
v 0.01772641 0.01287910 0.00168653
v 0.01843995 0.01339745 0.00276308
v 0.00491933 0.00491939 0.00099048
v 0.00671443 0.00671445 0.00109208
v 0.00408953 0.00562872 0.00099048
v 0.00558183 0.00768276 0.00109208
v 0.01473103 0.01473112 0.00080478
v 0.01549233 0.01549232 0.00168653
v 0.01385182 0.01385181 0.00021140
v 0.01151526 0.01584938 0.00021140
v 0.01224618 0.01685550 0.00080478
v 0.01287902 0.01772650 0.00168653
v 0.01686527 0.01686526 0.00532179
v 0.01658051 0.01658060 0.00398977
v 0.01378363 0.01897166 0.00398977
v 0.01402043 0.01929746 0.00532179
v 0.01611579 0.01611588 0.00276308
v 0.01549233 0.01549232 0.00168653
v 0.01287902 0.01772650 0.00168653
v 0.01339736 0.01843994 0.00276308
v 0.00315841 0.00619874 0.00099048
v 0.00431093 0.00846066 0.00109208
v 0.00214999 0.00661695 0.00099048
v 0.00293454 0.00903157 0.00109208
v 0.00945793 0.01856224 0.00080478
v 0.00994664 0.01952147 0.00168653
v 0.00889342 0.01745434 0.00021140
v 0.00605393 0.01863209 0.00021140
v 0.00643821 0.01981473 0.00080478
v 0.00677090 0.02083872 0.00168653
v 0.01082820 0.02125147 0.00532179
v 0.01064532 0.02089265 0.00398977
v 0.00724651 0.02230242 0.00398977
v 0.00737096 0.02268546 0.00532179
v 0.01034698 0.02030719 0.00276308
v 0.00994664 0.01952147 0.00168653
v 0.00677090 0.02083872 0.00168653
v 0.00704342 0.02167740 0.00276308
v 0.00108831 0.00687134 0.00099048
v 0.00148545 0.00937876 0.00109208
v 0.00000000 0.00695750 0.00099048
v 0.00000000 0.00949638 0.00109208
v 0.00325898 0.02057633 0.00080478
v 0.00342739 0.02163969 0.00168653
v 0.00306447 0.01934826 0.00021140
v 0.00000000 0.01959093 0.00021140
v 0.00000000 0.02083443 0.00080478
v 0.00000000 0.02191107 0.00168653
v 0.00373113 0.02355745 0.00532179
v 0.00366814 0.02315965 0.00398977
v 0.00000000 0.02345018 0.00398977
v 0.00000000 0.02385286 0.00532179
v 0.00356534 0.02251060 0.00276308
v 0.00342739 0.02163969 0.00168653
v 0.00000000 0.02191107 0.00168653
v 0.00000000 0.02279292 0.00276308
v -0.00108831 0.00687134 0.00099048
v -0.00148544 0.00937876 0.00109208
v -0.00214999 0.00661695 0.00099048
v -0.00293454 0.00903157 0.00109208
v -0.00325897 0.02057633 0.00080478
v -0.00342738 0.02163969 0.00168653
v -0.00306446 0.01934826 0.00021140
v -0.00605392 0.01863209 0.00021140
v -0.00643820 0.01981473 0.00080478
v -0.00677089 0.02083872 0.00168653
v -0.00373113 0.02355745 0.00532179
v -0.00366813 0.02315965 0.00398977
v -0.00724650 0.02230242 0.00398977
v -0.00737095 0.02268546 0.00532179
v -0.00356533 0.02251060 0.00276308
v -0.00342738 0.02163969 0.00168653
v -0.00677089 0.02083872 0.00168653
v -0.00704341 0.02167740 0.00276308
v -0.00315840 0.00619874 0.00099048
v -0.00431092 0.00846066 0.00109208
v -0.00408952 0.00562872 0.00099048
v -0.00558182 0.00768276 0.00109208
v -0.00945791 0.01856224 0.00080478
v -0.00994664 0.01952147 0.00168653
v -0.00889340 0.01745434 0.00021140
v -0.01151526 0.01584938 0.00021140
v -0.01224618 0.01685550 0.00080478
v -0.01287902 0.01772650 0.00168653
v -0.01082810 0.02125147 0.00532179
v -0.01064532 0.02089265 0.00398977
v -0.01378363 0.01897166 0.00398977
v -0.01402033 0.01929746 0.00532179
v -0.01034698 0.02030719 0.00276308
v -0.00994664 0.01952147 0.00168653
v -0.01287902 0.01772650 0.00168653
v -0.01339736 0.01843994 0.00276308
v -0.00491932 0.00491939 0.00099048
v -0.00671442 0.00671445 0.00109208
v -0.00562874 0.00408951 0.00099048
v -0.00768271 0.00558182 0.00109208
v -0.01473103 0.01473112 0.00080478
v -0.01549223 0.01549232 0.00168653
v -0.01385182 0.01385181 0.00021140
v -0.01584939 0.01151525 0.00021140
v -0.01685541 0.01224627 0.00080478
v -0.01772641 0.01287901 0.00168653
v -0.01686527 0.01686526 0.00532179
v -0.01658051 0.01658060 0.00398977
v -0.01897158 0.01378372 0.00398977
v -0.01929737 0.01402042 0.00532179
v -0.01611579 0.01611588 0.00276308
v -0.01549223 0.01549232 0.00168653
v -0.01772641 0.01287901 0.00168653
v -0.01843985 0.01339745 0.00276308
v -0.00619870 0.00315842 0.00099048
v -0.00846066 0.00431097 0.00109208
v -0.00661698 0.00214996 0.00099048
v -0.00903157 0.00293451 0.00109208
v -0.01856216 0.00945799 0.00080478
v -0.01952138 0.00994673 0.00168653
v -0.01745425 0.00889343 0.00021140
v -0.01863210 0.00605396 0.00021140
v -0.01981474 0.00643818 0.00080478
v -0.02083864 0.00677091 0.00168653
v -0.02125148 0.01082819 0.00532179
v -0.02089266 0.01064541 0.00398977
v -0.02230243 0.00724647 0.00398977
v -0.02268547 0.00737093 0.00532179
v -0.02030710 0.01034697 0.00276308
v -0.01952138 0.00994673 0.00168653
v -0.02083864 0.00677091 0.00168653
v -0.02167741 0.00704337 0.00276308
v -0.00687132 0.00108836 0.00099048
v -0.00937872 0.00148547 0.00109208
v -0.00695750 -0.00000001 0.00099048
v -0.00949635 -0.00000001 0.00109208
v -0.02057634 0.00325894 0.00080478
v -0.02163970 0.00342736 0.00168653
v -0.01934827 0.00306444 0.00021140
v -0.01959093 -0.00000001 0.00021140
v -0.02083443 -0.00000001 0.00080478
v -0.02191108 -0.00000001 0.00168653
v -0.02355736 0.00373118 0.00532179
v -0.02315966 0.00366817 0.00398977
v -0.02345019 -0.00000001 0.00398977
v -0.02385287 -0.00000001 0.00532179
v -0.02251061 0.00356530 0.00276308
v -0.02163970 0.00342736 0.00168653
v -0.02191108 -0.00000001 0.00168653
v -0.02279293 -0.00000001 0.00276308
v -0.00687132 -0.00108828 0.00099048
v -0.00937872 -0.00148539 0.00109208
v -0.00661698 -0.00214998 0.00099048
v -0.00903157 -0.00293453 0.00109208
v -0.02057634 -0.00325896 0.00080478
v -0.02163970 -0.00342738 0.00168653
v -0.01934827 -0.00306446 0.00021140
v -0.01863210 -0.00605388 0.00021140
v -0.01981474 -0.00643820 0.00080478
v -0.02083864 -0.00677093 0.00168653
v -0.02355736 -0.00373110 0.00532179
v -0.02315966 -0.00366809 0.00398977
v -0.02230243 -0.00724649 0.00398977
v -0.02268547 -0.00737095 0.00532179
v -0.02251061 -0.00356532 0.00276308
v -0.02163970 -0.00342738 0.00168653
v -0.02083864 -0.00677093 0.00168653
v -0.02167741 -0.00704339 0.00276308
v -0.00619870 -0.00315844 0.00099048
v -0.00846066 -0.00431089 0.00109208
v -0.00562874 -0.00408953 0.00099048
v -0.00768271 -0.00558184 0.00109208
v -0.01856216 -0.00945791 0.00080478
v -0.01952138 -0.00994665 0.00168653
v -0.01745425 -0.00889335 0.00021140
v -0.01584939 -0.01151524 0.00021140
v -0.01685541 -0.01224617 0.00080478
v -0.01772641 -0.01287901 0.00168653
v -0.02125148 -0.01082814 0.00532179
v -0.02089266 -0.01064533 0.00398977
v -0.01897158 -0.01378365 0.00398977
v -0.01929737 -0.01402036 0.00532179
v -0.02030710 -0.01034699 0.00276308
v -0.01952138 -0.00994665 0.00168653
v -0.01772641 -0.01287901 0.00168653
v -0.01843985 -0.01339735 0.00276308
v -0.00491932 -0.00491931 0.00099048
v -0.00671442 -0.00671437 0.00109208
v -0.00408952 -0.00562874 0.00099048
v -0.00558182 -0.00768268 0.00109208
v -0.01473103 -0.01473103 0.00080478
v -0.01549223 -0.01549227 0.00168653
v -0.01385182 -0.01385180 0.00021140
v -0.01151526 -0.01584937 0.00021140
v -0.01224618 -0.01685541 0.00080478
v -0.01287902 -0.01772643 0.00168653
v -0.01686527 -0.01686523 0.00532179
v -0.01658051 -0.01658049 0.00398977
v -0.01378363 -0.01897158 0.00398977
v -0.01402033 -0.01929738 0.00532179
v -0.01611579 -0.01611580 0.00276308
v -0.01549223 -0.01549227 0.00168653
v -0.01287902 -0.01772643 0.00168653
v -0.01339736 -0.01843987 0.00276308
v -0.00315840 -0.00619866 0.00099048
v -0.00431092 -0.00846068 0.00109208
v -0.00214998 -0.00661697 0.00099048
v -0.00293453 -0.00903159 0.00109208
v -0.00945790 -0.01856219 0.00080478
v -0.00994664 -0.01952142 0.00168653
v -0.00889339 -0.01745429 0.00021140
v -0.00605391 -0.01863206 0.00021140
v -0.00643819 -0.01981472 0.00080478
v -0.00677089 -0.02083868 0.00168653
v -0.01082810 -0.02125144 0.00532179
v -0.01064532 -0.02089265 0.00398977
v -0.00724650 -0.02230244 0.00398977
v -0.00737095 -0.02268544 0.00532179
v -0.01034698 -0.02030710 0.00276308
v -0.00994664 -0.01952142 0.00168653
v -0.00677089 -0.02083868 0.00168653
v -0.00704340 -0.02167739 0.00276308
v -0.00108831 -0.00687126 0.00099048
v -0.00148544 -0.00937868 0.00109208
v 0.00000000 -0.00695752 0.00099048
v 0.00000000 -0.00949630 0.00109208
v -0.00325897 -0.02057634 0.00080478
v -0.00342738 -0.02163966 0.00168653
v -0.00306445 -0.01934822 0.00021140
v 0.00000000 -0.01959091 0.00021140
v 0.00000000 -0.02083443 0.00080478
v 0.00000000 -0.02191108 0.00168653
v -0.00373112 -0.02355741 0.00532179
v -0.00366813 -0.02315968 0.00398977
v 0.00000000 -0.02345016 0.00398977
v 0.00000000 -0.02385287 0.00532179
v -0.00356533 -0.02251060 0.00276308
v -0.00342738 -0.02163966 0.00168653
v 0.00000000 -0.02191108 0.00168653
v 0.00000000 -0.02279294 0.00276308
v 0.00108831 -0.00687126 0.00099048
v 0.00148544 -0.00937868 0.00109208
v 0.00214999 -0.00661697 0.00099048
v 0.00293454 -0.00903159 0.00109208
v 0.00325897 -0.02057635 0.00080478
v 0.00342739 -0.02163966 0.00168653
v 0.00306446 -0.01934822 0.00021140
v 0.00605392 -0.01863206 0.00021140
v 0.00643820 -0.01981472 0.00080478
v 0.00677090 -0.02083868 0.00168653
v 0.00373113 -0.02355741 0.00532179
v 0.00366814 -0.02315968 0.00398977
v 0.00724650 -0.02230244 0.00398977
v 0.00737095 -0.02268544 0.00532179
v 0.00356533 -0.02251060 0.00276308
v 0.00342739 -0.02163966 0.00168653
v 0.00677090 -0.02083868 0.00168653
v 0.00704341 -0.02167739 0.00276308
v 0.00315840 -0.00619866 0.00099048
v 0.00431092 -0.00846068 0.00109208
v 0.00408952 -0.00562874 0.00099048
v 0.00558182 -0.00768268 0.00109208
v 0.00945791 -0.01856219 0.00080478
v 0.00994664 -0.01952142 0.00168653
v 0.00889340 -0.01745429 0.00021140
v 0.01151526 -0.01584937 0.00021140
v 0.01224618 -0.01685541 0.00080478
v 0.01287902 -0.01772643 0.00168653
v 0.01082820 -0.02125144 0.00532179
v 0.01064532 -0.02089265 0.00398977
v 0.01378363 -0.01897158 0.00398977
v 0.01402033 -0.01929738 0.00532179
v 0.01034698 -0.02030710 0.00276308
v 0.00994664 -0.01952142 0.00168653
v 0.01287902 -0.01772643 0.00168653
v 0.01339736 -0.01843987 0.00276308
v 0.00768272 -0.00558184 0.00109208
v 0.00671443 -0.00671437 0.00109208
v 0.00491932 -0.00491931 0.00099048
v 0.00562874 -0.00408953 0.00099048
v 0.01473103 -0.01473103 0.00080478
v 0.01549233 -0.01549227 0.00168653
v 0.01385182 -0.01385180 0.00021140
v 0.01584939 -0.01151524 0.00021140
v 0.01685541 -0.01224617 0.00080478
v 0.01772641 -0.01287901 0.00168653
v 0.01686527 -0.01686523 0.00532179
v 0.01658051 -0.01658049 0.00398977
v 0.01897158 -0.01378366 0.00398977
v 0.01929737 -0.01402036 0.00532179
v 0.01611579 -0.01611580 0.00276308
v 0.01549233 -0.01549227 0.00168653
v 0.01772641 -0.01287901 0.00168653
v 0.01843985 -0.01339735 0.00276308
v 0.00619870 -0.00315844 0.00099048
v 0.00846066 -0.00431089 0.00109208
v 0.00661697 -0.00214998 0.00099048
v 0.00903157 -0.00293453 0.00109208
v 0.01856225 -0.00945791 0.00080478
v 0.01952148 -0.00994665 0.00168653
v 0.01745425 -0.00889335 0.00021140
v 0.01863210 -0.00605388 0.00021140
v 0.01981474 -0.00643820 0.00080478
v 0.02083873 -0.00677093 0.00168653
v 0.02125148 -0.01082814 0.00532179
v 0.02089266 -0.01064533 0.00398977
v 0.02230243 -0.00724649 0.00398977
v 0.02268547 -0.00737095 0.00532179
v 0.02030710 -0.01034699 0.00276308
v 0.01952148 -0.00994665 0.00168653
v 0.02083873 -0.00677093 0.00168653
v 0.02167741 -0.00704339 0.00276308
v 0.00687132 -0.00108828 0.00099048
v 0.00937872 -0.00148539 0.00109208
v 0.00695750 -0.00000001 0.00099048
v 0.00949636 -0.00000001 0.00109208
v 0.02057634 -0.00325896 0.00080478
v 0.02163970 -0.00342738 0.00168653
v 0.01934827 -0.00306446 0.00021140
v 0.01959093 -0.00000001 0.00021140
v 0.02083443 -0.00000001 0.00080478
v 0.02191108 -0.00000001 0.00168653
v 0.02355736 -0.00373110 0.00532179
v 0.02315966 -0.00366809 0.00398977
v 0.02345019 -0.00000001 0.00398977
v 0.02385287 -0.00000001 0.00532179
v 0.02251061 -0.00356532 0.00276308
v 0.02163970 -0.00342738 0.00168653
v 0.02191108 -0.00000001 0.00168653
v 0.02279293 -0.00000001 0.00276308
v 0.00687132 0.00108836 0.00099048
v 0.00937872 0.00148547 0.00109208
v 0.02057634 0.00325894 0.00080478
v 0.01934827 0.00306444 0.00021140
v 0.02163970 0.00342736 0.00168653
v 0.02251061 0.00356530 0.00276308
v 0.02163970 0.00342736 0.00168653
v 0.02315966 0.00366817 0.00398977
v 0.02345019 -0.00000001 0.00398977
v 0.02279293 -0.00000001 0.00276308
v 0.02191108 -0.00000001 0.00168653
v 0.02355746 0.00373118 0.00532179
v 0.02385287 -0.00000001 0.00532179
v 0.01706007 0.01706006 0.06368419
v 0.01952030 0.01418229 0.06368419
v 0.01418230 0.01952030 0.06368419
v 0.01418230 0.01952030 0.09890359
v 0.01706007 0.01706006 0.09890360
v 0.01952030 0.01418229 0.09890359
v 0.02149687 0.01095323 0.06368419
v 0.02294748 0.00745611 0.06368419
v 0.02149687 0.01095323 0.09890360
v 0.02294748 0.00745611 0.09890359
v 0.02382943 0.00377426 0.06368419
v 0.02412836 -0.00000001 0.06368419
v 0.02382943 0.00377426 0.09890360
v 0.02412836 -0.00000001 0.09890359
v 0.02382943 -0.00377418 0.06368419
v 0.02294738 -0.00745603 0.06368419
v 0.02412836 -0.00000001 0.06368419
v 0.02412836 -0.00000001 0.09890359
v 0.02382943 -0.00377418 0.09890360
v 0.02294738 -0.00745603 0.09890359
v 0.02149687 -0.01095320 0.06368419
v 0.01952021 -0.01418228 0.06368419
v 0.02149687 -0.01095320 0.09890360
v 0.01952021 -0.01418228 0.09890359
v 0.01705997 -0.01706000 0.06368419
v 0.01418230 -0.01952023 0.06368419
v 0.01705997 -0.01706000 0.09890360
v 0.01418230 -0.01952023 0.09890359
v 0.01095324 -0.02149686 0.06368419
v 0.00745607 -0.02294742 0.06368419
v 0.01095324 -0.02149686 0.09890360
v 0.00745607 -0.02294743 0.09890359
v 0.00377422 -0.02382946 0.06368419
v 0.00000000 -0.02412835 0.06368419
v 0.00377422 -0.02382946 0.09890360
v 0.00000000 -0.02412835 0.09890359
v -0.00377421 -0.02382946 0.06368419
v -0.00745606 -0.02294742 0.06368419
v -0.00377421 -0.02382946 0.09890360
v -0.00745606 -0.02294742 0.09890359
v -0.01095324 -0.02149686 0.06368419
v -0.01418230 -0.01952023 0.06368419
v -0.01095324 -0.02149686 0.09890360
v -0.01418230 -0.01952023 0.09890359
v -0.01705997 -0.01706000 0.06368419
v -0.01952021 -0.01418228 0.06368419
v -0.01705997 -0.01706000 0.09890360
v -0.01952021 -0.01418228 0.09890359
v -0.02149687 -0.01095320 0.06368419
v -0.02294738 -0.00745603 0.06368419
v -0.02149687 -0.01095320 0.09890360
v -0.02294738 -0.00745603 0.09890359
v -0.02382943 -0.00377418 0.06368419
v -0.02412836 -0.00000001 0.06368419
v -0.02382943 -0.00377418 0.09890360
v -0.02412836 -0.00000001 0.09890359
v -0.02382943 0.00377426 0.06368419
v -0.02294738 0.00745611 0.06368419
v -0.02382943 0.00377426 0.09890360
v -0.02294738 0.00745611 0.09890359
v -0.02149687 0.01095323 0.06368419
v -0.01952021 0.01418229 0.06368419
v -0.02149687 0.01095323 0.09890360
v -0.01952021 0.01418229 0.09890359
v -0.01705997 0.01706006 0.06368419
v -0.01418230 0.01952030 0.06368419
v -0.01705997 0.01706006 0.09890360
v -0.01418230 0.01952030 0.09890359
v -0.01095324 0.02149687 0.06368419
v -0.00745606 0.02294747 0.06368419
v -0.01095324 0.02149687 0.09890360
v -0.00745606 0.02294747 0.09890359
v -0.00377421 0.02382952 0.06368419
v 0.00000000 0.02412835 0.06368419
v -0.00377421 0.02382952 0.09890360
v 0.00000000 0.02412835 0.09890359
v 0.00377422 0.02382952 0.06368419
v 0.00745607 0.02294747 0.06368419
v 0.00377422 0.02382952 0.09890360
v 0.00745607 0.02294747 0.09890359
v 0.01095324 0.02149687 0.06368419
v 0.01095324 0.02149687 0.09890360
v 0.01706007 0.01706006 0.11575601
v 0.01952030 0.01418229 0.11575601
v 0.01418230 0.01952030 0.11575601
v 0.02149687 0.01095323 0.11575601
v 0.02294748 0.00745611 0.11575601
v 0.02382943 0.00377426 0.11575601
v 0.02412836 -0.00000001 0.11575601
v 0.02382943 -0.00377418 0.11575601
v 0.02294738 -0.00745603 0.11575601
v 0.02412836 -0.00000001 0.11575601
v 0.02149687 -0.01095320 0.11575601
v 0.01952021 -0.01418228 0.11575601
v 0.01705997 -0.01706000 0.11575601
v 0.01418230 -0.01952023 0.11575601
v 0.01095324 -0.02149686 0.11575601
v 0.00745607 -0.02294742 0.11575601
v 0.00377422 -0.02382946 0.11575601
v 0.00000000 -0.02412835 0.11575601
v -0.00377421 -0.02382946 0.11575601
v -0.00745606 -0.02294742 0.11575601
v -0.01095324 -0.02149686 0.11575601
v -0.01418230 -0.01952023 0.11575601
v -0.01705997 -0.01706000 0.11575601
v -0.01952021 -0.01418228 0.11575601
v -0.02149687 -0.01095320 0.11575601
v -0.02294738 -0.00745603 0.11575601
v -0.02382943 -0.00377418 0.11575601
v -0.02412836 -0.00000001 0.11575601
v -0.02382943 0.00377426 0.11575601
v -0.02294738 0.00745611 0.11575601
v -0.02149687 0.01095323 0.11575601
v -0.01952021 0.01418229 0.11575601
v -0.01705997 0.01706006 0.11575601
v -0.01418230 0.01952030 0.11575601
v -0.01095324 0.02149687 0.11575601
v -0.00745606 0.02294747 0.11575601
v -0.00377421 0.02382952 0.11575601
v 0.00000000 0.02412835 0.11575601
v 0.00377422 0.02382952 0.11575601
v 0.00745607 0.02294747 0.11575601
v 0.01095324 0.02149687 0.11575601
v 0.00700966 0.01375724 0.15825281
v 0.00907615 0.01249225 0.15825281
v 0.00477161 0.01468560 0.15825281
v 0.00479162 0.01474714 0.15817065
v 0.00703903 0.01381488 0.15817065
v 0.00911420 0.01254461 0.15817065
v 0.01091778 0.01091777 0.15825281
v 0.01249226 0.00907611 0.15825281
v 0.01096360 0.01096359 0.15817065
v 0.01254462 0.00911421 0.15817065
v 0.01375725 0.00700967 0.15825281
v 0.01468551 0.00477158 0.15825281
v 0.01381489 0.00703907 0.15817065
v 0.01474705 0.00479161 0.15817065
v 0.01524996 0.00241539 0.15825281
v 0.01544124 -0.00000001 0.15825281
v 0.01531395 0.00242545 0.15817065
v 0.01550601 -0.00000001 0.15817065
v 0.01524996 -0.00241531 0.15825281
v 0.01468551 -0.00477160 0.15825281
v 0.01544124 -0.00000001 0.15825281
v 0.01550601 -0.00000001 0.15817065
v 0.01531385 -0.00242547 0.15817065
v 0.01474705 -0.00479163 0.15817065
v 0.01375716 -0.00700959 0.15825281
v 0.01249226 -0.00907613 0.15825281
v 0.01381489 -0.00703900 0.15817065
v 0.01254462 -0.00911413 0.15817065
v 0.01091778 -0.01091776 0.15825281
v 0.00907614 -0.01249222 0.15825281
v 0.01096350 -0.01096353 0.15817065
v 0.00911418 -0.01254458 0.15817065
v 0.00700965 -0.01375718 0.15825281
v 0.00477161 -0.01468549 0.15825281
v 0.00703902 -0.01381485 0.15817065
v 0.00479161 -0.01474704 0.15817065
v 0.00241536 -0.01524996 0.15825281
v 0.00000000 -0.01544124 0.15825281
v 0.00242549 -0.01531388 0.15817065
v 0.00000000 -0.01550596 0.15817065
v -0.00241536 -0.01524996 0.15825281
v -0.00477161 -0.01468549 0.15825281
v -0.00242549 -0.01531388 0.15817065
v -0.00479162 -0.01474704 0.15817065
v -0.00700965 -0.01375718 0.15825281
v -0.00907613 -0.01249222 0.15825281
v -0.00703902 -0.01381485 0.15817065
v -0.00911418 -0.01254458 0.15817065
v -0.01091778 -0.01091776 0.15825281
v -0.01249226 -0.00907613 0.15825281
v -0.01096350 -0.01096353 0.15817065
v -0.01254462 -0.00911413 0.15817065
v -0.01375716 -0.00700959 0.15825281
v -0.01468551 -0.00477160 0.15825281
v -0.01381489 -0.00703900 0.15817065
v -0.01474705 -0.00479163 0.15817065
v -0.01524996 -0.00241531 0.15825281
v -0.01544124 -0.00000001 0.15825281
v -0.01531385 -0.00242547 0.15817065
v -0.01550601 -0.00000001 0.15817065
v -0.01524996 0.00241539 0.15825281
v -0.01468551 0.00477158 0.15825281
v -0.01531385 0.00242545 0.15817065
v -0.01474705 0.00479161 0.15817065
v -0.01375716 0.00700967 0.15825281
v -0.01249226 0.00907611 0.15825281
v -0.01381489 0.00703907 0.15817065
v -0.01254462 0.00911421 0.15817065
v -0.01091778 0.01091777 0.15825281
v -0.00907614 0.01249225 0.15825281
v -0.01096350 0.01096359 0.15817065
v -0.00911418 0.01254461 0.15817065
v -0.00700965 0.01375724 0.15825281
v -0.00477161 0.01468560 0.15825281
v -0.00703902 0.01381488 0.15817065
v -0.00479162 0.01474714 0.15817065
v -0.00241537 0.01525005 0.15825281
v 0.00000000 0.01544133 0.15825281
v -0.00242549 0.01531394 0.15817065
v 0.00000000 0.01550600 0.15817065
v 0.00241536 0.01525005 0.15825281
v 0.00242549 0.01531394 0.15817065
v 0.00881942 -0.01213888 0.00105037
v 0.00681138 -0.01336807 0.00105037
v 0.00665767 -0.01306640 0.00122894
v 0.00862041 -0.01186495 0.00122894
v 0.00463665 -0.01427012 0.00105037
v 0.00453201 -0.01394809 0.00122894
v 0.00429351 -0.01321406 0.00125044
v 0.00630730 -0.01237877 0.00125044
v 0.00816675 -0.01124055 0.00125044
v 0.00370504 -0.01140290 0.00119172
v 0.00544281 -0.01068207 0.00119172
v 0.00704739 -0.00969989 0.00119172
v 0.00000000 -0.01389409 0.00125044
v 0.00000000 -0.01198972 0.00119172
v 0.00187547 -0.01184120 0.00119172
v 0.00217335 -0.01372198 0.00125044
v -0.00429351 -0.01321406 0.00125044
v -0.00370503 -0.01140290 0.00119172
v -0.00187546 -0.01184120 0.00119172
v -0.00217335 -0.01372198 0.00125044
v -0.00816674 -0.01124054 0.00125044
v -0.00704739 -0.00969989 0.00119172
v -0.00544280 -0.01068207 0.00119172
v -0.00630730 -0.01237877 0.00125044
v -0.01124055 -0.00816673 0.00125044
v -0.00969990 -0.00704740 0.00119172
v -0.00847737 -0.00847739 0.00119172
v -0.00982385 -0.00982386 0.00125044
v -0.01321409 -0.00429350 0.00125044
v -0.01140291 -0.00370502 0.00119172
v -0.01068215 -0.00544283 0.00119172
v -0.01237874 -0.00630729 0.00125044
v -0.01389412 -0.00000001 0.00125044
v -0.01198974 -0.00000001 0.00119172
v -0.01184125 -0.00187547 0.00119172
v -0.01372199 -0.00217333 0.00125044
v -0.01321409 0.00429349 0.00125044
v -0.01140291 0.00370500 0.00119172
v -0.01184125 0.00187545 0.00119172
v -0.01372199 0.00217331 0.00125044
v -0.01124055 0.00816681 0.00125044
v -0.00969990 0.00704738 0.00119172
v -0.01068215 0.00544281 0.00119172
v -0.01237874 0.00630728 0.00125044
v -0.00816674 0.01124054 0.00125044
v -0.00704739 0.00969996 0.00119172
v -0.00847737 0.00847737 0.00119172
v -0.00982385 0.00982384 0.00125044
v -0.00429351 0.01321408 0.00125044
v -0.00370504 0.01140290 0.00119172
v -0.00544281 0.01068215 0.00119172
v -0.00630730 0.01237883 0.00125044
v 0.00000000 0.01389411 0.00125044
v 0.00000000 0.01198973 0.00119172
v -0.00187546 0.01184124 0.00119172
v -0.00217335 0.01372198 0.00125044
v 0.00429352 0.01321408 0.00125044
v 0.00370504 0.01140290 0.00119172
v 0.00187547 0.01184124 0.00119172
v 0.00217336 0.01372198 0.00125044
v 0.00816676 0.01124064 0.00125044
v 0.00704740 0.00969996 0.00119172
v 0.00544282 0.01068215 0.00119172
v 0.00630731 0.01237883 0.00125044
v 0.01124055 0.00816681 0.00125044
v 0.00969991 0.00704738 0.00119172
v 0.00847738 0.00847737 0.00119172
v 0.00982385 0.00982393 0.00125044
v 0.01321409 0.00429349 0.00125044
v 0.01140291 0.00370500 0.00119172
v 0.01068215 0.00544281 0.00119172
v 0.01237874 0.00630737 0.00125044
v 0.01184125 0.00187545 0.00119172
v 0.01198974 -0.00000001 0.00119172
v 0.01372199 0.00217341 0.00125044
v 0.01389412 -0.00000001 0.00125044
v 0.01321409 -0.00429350 0.00125044
v 0.01140291 -0.00370502 0.00119172
v 0.01184125 -0.00187547 0.00119172
v 0.01372199 -0.00217333 0.00125044
v 0.01124055 -0.00816673 0.00125044
v 0.00969991 -0.00704740 0.00119172
v 0.01068215 -0.00544283 0.00119172
v 0.01237874 -0.00630729 0.00125044
v 0.00847738 -0.00847739 0.00119172
v 0.00982385 -0.00982386 0.00125044
v 0.00826582 -0.01622258 0.00000000
v 0.01070267 -0.01473092 0.00000000
v 0.00562672 -0.01731724 0.00000000
v 0.00527439 -0.01623289 0.00000078
v 0.00774825 -0.01520677 0.00000078
v 0.01003251 -0.01380852 0.00000078
v 0.00284821 -0.01798286 0.00000000
v 0.00000000 -0.01820842 0.00000000
v 0.00000000 -0.01706827 0.00000078
v 0.00266987 -0.01685684 0.00000078
v -0.00284820 -0.01798286 0.00000000
v -0.00562670 -0.01731724 0.00000000
v -0.00527438 -0.01623289 0.00000078
v -0.00266986 -0.01685684 0.00000078
v -0.00826581 -0.01622258 0.00000000
v -0.01070267 -0.01473092 0.00000000
v -0.01003251 -0.01380852 0.00000078
v -0.00774824 -0.01520677 0.00000078
v -0.01287433 -0.01287431 0.00000000
v -0.01473093 -0.01070268 0.00000000
v -0.01380854 -0.01003242 0.00000078
v -0.01206819 -0.01206816 0.00000078
v -0.01622257 -0.00826579 0.00000000
v -0.01731729 -0.00562668 0.00000000
v -0.01623292 -0.00527441 0.00000078
v -0.01520678 -0.00774823 0.00000078
v -0.01798285 -0.00284817 0.00000000
v -0.01820842 -0.00000001 0.00000000
v -0.01706827 -0.00000001 0.00000078
v -0.01685687 -0.00266989 0.00000078
v -0.01798285 0.00284825 0.00000000
v -0.01731729 0.00562676 0.00000000
v -0.01623292 0.00527440 0.00000078
v -0.01685687 0.00266987 0.00000078
v -0.01622257 0.00826587 0.00000000
v -0.01473093 0.01070266 0.00000000
v -0.01380854 0.01003250 0.00000078
v -0.01520678 0.00774831 0.00000078
v -0.01287433 0.01287432 0.00000000
v -0.01070267 0.01473092 0.00000000
v -0.01003251 0.01380853 0.00000078
v -0.01206819 0.01206818 0.00000078
v -0.00826582 0.01622266 0.00000000
v -0.00562671 0.01731728 0.00000000
v -0.00527439 0.01623292 0.00000078
v -0.00774825 0.01520677 0.00000078
v -0.00284821 0.01798294 0.00000000
v 0.00000000 0.01820841 0.00000000
v 0.00000000 0.01706826 0.00000078
v -0.00266986 0.01685686 0.00000078
v 0.00284821 0.01798294 0.00000000
v 0.00562672 0.01731728 0.00000000
v 0.00527440 0.01623292 0.00000078
v 0.00266987 0.01685686 0.00000078
v 0.00826583 0.01622266 0.00000000
v 0.01070267 0.01473102 0.00000000
v 0.01003251 0.01380853 0.00000078
v 0.00774826 0.01520677 0.00000078
v 0.01287433 0.01287432 0.00000000
v 0.01473093 0.01070266 0.00000000
v 0.01380854 0.01003250 0.00000078
v 0.01206819 0.01206818 0.00000078
v 0.01622257 0.00826587 0.00000000
v 0.01731729 0.00562676 0.00000000
v 0.01623292 0.00527440 0.00000078
v 0.01520678 0.00774831 0.00000078
v 0.01798285 0.00284825 0.00000000
v 0.01820842 -0.00000001 0.00000000
v 0.01706827 -0.00000001 0.00000078
v 0.01685687 0.00266987 0.00000078
v 0.01798285 -0.00284817 0.00000000
v 0.01731729 -0.00562668 0.00000000
v 0.01623292 -0.00527441 0.00000078
v 0.01685687 -0.00266989 0.00000078
v 0.01622257 -0.00826579 0.00000000
v 0.01473093 -0.01070268 0.00000000
v 0.01380854 -0.01003242 0.00000078
v 0.01520678 -0.00774823 0.00000078
v 0.01287433 -0.01287431 0.00000000
v 0.01206819 -0.01206816 0.00000078
v 0.00953022 -0.01311720 0.00022449
v 0.00736034 -0.01444546 0.00022449
v 0.00708591 -0.01390686 0.00063772
v 0.00917488 -0.01262813 0.00063772
v 0.00501034 -0.01542021 0.00022449
v 0.00482352 -0.01484526 0.00063772
v 0.00253620 -0.01601291 0.00022449
v 0.00244164 -0.01541587 0.00063772
v 0.00000000 -0.01621377 0.00022449
v 0.00000000 -0.01560923 0.00063772
v 0.00000000 -0.01500449 0.00105037
v 0.00234704 -0.01481862 0.00105037
v -0.00253620 -0.01601291 0.00022449
v -0.00244164 -0.01541587 0.00063772
v -0.00501033 -0.01542021 0.00022449
v -0.00482351 -0.01484526 0.00063772
v -0.00463664 -0.01427012 0.00105037
v -0.00234704 -0.01481862 0.00105037
v -0.00736033 -0.01444546 0.00022449
v -0.00708590 -0.01390686 0.00063772
v -0.00953021 -0.01311720 0.00022449
v -0.00917487 -0.01262813 0.00063772
v -0.00881941 -0.01213888 0.00105037
v -0.00681138 -0.01336807 0.00105037
v -0.01146397 -0.01146398 0.00022449
v -0.01103657 -0.01103654 0.00063772
v -0.01311718 -0.00953020 0.00022449
v -0.01262815 -0.00917490 0.00063772
v -0.01213891 -0.00881940 0.00105037
v -0.01060898 -0.01060899 0.00105037
v -0.01444548 -0.00736030 0.00022449
v -0.01390682 -0.00708589 0.00063772
v -0.01542024 -0.00501036 0.00022449
v -0.01484523 -0.00482347 0.00063772
v -0.01427013 -0.00463659 0.00105037
v -0.01336805 -0.00681138 0.00105037
v -0.01601292 -0.00253615 0.00022449
v -0.01541584 -0.00244159 0.00063772
v -0.01621378 -0.00000001 0.00022449
v -0.01560927 -0.00000001 0.00063772
v -0.01500447 -0.00000001 0.00105037
v -0.01481866 -0.00234702 0.00105037
v -0.01601292 0.00253623 0.00022449
v -0.01541584 0.00244166 0.00063772
v -0.01542024 0.00501034 0.00022449
v -0.01484523 0.00482355 0.00063772
v -0.01427013 0.00463667 0.00105037
v -0.01481866 0.00234700 0.00105037
v -0.01444548 0.00736038 0.00022449
v -0.01390682 0.00708597 0.00063772
v -0.01311718 0.00953028 0.00022449
v -0.01262815 0.00917488 0.00063772
v -0.01213891 0.00881948 0.00105037
v -0.01336805 0.00681136 0.00105037
v -0.01146397 0.01146406 0.00022449
v -0.01103657 0.01103656 0.00063772
v -0.00953022 0.01311727 0.00022449
v -0.00917488 0.01262814 0.00063772
v -0.00881942 0.01213890 0.00105037
v -0.01060898 0.01060897 0.00105037
v -0.00736034 0.01444547 0.00022449
v -0.00708591 0.01390691 0.00063772
v -0.00501034 0.01542023 0.00022449
v -0.00482352 0.01484532 0.00063772
v -0.00463665 0.01427012 0.00105037
v -0.00681138 0.01336814 0.00105037
v -0.00253620 0.01601292 0.00022449
v -0.00244164 0.01541593 0.00063772
v 0.00000000 0.01621377 0.00022449
v 0.00000000 0.01560926 0.00063772
v 0.00000000 0.01500455 0.00105037
v -0.00234704 0.01481865 0.00105037
v 0.00253621 0.01601292 0.00022449
v 0.00244165 0.01541593 0.00063772
v 0.00501035 0.01542023 0.00022449
v 0.00482353 0.01484532 0.00063772
v 0.00463666 0.01427012 0.00105037
v 0.00234705 0.01481865 0.00105037
v 0.00736036 0.01444547 0.00022449
v 0.00708592 0.01390691 0.00063772
v 0.00953024 0.01311727 0.00022449
v 0.00917490 0.01262814 0.00063772
v 0.00881944 0.01213890 0.00105037
v 0.00681140 0.01336814 0.00105037
v 0.01146397 0.01146406 0.00022449
v 0.01103657 0.01103656 0.00063772
v 0.01311718 0.00953028 0.00022449
v 0.01262815 0.00917488 0.00063772
v 0.01213891 0.00881948 0.00105037
v 0.01060898 0.01060897 0.00105037
v 0.01444548 0.00736038 0.00022449
v 0.01390692 0.00708597 0.00063772
v 0.01542024 0.00501034 0.00022449
v 0.01484523 0.00482355 0.00063772
v 0.01427013 0.00463667 0.00105037
v 0.01336805 0.00681136 0.00105037
v 0.01601292 0.00253623 0.00022449
v 0.01541584 0.00244166 0.00063772
v 0.01621378 -0.00000001 0.00022449
v 0.01560927 -0.00000001 0.00063772
v 0.01500447 -0.00000001 0.00105037
v 0.01481866 0.00234700 0.00105037
v 0.01601292 -0.00253615 0.00022449
v 0.01541584 -0.00244159 0.00063772
v 0.01542024 -0.00501036 0.00022449
v 0.01484523 -0.00482347 0.00063772
v 0.01427013 -0.00463659 0.00105037
v 0.01481866 -0.00234702 0.00105037
v 0.01444548 -0.00736030 0.00022449
v 0.01390682 -0.00708589 0.00063772
v 0.01311718 -0.00953020 0.00022449
v 0.01262815 -0.00917490 0.00063772
v 0.01213891 -0.00881940 0.00105037
v 0.01336805 -0.00681138 0.00105037
v 0.01146397 -0.01146398 0.00022449
v 0.01103657 -0.01103654 0.00063772
v 0.01060898 -0.01060899 0.00105037
v 0.00751377 -0.01474658 0.00004396
v 0.00972888 -0.01339064 0.00004396
v 0.00511478 -0.01574165 0.00004396
v 0.01170292 -0.01170295 0.00004396
v 0.01339062 -0.00972890 0.00004396
v 0.00258907 -0.01634671 0.00004396
v 0.00000000 -0.01655175 0.00004396
v -0.00258906 -0.01634671 0.00004396
v -0.00511477 -0.01574165 0.00004396
v -0.00751376 -0.01474658 0.00004396
v -0.00972887 -0.01339064 0.00004396
v -0.01170292 -0.01170295 0.00004396
v -0.01339062 -0.00972890 0.00004396
v -0.01474656 -0.00751377 0.00004396
v -0.01574164 -0.00511479 0.00004396
v -0.01634673 -0.00258910 0.00004396
v -0.01655179 -0.00000001 0.00004396
v -0.01634673 0.00258908 0.00004396
v -0.01574164 0.00511477 0.00004396
v -0.01474656 0.00751375 0.00004396
v -0.01339062 0.00972888 0.00004396
v -0.01170292 0.01170301 0.00004396
v -0.00972888 0.01339071 0.00004396
v -0.00751377 0.01474665 0.00004396
v -0.00511478 0.01574173 0.00004396
v -0.00258907 0.01634672 0.00004396
v 0.00000000 0.01655178 0.00004396
v 0.00258908 0.01634672 0.00004396
v 0.00511479 0.01574173 0.00004396
v 0.00751378 0.01474665 0.00004396
v 0.00972889 0.01339071 0.00004396
v 0.01170302 0.01170301 0.00004396
v 0.01339062 0.00972888 0.00004396
v 0.01474656 0.00751375 0.00004396
v 0.01574164 0.00511477 0.00004396
v 0.01634673 0.00258908 0.00004396
v 0.01655179 -0.00000001 0.00004396
v 0.01634673 -0.00258910 0.00004396
v 0.01574164 -0.00511479 0.00004396
v 0.01474656 -0.00751377 0.00004396
v 0.00229408 -0.01448422 0.00122894
v 0.00000000 -0.01466589 0.00122894
v -0.00229407 -0.01448422 0.00122894
v -0.00453201 -0.01394809 0.00122894
v -0.00665766 -0.01306640 0.00122894
v -0.00862040 -0.01186495 0.00122894
v -0.01036954 -0.01036955 0.00122894
v -0.01186499 -0.00862041 0.00122894
v -0.01306639 -0.00665761 0.00122894
v -0.01394814 -0.00453197 0.00122894
v -0.01448427 -0.00229407 0.00122894
v -0.01466587 -0.00000001 0.00122894
v -0.01448427 0.00229405 0.00122894
v -0.01394814 0.00453204 0.00122894
v -0.01306639 0.00665769 0.00122894
v -0.01186499 0.00862039 0.00122894
v -0.01036954 0.01036963 0.00122894
v -0.00862040 0.01186498 0.00122894
v -0.00665767 0.01306648 0.00122894
v -0.00453201 0.01394813 0.00122894
v -0.00229407 0.01448426 0.00122894
v 0.00000000 0.01466596 0.00122894
v 0.00229408 0.01448426 0.00122894
v 0.00453202 0.01394813 0.00122894
v 0.00665768 0.01306648 0.00122894
v 0.00862042 0.01186498 0.00122894
v 0.01036954 0.01036963 0.00122894
v 0.01186499 0.00862039 0.00122894
v 0.01306639 0.00665769 0.00122894
v 0.01394814 0.00453204 0.00122894
v 0.01448427 0.00229405 0.00122894
v 0.01466587 -0.00000001 0.00122894
v 0.01448427 -0.00229407 0.00122894
v 0.01394814 -0.00453197 0.00122894
v 0.01306639 -0.00665761 0.00122894
v 0.01186499 -0.00862041 0.00122894
v 0.01036954 -0.01036955 0.00122894
v -0.01524996 -0.00241531 0.13823721
v -0.01547309 -0.00020125 0.13819589
v -0.01468551 -0.00477160 0.13804682
v -0.01465171 -0.00480872 0.13982615
v -0.01520258 -0.00261000 0.14010388
v -0.01549927 -0.00027266 0.14104708
v -0.01375716 -0.00700959 0.13796573
v -0.01249226 -0.00907613 0.13795567
v -0.01243951 -0.00903520 0.13968860
v -0.01371593 -0.00698312 0.13970423
v -0.01091778 -0.01091776 0.13797843
v -0.00907613 -0.01249222 0.13801985
v -0.00903361 -0.01243368 0.13980388
v -0.01086659 -0.01086660 0.13973002
v -0.00700965 -0.01375718 0.13806557
v -0.00477161 -0.01468549 0.13811735
v -0.00474925 -0.01461667 0.13997825
v -0.00697680 -0.01369272 0.13988584
v -0.00241536 -0.01524996 0.13817655
v 0.00000000 -0.01544124 0.13824093
v 0.00000000 -0.01536888 0.14019727
v -0.00240404 -0.01517850 0.14008337
v 0.00241536 -0.01524996 0.13830833
v 0.00477161 -0.01468549 0.13837379
v 0.00474925 -0.01461667 0.14043115
v 0.00240404 -0.01517850 0.14031597
v 0.00700965 -0.01375718 0.13843250
v 0.00907614 -0.01249222 0.13848672
v 0.00903361 -0.01243368 0.14063014
v 0.00697680 -0.01369272 0.14053470
v 0.01091778 -0.01091776 0.13853879
v 0.01249226 -0.00907613 0.13858450
v 0.01243365 -0.00903364 0.14080100
v 0.01086659 -0.01086660 0.14072109
v 0.01375716 -0.00700959 0.13861996
v 0.01468551 -0.00477160 0.13864683
v 0.01461673 -0.00474923 0.14091071
v 0.01369278 -0.00697677 0.14086323
v 0.01524996 -0.00241531 0.13866686
v 0.01544124 -0.00000001 0.13868288
v 0.01536885 -0.00000001 0.14097518
v 0.01517855 -0.00240407 0.14094637
v 0.01524996 0.00241539 0.13869782
v 0.01544124 -0.00000001 0.13868288
v 0.01468551 0.00477158 0.13871394
v 0.01461673 0.00474931 0.14103155
v 0.01517855 0.00240405 0.14100215
v 0.01536885 -0.00000001 0.14097518
v 0.01375725 0.00700967 0.13873377
v 0.01249226 0.00907611 0.13876504
v 0.01243374 0.00903362 0.14112367
v 0.01369278 0.00697685 0.14106760
v 0.01091778 0.01091777 0.13881593
v 0.00907615 0.01249225 0.13888168
v 0.00903363 0.01243373 0.14132716
v 0.01086659 0.01086668 0.14121277
v 0.00700966 0.01375724 0.13895739
v 0.00477161 0.01468560 0.13903476
v 0.00474926 0.01461672 0.14159405
v 0.00697681 0.01369277 0.14145895
v 0.00241536 0.01525005 0.13910510
v 0.00000000 0.01544133 0.13918061
v 0.00000000 0.01536894 0.14185205
v 0.00240404 0.01517854 0.14171861
v -0.00241537 0.01525005 0.13927361
v -0.00477161 0.01468560 0.13937775
v -0.00474926 0.01461672 0.14219436
v -0.00240404 0.01517854 0.14201402
v -0.00700965 0.01375724 0.13948707
v -0.00907614 0.01249225 0.13958866
v -0.00903361 0.01243373 0.14255816
v -0.00697680 0.01369277 0.14238281
v -0.01091778 0.01091777 0.13966994
v -0.01249226 0.00907611 0.13973364
v -0.01243365 0.00903362 0.14281020
v -0.01086659 0.01086668 0.14269913
v -0.01375716 0.00700967 0.13978278
v -0.01465366 0.00497292 0.13992745
v -0.01475282 0.00448877 0.14316384
v -0.01369268 0.00697685 0.14289607
v -0.01420380 0.00461508 0.14475102
v -0.01474969 0.00233616 0.14480914
v -0.01467828 0.00232483 0.14524738
v -0.01413492 0.00459271 0.14519287
v -0.01493472 -0.00000001 0.14486463
v -0.01486242 -0.00000001 0.14529672
v -0.01493472 -0.00000001 0.14570672
v -0.01474969 0.00233616 0.14566540
v -0.01420380 0.00461508 0.14561626
v -0.01520258 -0.00261000 0.14198999
v -0.01524996 -0.00241531 0.14287907
v -0.01547309 -0.00020125 0.14275999
v -0.01465171 -0.00480872 0.14229567
v -0.01468551 -0.00477160 0.14312086
v -0.01461663 -0.00474923 0.14399841
v -0.01517855 -0.00240407 0.14387307
v -0.01537686 -0.00005032 0.14378525
v -0.01371593 -0.00698312 0.14242169
v -0.01375716 -0.00700959 0.14324151
v -0.01243951 -0.00903520 0.14247532
v -0.01249226 -0.00907613 0.14331419
v -0.01243365 -0.00903364 0.14418265
v -0.01369268 -0.00697677 0.14409375
v -0.01086659 -0.01086660 0.14256412
v -0.01091778 -0.01091776 0.14341227
v -0.00903361 -0.01243368 0.14268203
v -0.00907613 -0.01249222 0.14353409
v -0.00903361 -0.01243368 0.14441379
v -0.01086659 -0.01086660 0.14428884
v -0.00697680 -0.01369272 0.14282319
v -0.00700965 -0.01375718 0.14367818
v -0.00474925 -0.01461667 0.14298204
v -0.00477161 -0.01468549 0.14383908
v -0.00474925 -0.01461667 0.14471917
v -0.00697680 -0.01369272 0.14455876
v -0.00240404 -0.01517850 0.14315339
v -0.00241536 -0.01524996 0.14401160
v 0.00000000 -0.01536888 0.14332835
v 0.00000000 -0.01544124 0.14418861
v 0.00000000 -0.01536888 0.14506665
v -0.00240404 -0.01517850 0.14489013
v 0.00240404 -0.01517850 0.14349794
v 0.00241536 -0.01524996 0.14436309
v 0.00474925 -0.01461667 0.14365747
v 0.00477161 -0.01468549 0.14452936
v 0.00474925 -0.01461667 0.14541512
v 0.00240404 -0.01517850 0.14524367
v 0.00697680 -0.01369272 0.14380215
v 0.00700965 -0.01375718 0.14468215
v 0.00903361 -0.01243368 0.14392876
v 0.00907614 -0.01249222 0.14481784
v 0.00903361 -0.01243368 0.14571874
v 0.00697680 -0.01369272 0.14557474
v 0.01086659 -0.01086660 0.14403446
v 0.01091778 -0.01091776 0.14493302
v 0.01243374 -0.00903364 0.14412414
v 0.01249226 -0.00907613 0.14503002
v 0.01243365 -0.00903364 0.14594763
v 0.01086659 -0.01086660 0.14584319
v 0.01369278 -0.00697677 0.14420297
v 0.01375716 -0.00700959 0.14511149
v 0.01461673 -0.00474923 0.14426716
v 0.01468551 -0.00477160 0.14517499
v 0.01461673 -0.00474923 0.14609397
v 0.01369278 -0.00697677 0.14603135
v 0.01517855 -0.00240407 0.14431297
v 0.01524996 -0.00241531 0.14521798
v 0.01536885 -0.00000001 0.14435127
v 0.01544124 -0.00000001 0.14525324
v 0.01536885 -0.00000001 0.14616811
v 0.01517855 -0.00240407 0.14613509
v 0.01536885 -0.00000001 0.14435127
v 0.01517855 0.00240405 0.14439318
v 0.01524996 0.00241539 0.14529320
v 0.01544124 -0.00000001 0.14525324
v 0.01461673 0.00474931 0.14444310
v 0.01468551 0.00477158 0.14534302
v 0.01461673 0.00474931 0.14625662
v 0.01517855 0.00240405 0.14620670
v 0.01536885 -0.00000001 0.14616811
v 0.01369278 0.00697685 0.14450532
v 0.01375725 0.00700967 0.14540759
v 0.01243374 0.00903362 0.14458836
v 0.01249226 0.00907611 0.14549288
v 0.01243374 0.00903362 0.14641126
v 0.01369278 0.00697685 0.14632373
v 0.01086659 0.01086668 0.14470071
v 0.01091778 0.01091777 0.14560493
v 0.00903363 0.01243373 0.14483317
v 0.00907615 0.01249225 0.14573720
v 0.00903363 0.01243373 0.14665325
v 0.01086659 0.01086668 0.14652214
v 0.00697681 0.01369277 0.14497639
v 0.00700966 0.01375724 0.14588305
v 0.00474926 0.01461672 0.14513279
v 0.00477161 0.01468560 0.14604190
v 0.00474926 0.01461672 0.14696224
v 0.00697681 0.01369277 0.14680124
v 0.00240404 0.01517854 0.14530492
v 0.00241536 0.01525005 0.14621354
v 0.00000000 0.01536894 0.14548272
v 0.00000000 0.01544133 0.14638968
v 0.00000000 0.01536894 0.14730533
v 0.00240404 0.01517854 0.14713203
v -0.00240404 0.01517854 0.14565622
v -0.00241537 0.01525005 0.14656210
v -0.00474926 0.01461672 0.14582678
v -0.00477161 0.01468560 0.14673120
v -0.00474926 0.01461672 0.14764461
v -0.00240404 0.01517854 0.14747668
v -0.00697680 0.01369277 0.14599550
v -0.00700965 0.01375724 0.14689698
v -0.00903361 0.01243373 0.14615200
v -0.00907614 0.01249225 0.14705075
v -0.00903361 0.01243373 0.14795897
v -0.00697680 0.01369277 0.14780775
v -0.01086659 0.01086668 0.14628612
v -0.01091778 0.01091777 0.14718341
v -0.01243365 0.00903362 0.14639798
v -0.01249226 0.00907611 0.14729497
v -0.01243365 0.00903362 0.14820291
v -0.01086659 0.01086668 0.14809095
v -0.01369268 0.00697685 0.14648795
v -0.01375716 0.00700967 0.14738533
v -0.01461663 0.00474921 0.14655311
v -0.01468551 0.00477158 0.14745069
v -0.01461663 0.00474921 0.14836039
v -0.01369268 0.00697685 0.14829386
v -0.01517855 0.00240405 0.14659092
v -0.01524996 0.00241539 0.14748762
v -0.01536885 -0.00000001 0.14661730
v -0.01544124 -0.00000001 0.14751214
v -0.01536885 -0.00000001 0.14842496
v -0.01517855 0.00240405 0.14839897
v -0.01517855 -0.00240407 0.14664836
v -0.01524996 -0.00241531 0.14754037
v -0.01461663 -0.00474923 0.14669554
v -0.01468551 -0.00477160 0.14758512
v -0.01461663 -0.00474923 0.14849773
v -0.01517855 -0.00240407 0.14845339
v -0.01369268 -0.00697677 0.14677018
v -0.01375716 -0.00700959 0.14765897
v -0.01243365 -0.00903364 0.14686738
v -0.01249226 -0.00907613 0.14775646
v -0.01243365 -0.00903364 0.14866870
v -0.01369268 -0.00697677 0.14857130
v -0.01086659 -0.01086660 0.14698187
v -0.01091778 -0.01091776 0.14787193
v -0.00903361 -0.01243368 0.14711669
v -0.00907613 -0.01249222 0.14802071
v -0.00903545 -0.01243918 0.14894457
v -0.01086659 -0.01086660 0.14878475
v -0.00697680 -0.01369272 0.14727436
v -0.00700965 -0.01375718 0.14821795
v -0.00474925 -0.01461667 0.14745821
v -0.00477161 -0.01468549 0.14848172
v -0.00481027 -0.01464982 0.14948968
v -0.00698414 -0.01371474 0.14917346
v -0.00240404 -0.01517850 0.14767108
v -0.00241536 -0.01524996 0.14883047
v -0.00005032 -0.01537685 0.14784839
v -0.00020128 -0.01547312 0.14901628
v -0.00261134 -0.01520099 0.14991151
v -0.00479188 -0.01447990 0.15033920
v -0.00278614 -0.01508365 0.15055695
v -0.00317811 -0.01498572 0.15071297
v -0.00487952 -0.01443198 0.15061635
v -0.00278614 -0.01508365 0.15089418
v -0.00479188 -0.01447990 0.15088363
v -0.00879128 -0.01212098 0.14994463
v -0.00683114 -0.01346004 0.15012966
v -0.00680564 -0.01341758 0.15048437
v -0.00875058 -0.01206794 0.15034135
v -0.00683114 -0.01346004 0.15081749
v -0.00879128 -0.01212098 0.15071600
v -0.01208245 -0.00877837 0.14968683
v -0.01055965 -0.01055966 0.14980083
v -0.01050846 -0.01050847 0.15021152
v -0.01202393 -0.00873588 0.15009771
v -0.01055965 -0.01055966 0.15059935
v -0.01208245 -0.00877837 0.15048486
v -0.01420380 -0.00461510 0.14951860
v -0.01330592 -0.00677972 0.14959168
v -0.01324145 -0.00674690 0.15000275
v -0.01413492 -0.00459273 0.14992988
v -0.01330592 -0.00677972 0.15038941
v -0.01420380 -0.00461510 0.15031654
v -0.01493472 -0.00000001 0.14943684
v -0.01474969 -0.00233608 0.14947093
v -0.01467828 -0.00232485 0.14988191
v -0.01486242 -0.00000001 0.14984704
v -0.01474969 -0.00233608 0.15026965
v -0.01493472 -0.00000001 0.15023604
v -0.01420380 0.00461508 0.14936064
v -0.01474969 0.00233616 0.14940430
v -0.01467828 0.00232483 0.14981343
v -0.01413492 0.00459271 0.14976869
v -0.01474969 0.00233616 0.15020332
v -0.01420380 0.00461508 0.15015906
v -0.01208245 0.00877845 0.14920286
v -0.01330592 0.00677971 0.14929304
v -0.01324145 0.00674688 0.14970070
v -0.01202393 0.00873596 0.14961033
v -0.01330592 0.00677971 0.15009068
v -0.01208245 0.00877845 0.14999983
v -0.00877842 0.01208254 0.14896079
v -0.01055965 0.01055964 0.14909140
v -0.01050846 0.01050855 0.14949887
v -0.00873589 0.01202392 0.14936865
v -0.01055965 0.01055964 0.14988797
v -0.00877842 0.01208254 0.14975775
v -0.00461510 0.01420379 0.14865394
v -0.00677971 0.01330601 0.14881318
v -0.00674687 0.01324154 0.14922211
v -0.00459274 0.01413501 0.14906405
v -0.00677971 0.01330601 0.14961170
v -0.00461510 0.01420379 0.14945403
v 0.00000000 0.01493480 0.14831886
v -0.00233613 0.01474978 0.14848816
v -0.00232482 0.01467837 0.14889886
v 0.00000000 0.01486241 0.14872995
v -0.00233613 0.01474978 0.14928883
v 0.00000000 0.01493480 0.14912012
v 0.00461509 0.01420388 0.14798164
v 0.00233613 0.01474978 0.14814859
v 0.00232482 0.01467837 0.14856084
v 0.00459274 0.01413501 0.14839467
v 0.00233613 0.01474978 0.14895180
v 0.00461509 0.01420388 0.14878582
v 0.00877844 0.01208254 0.14767430
v 0.00677972 0.01330601 0.14782172
v 0.00674688 0.01324154 0.14823446
v 0.00873591 0.01202392 0.14808656
v 0.00677972 0.01330601 0.14862425
v 0.00877844 0.01208254 0.14847507
v 0.01208245 0.00877845 0.14743437
v 0.01055965 0.01055964 0.14754467
v 0.01050846 0.01050855 0.14795731
v 0.01202393 0.00873596 0.14784741
v 0.01055965 0.01055964 0.14834602
v 0.01208245 0.00877845 0.14823661
v 0.01420380 0.00461508 0.14727563
v 0.01330592 0.00677971 0.14734529
v 0.01324145 0.00674688 0.14775753
v 0.01413502 0.00459271 0.14768690
v 0.01330592 0.00677971 0.14814596
v 0.01420380 0.00461508 0.14807454
v 0.01493472 -0.00000001 0.14718302
v 0.01474979 0.00233616 0.14722376
v 0.01467828 0.00232483 0.14763484
v 0.01486242 -0.00000001 0.14759420
v 0.01474979 0.00233616 0.14802286
v 0.01493472 -0.00000001 0.14798359
v 0.01420380 -0.00461510 0.14710301
v 0.01474979 -0.00233608 0.14714677
v 0.01467828 -0.00232485 0.14755805
v 0.01413492 -0.00459273 0.14751439
v 0.01493472 -0.00000001 0.14718302
v 0.01486242 -0.00000001 0.14759420
v 0.01493472 -0.00000001 0.14798359
v 0.01474979 -0.00233608 0.14794940
v 0.01420380 -0.00461510 0.14790759
v 0.01208245 -0.00877837 0.14695608
v 0.01330592 -0.00677972 0.14703990
v 0.01324145 -0.00674690 0.14745157
v 0.01202393 -0.00873588 0.14736795
v 0.01330592 -0.00677972 0.14784536
v 0.01208245 -0.00877837 0.14776193
v 0.00877843 -0.01208245 0.14672309
v 0.01055965 -0.01055966 0.14684999
v 0.01050846 -0.01050847 0.14726244
v 0.00873590 -0.01202391 0.14713573
v 0.01055965 -0.01055966 0.14765692
v 0.00877843 -0.01208245 0.14753021
v 0.00461509 -0.01420378 0.14641576
v 0.00677971 -0.01330592 0.14657685
v 0.00674687 -0.01324146 0.14698871
v 0.00459273 -0.01413496 0.14682684
v 0.00677971 -0.01330592 0.14738172
v 0.00461509 -0.01420378 0.14721809
v 0.00000000 -0.01493473 0.14606876
v 0.00233613 -0.01474973 0.14624441
v 0.00232482 -0.01467827 0.14665539
v 0.00000000 -0.01486238 0.14648024
v 0.00233613 -0.01474973 0.14704586
v 0.00000000 -0.01493473 0.14687041
v -0.00461509 -0.01420378 0.14572655
v -0.00233613 -0.01474973 0.14589468
v -0.00232482 -0.01467827 0.14630693
v -0.00459274 -0.01413495 0.14613969
v -0.00233613 -0.01474973 0.14669721
v -0.00461509 -0.01420378 0.14653025
v -0.00877842 -0.01208245 0.14542449
v -0.00677971 -0.01330592 0.14556868
v -0.00674687 -0.01324146 0.14598270
v -0.00873589 -0.01202391 0.14583890
v -0.00677971 -0.01330592 0.14637375
v -0.00877842 -0.01208245 0.14622995
v -0.01208245 -0.00877837 0.14518691
v -0.01055965 -0.01055966 0.14529760
v -0.01050846 -0.01050847 0.14571112
v -0.01202393 -0.00873588 0.14559916
v -0.01055965 -0.01055966 0.14610119
v -0.01208245 -0.00877837 0.14598807
v -0.01420380 -0.00461510 0.14500726
v -0.01330592 -0.00677972 0.14509127
v -0.01324145 -0.00674690 0.14550284
v -0.01413492 -0.00459273 0.14542137
v -0.01330592 -0.00677972 0.14589136
v -0.01420380 -0.00461510 0.14581252
v -0.01474969 -0.00233608 0.14493116
v -0.01467828 -0.00232485 0.14535367
v -0.01474969 -0.00233608 0.14575332
v -0.01509307 -0.00277823 0.14105607
v -0.01499831 -0.00316762 0.14126894
v -0.01509307 -0.00277823 0.14144381
v -0.01449257 -0.00478127 0.14098075
v -0.01444685 -0.00486704 0.14129658
v -0.01449257 -0.00478127 0.14158428
v -0.01208245 0.00877845 0.14457977
v -0.01330592 0.00677971 0.14467638
v -0.01324145 0.00674688 0.14512009
v -0.01202393 0.00873596 0.14502504
v -0.01330592 0.00677971 0.14554612
v -0.01208245 0.00877845 0.14545312
v -0.00877842 0.01208254 0.14430271
v -0.01055965 0.01055964 0.14445560
v -0.01050846 0.01050855 0.14490400
v -0.00873589 0.01202392 0.14475697
v -0.01055965 0.01055964 0.14533559
v -0.00877842 0.01208254 0.14519424
v -0.00461510 0.01420379 0.14392348
v -0.00677971 0.01330601 0.14411964
v -0.00674687 0.01324154 0.14458416
v -0.00459274 0.01413501 0.14439894
v -0.00677971 0.01330601 0.14502982
v -0.00461510 0.01420379 0.14485349
v 0.00000000 0.01493480 0.14355060
v -0.00233613 0.01474978 0.14373113
v -0.00232482 0.01467837 0.14421489
v 0.00000000 0.01486241 0.14403700
v -0.00233613 0.01474978 0.14467648
v 0.00000000 0.01493480 0.14450073
v 0.00461509 0.01420388 0.14323740
v 0.00233613 0.01474978 0.14338951
v 0.00232482 0.01467837 0.14387004
v 0.00459274 0.01413501 0.14371120
v 0.00233613 0.01474978 0.14432841
v 0.00461509 0.01420388 0.14416321
v 0.00877844 0.01208254 0.14293847
v 0.00677972 0.01330601 0.14308383
v 0.00674687 0.01324154 0.14355763
v 0.00873591 0.01202392 0.14341451
v 0.00677972 0.01330601 0.14400915
v 0.00877844 0.01208254 0.14386741
v 0.01208245 0.00877845 0.14270802
v 0.01055965 0.01055964 0.14281108
v 0.01050846 0.01050855 0.14328732
v 0.01202393 0.00873596 0.14318230
v 0.01055965 0.01055964 0.14373914
v 0.01208245 0.00877845 0.14363139
v 0.01420380 0.00461508 0.14258454
v 0.01330592 0.00677971 0.14263592
v 0.01324145 0.00674688 0.14310571
v 0.01413502 0.00459271 0.14304915
v 0.01330592 0.00677971 0.14355138
v 0.01420380 0.00461508 0.14349120
v 0.01493472 -0.00000001 0.14250726
v 0.01474979 0.00233616 0.14254360
v 0.01467828 0.00232483 0.14300431
v 0.01486242 -0.00000001 0.14296504
v 0.01474979 0.00233616 0.14344323
v 0.01493472 -0.00000001 0.14340181
v 0.01420380 -0.00461510 0.14242452
v 0.01474979 -0.00233608 0.14246946
v 0.01467828 -0.00232485 0.14292538
v 0.01413492 -0.00459273 0.14287868
v 0.01493472 -0.00000001 0.14250726
v 0.01486242 -0.00000001 0.14296504
v 0.01493472 -0.00000001 0.14340181
v 0.01474979 -0.00233608 0.14336127
v 0.01420380 -0.00461510 0.14331370
v 0.01208245 -0.00877837 0.14229381
v 0.01330592 -0.00677972 0.14236659
v 0.01324145 -0.00674690 0.14281851
v 0.01202393 -0.00873588 0.14274426
v 0.01330592 -0.00677972 0.14325147
v 0.01208245 -0.00877837 0.14317566
v 0.00877843 -0.01208245 0.14210077
v 0.01055965 -0.01055966 0.14220403
v 0.01050846 -0.01050847 0.14265536
v 0.00873590 -0.01202391 0.14255249
v 0.01055965 -0.01055966 0.14308764
v 0.00877843 -0.01208245 0.14298497
v 0.00461509 -0.01420378 0.14186299
v 0.00677971 -0.01330592 0.14198745
v 0.00674687 -0.01324146 0.14243595
v 0.00459273 -0.01413496 0.14230651
v 0.00677971 -0.01330592 0.14286530
v 0.00461509 -0.01420378 0.14273058
v 0.00000000 -0.01493473 0.14158458
v 0.00233613 -0.01474973 0.14172632
v 0.00232481 -0.01467827 0.14216456
v 0.00000000 -0.01486238 0.14201617
v 0.00233613 -0.01474973 0.14258268
v 0.00000000 -0.01493473 0.14242677
v -0.00461509 -0.01420378 0.14131251
v -0.00233613 -0.01474973 0.14144478
v -0.00232482 -0.01467827 0.14186739
v -0.00459274 -0.01413495 0.14172447
v -0.00233613 -0.01474973 0.14226783
v -0.00461509 -0.01420378 0.14211328
v -0.00877842 -0.01208245 0.14108577
v -0.00677971 -0.01330592 0.14119294
v -0.00674687 -0.01324146 0.14159356
v -0.00873589 -0.01202391 0.14147624
v -0.00677971 -0.01330592 0.14197075
v -0.00877842 -0.01208245 0.14184326
v -0.01212309 -0.00878951 0.14093171
v -0.01055965 -0.01055966 0.14099052
v -0.01050846 -0.01050847 0.14137366
v -0.01207033 -0.00874858 0.14130655
v -0.01055965 -0.01055966 0.14173414
v -0.01212309 -0.00878951 0.14165863
v -0.01346829 -0.00682427 0.14093386
v -0.01342696 -0.00679780 0.14129493
v -0.01346829 -0.00682427 0.14163235
v -0.01524996 0.00241539 0.13870603
v -0.01537745 0.00161022 0.13758161
v -0.01521040 0.00220281 0.14380274
v -0.01496412 0.00237006 0.14436543
v -0.01441022 0.00468220 0.14430643
v -0.01515178 -0.00000001 0.14442375
v -0.01496412 0.00237006 0.14604834
v -0.01515178 -0.00000001 0.14608117
v -0.01441022 0.00468220 0.14600575
v -0.00319929 -0.01505408 0.15029192
v -0.00492621 -0.01454280 0.15001214
v -0.00319929 -0.01505408 0.15107706
v -0.00492621 -0.01454280 0.15114192
v -0.00690764 -0.01358739 0.14975169
v -0.00891336 -0.01228009 0.14953248
v -0.00690764 -0.01358739 0.15113069
v -0.00891336 -0.01228009 0.15106211
v -0.01071312 -0.01071313 0.14937637
v -0.01225810 -0.00890605 0.14926138
v -0.01071312 -0.01071313 0.15095534
v -0.01225810 -0.00890605 0.15083908
v -0.01349935 -0.00687829 0.14916496
v -0.01441022 -0.00468212 0.14909170
v -0.01349935 -0.00687829 0.15074237
v -0.01441022 -0.00468212 0.15066949
v -0.01496412 -0.00237008 0.14904588
v -0.01515178 -0.00000001 0.14901462
v -0.01496412 -0.00237008 0.15062485
v -0.01515178 -0.00000001 0.15059466
v -0.01496412 0.00237006 0.14898541
v -0.01441022 0.00468220 0.14894418
v -0.01496412 0.00237006 0.15056496
v -0.01441022 0.00468220 0.15052247
v -0.01349935 0.00687827 0.14887697
v -0.01225810 0.00890604 0.14878631
v -0.01349935 0.00687827 0.15045399
v -0.01225810 0.00890604 0.15036216
v -0.01071312 0.01071311 0.14867446
v -0.00890602 0.01225809 0.14854326
v -0.01071312 0.01071311 0.15024972
v -0.00890602 0.01225809 0.15011901
v -0.00687826 0.01349934 0.14839409
v -0.00468217 0.01441031 0.14823319
v -0.00687826 0.01349934 0.14997277
v -0.00468217 0.01441031 0.14981470
v -0.00237009 0.01496421 0.14806643
v 0.00000000 0.01515187 0.14789616
v -0.00237009 0.01496421 0.14964902
v 0.00000000 0.01515187 0.14947982
v 0.00237009 0.01496421 0.14772471
v 0.00468217 0.01441031 0.14755649
v 0.00237009 0.01496421 0.14931169
v 0.00468217 0.01441031 0.14914542
v 0.00687826 0.01349934 0.14739579
v 0.00890603 0.01225809 0.14724779
v 0.00687826 0.01349934 0.14898170
v 0.00890603 0.01225809 0.14883037
v 0.01071312 0.01071321 0.14711757
v 0.01225810 0.00890604 0.14700708
v 0.01071312 0.01071311 0.14870142
v 0.01225810 0.00890604 0.14859240
v 0.01349935 0.00687827 0.14691847
v 0.01441022 0.00468220 0.14684980
v 0.01349935 0.00687827 0.14850116
v 0.01441022 0.00468220 0.14842926
v 0.01496412 0.00237006 0.14679900
v 0.01515178 -0.00000001 0.14675963
v 0.01496412 0.00237006 0.14837875
v 0.01515178 -0.00000001 0.14834202
v 0.01496412 -0.00237008 0.14672524
v 0.01441022 -0.00468212 0.14668314
v 0.01515178 -0.00000001 0.14675963
v 0.01496412 -0.00237008 0.14831144
v 0.01515178 -0.00000001 0.14834202
v 0.01441022 -0.00468212 0.14827275
v 0.01349935 -0.00687829 0.14662032
v 0.01225810 -0.00890605 0.14653621
v 0.01349935 -0.00687829 0.14821140
v 0.01225810 -0.00890605 0.14812807
v 0.01071312 -0.01071313 0.14642963
v 0.00890603 -0.01225807 0.14630224
v 0.01071312 -0.01071313 0.14802345
v 0.00890603 -0.01225807 0.14789645
v 0.00687826 -0.01349932 0.14615590
v 0.00468217 -0.01441023 0.14599452
v 0.00687826 -0.01349932 0.14774610
v 0.00468217 -0.01441023 0.14758013
v 0.00237009 -0.01496411 0.14582229
v 0.00000000 -0.01515180 0.14564537
v 0.00220276 -0.01521038 0.14792527
v 0.00237009 -0.01496411 0.14740624
v 0.00000000 -0.01515180 0.14722981
v -0.00237009 -0.01496411 0.14547012
v -0.00468217 -0.01441023 0.14530072
v -0.00237009 -0.01496411 0.14705602
v -0.00468217 -0.01441023 0.14688868
v -0.00687826 -0.01349932 0.14514149
v -0.00890602 -0.01225807 0.14499671
v -0.00687826 -0.01349932 0.14673198
v -0.00890602 -0.01225807 0.14658779
v -0.01071312 -0.01071313 0.14487039
v -0.01225810 -0.00890605 0.14476079
v -0.01071312 -0.01071313 0.14645825
v -0.01225810 -0.00890605 0.14634435
v -0.01349935 -0.00687829 0.14466593
v -0.01441022 -0.00468212 0.14458006
v -0.01349935 -0.00687829 0.14624734
v -0.01441022 -0.00468212 0.14617095
v -0.01496412 -0.00237008 0.14449741
v -0.01496412 -0.00237008 0.14611878
v -0.01506035 -0.00319400 0.14078987
v -0.01455021 -0.00491999 0.14063092
v -0.01506035 -0.00319400 0.14168061
v -0.01455021 -0.00491999 0.14187110
v -0.01349935 0.00687827 0.14423121
v -0.01225810 0.00890604 0.14413352
v -0.01349935 0.00687827 0.14593854
v -0.01225810 0.00890604 0.14584740
v -0.01071312 0.01071311 0.14400750
v -0.00890602 0.01225809 0.14384963
v -0.01071312 0.01071311 0.14573329
v -0.00890602 0.01225809 0.14559624
v -0.00687826 0.01349934 0.14365649
v -0.00468217 0.01441031 0.14344910
v -0.00687826 0.01349934 0.14543670
v -0.00468217 0.01441031 0.14526516
v -0.00237009 0.01496421 0.14324873
v 0.00000000 0.01515187 0.14306546
v -0.00237009 0.01496421 0.14509225
v 0.00000000 0.01515187 0.14491777
v 0.00237009 0.01496421 0.14290955
v 0.00468217 0.01441031 0.14276331
v 0.00237009 0.01496421 0.14474154
v 0.00468217 0.01441031 0.14457185
v 0.00687826 0.01349934 0.14260935
v 0.00890603 0.01225809 0.14246105
v 0.00687826 0.01349934 0.14441691
v 0.00890603 0.01225809 0.14427507
v 0.01071312 0.01071321 0.14233201
v 0.01225810 0.00890604 0.14222992
v 0.01071312 0.01071321 0.14414456
v 0.01225810 0.00890604 0.14403397
v 0.01349935 0.00687827 0.14216241
v 0.01441022 0.00468220 0.14211679
v 0.01349935 0.00687827 0.14395220
v 0.01441022 0.00468220 0.14389085
v 0.01496412 0.00237006 0.14208016
v 0.01515178 -0.00000001 0.14204704
v 0.01496412 0.00237006 0.14384142
v 0.01515178 -0.00000001 0.14379902
v 0.01496412 -0.00237008 0.14201188
v 0.01441022 -0.00468212 0.14196919
v 0.01515178 -0.00000001 0.14204704
v 0.01496412 -0.00237008 0.14375887
v 0.01515178 -0.00000001 0.14379902
v 0.01441022 -0.00468212 0.14371169
v 0.01349935 -0.00687829 0.14191350
v 0.01225810 -0.00890605 0.14184170
v 0.01349935 -0.00687829 0.14364800
v 0.01225810 -0.00890605 0.14357082
v 0.01071312 -0.01071313 0.14175104
v 0.00890603 -0.01225807 0.14164739
v 0.01071312 -0.01071313 0.14348329
v 0.00890603 -0.01225807 0.14338081
v 0.00687826 -0.01349932 0.14153671
v 0.00468217 -0.01441023 0.14141606
v 0.00687826 -0.01349932 0.14325860
v 0.00468217 -0.01441023 0.14311939
v 0.00237009 -0.01496411 0.14128271
v 0.00000000 -0.01515180 0.14114497
v 0.00237009 -0.01496411 0.14296582
v 0.00000000 -0.01515180 0.14280258
v -0.00237009 -0.01496411 0.14101143
v -0.00468217 -0.01441023 0.14088687
v -0.00237009 -0.01496411 0.14263426
v -0.00468217 -0.01441023 0.14246965
v -0.00687826 -0.01349932 0.14077599
v -0.00890602 -0.01225807 0.14067713
v -0.00687826 -0.01349932 0.14231735
v -0.00890602 -0.01225807 0.14218186
v -0.01071312 -0.01071313 0.14058833
v -0.01228125 -0.00891240 0.14053655
v -0.01071312 -0.01071313 0.14206775
v -0.01228125 -0.00891240 0.14198589
v -0.01359206 -0.00690369 0.14054857
v -0.01359206 -0.00690369 0.14194662
v 0.00161024 -0.01537748 0.14879140
v 0.00241536 -0.01524996 0.14997823
v -0.01524996 0.00241539 0.14208465
v -0.01537745 0.00161022 0.14300744
v -0.01297895 -0.00661306 0.15494110
v -0.01385475 -0.00450168 0.15494110
v -0.01178557 -0.00856267 0.15494110
v -0.01178557 -0.00856267 0.15092544
v -0.01297895 -0.00661306 0.15092534
v -0.01385475 -0.00450168 0.15092544
v -0.01438726 -0.00227874 0.15494110
v -0.01456769 -0.00000001 0.15494110
v -0.01438726 -0.00227874 0.15092534
v -0.01456769 -0.00000001 0.15092544
v -0.01438726 0.00227872 0.15494110
v -0.01385475 0.00450166 0.15494110
v -0.01438726 0.00227872 0.15092534
v -0.01385475 0.00450166 0.15092544
v -0.01297895 0.00661314 0.15494110
v -0.01178557 0.00856275 0.15494110
v -0.01297895 0.00661314 0.15092534
v -0.01178557 0.00856275 0.15092544
v -0.01030018 0.01030018 0.15494110
v -0.00856270 0.01178556 0.15494110
v -0.01030018 0.01030018 0.15092534
v -0.00856270 0.01178556 0.15092544
v -0.00661311 0.01297894 0.15494110
v -0.00450168 0.01385474 0.15494110
v -0.00661311 0.01297904 0.15092534
v -0.00450168 0.01385474 0.15092544
v -0.00227873 0.01438735 0.15494110
v 0.00000000 0.01456778 0.15494110
v -0.00227873 0.01438735 0.15092534
v 0.00000000 0.01456778 0.15092544
v 0.00227873 0.01438735 0.15494110
v 0.00450168 0.01385474 0.15494110
v 0.00227873 0.01438735 0.15092534
v 0.00450168 0.01385474 0.15092544
v 0.00661312 0.01297904 0.15494110
v 0.00856272 0.01178556 0.15494110
v 0.00661312 0.01297904 0.15092534
v 0.00856272 0.01178556 0.15092544
v 0.01030018 0.01030018 0.15494110
v 0.01178557 0.00856275 0.15494110
v 0.01030018 0.01030018 0.15092534
v 0.01178557 0.00856275 0.15092544
v 0.01297895 0.00661314 0.15494110
v 0.01385475 0.00450166 0.15494110
v 0.01297895 0.00661314 0.15092534
v 0.01385475 0.00450166 0.15092544
v 0.01438726 0.00227872 0.15494110
v 0.01456779 -0.00000001 0.15494110
v 0.01438726 0.00227872 0.15092534
v 0.01456779 -0.00000001 0.15092544
v 0.01438726 -0.00227874 0.15494110
v 0.01385475 -0.00450168 0.15494110
v 0.01438726 -0.00227874 0.15092534
v 0.01385475 -0.00450168 0.15092544
v 0.01297895 -0.00661306 0.15494110
v 0.01178557 -0.00856267 0.15494110
v 0.01297895 -0.00661306 0.15092534
v 0.01178557 -0.00856267 0.15092544
v 0.01030018 -0.01030010 0.15494110
v 0.00856270 -0.01178553 0.15494110
v 0.01030018 -0.01030010 0.15092534
v 0.00856270 -0.01178553 0.15092544
v 0.00661311 -0.01297893 0.15494110
v 0.00450168 -0.01385473 0.15494110
v 0.00661310 -0.01297893 0.15092534
v 0.00450168 -0.01385473 0.15092544
v 0.00227873 -0.01438726 0.15494110
v 0.00000000 -0.01456772 0.15494110
v 0.00227873 -0.01438726 0.15092534
v 0.00000000 -0.01456772 0.15092544
v -0.00227872 -0.01438726 0.15494110
v -0.00450168 -0.01385473 0.15494110
v 0.00000000 -0.01456772 0.15494110
v 0.00000000 -0.01456772 0.15092544
v -0.00227872 -0.01438726 0.15092534
v -0.00450168 -0.01385472 0.15092544
v -0.00661310 -0.01297893 0.15494110
v -0.00856270 -0.01178554 0.15494110
v -0.00661310 -0.01297893 0.15092534
v -0.00856270 -0.01178553 0.15092544
v -0.01030018 -0.01030010 0.15494110
v -0.01030018 -0.01030010 0.15092534
v -0.01394746 -0.00453177 0.13753345
v -0.01306580 -0.00665732 0.13753345
v -0.01332624 -0.00679008 0.13483544
v -0.01422548 -0.00462213 0.13483544
v -0.01186440 -0.00862002 0.13753345
v -0.01210091 -0.00879185 0.13483544
v -0.01264163 -0.00918467 0.13398973
v -0.01392167 -0.00709341 0.13398973
v -0.01486106 -0.00482865 0.13398973
v -0.01466519 -0.00000001 0.13753345
v -0.01448348 -0.00229398 0.13753345
v -0.01477226 -0.00233970 0.13483544
v -0.01495757 -0.00000001 0.13483544
v -0.01543235 -0.00244422 0.13398973
v -0.01562588 -0.00000001 0.13398973
v -0.01394746 0.00453185 0.13753345
v -0.01448348 0.00229396 0.13753345
v -0.01477226 0.00233968 0.13483544
v -0.01422548 0.00462212 0.13483544
v -0.01543235 0.00244420 0.13398973
v -0.01486106 0.00482863 0.13398973
v -0.01186440 0.00862000 0.13753345
v -0.01306580 0.00665740 0.13753345
v -0.01332624 0.00679006 0.13483544
v -0.01210091 0.00879183 0.13483544
v -0.01392167 0.00709349 0.13398973
v -0.01264163 0.00918465 0.13398973
v -0.00861999 0.01186439 0.13753345
v -0.01036906 0.01036905 0.13753345
v -0.01057577 0.01057586 0.13483544
v -0.00879184 0.01210100 0.13483544
v -0.01104830 0.01104839 0.13398973
v -0.00918466 0.01264162 0.13398973
v -0.00453180 0.01394745 0.13753345
v -0.00665736 0.01306579 0.13753345
v -0.00679008 0.01332633 0.13483544
v -0.00462215 0.01422557 0.13483544
v -0.00709346 0.01392175 0.13398973
v -0.00482866 0.01486114 0.13398973
v 0.00000000 0.01466528 0.13753345
v -0.00229397 0.01448357 0.13753345
v -0.00233971 0.01477234 0.13483544
v 0.00000000 0.01495766 0.13483544
v -0.00244424 0.01543234 0.13398973
v 0.00000000 0.01562596 0.13398973
v 0.00453180 0.01394745 0.13753345
v 0.00229397 0.01448357 0.13753345
v 0.00233971 0.01477234 0.13483544
v 0.00462215 0.01422557 0.13483544
v 0.00244424 0.01543234 0.13398973
v 0.00482867 0.01486114 0.13398973
v 0.00862001 0.01186439 0.13753345
v 0.00665736 0.01306579 0.13753345
v 0.00679009 0.01332633 0.13483544
v 0.00879186 0.01210100 0.13483544
v 0.00709347 0.01392175 0.13398973
v 0.00918468 0.01264162 0.13398973
v 0.01186440 0.00862000 0.13753345
v 0.01036906 0.01036905 0.13753345
v 0.01057577 0.01057586 0.13483544
v 0.01210091 0.00879183 0.13483544
v 0.01104830 0.01104839 0.13398973
v 0.01264163 0.00918465 0.13398973
v 0.01394746 0.00453185 0.13753345
v 0.01306580 0.00665740 0.13753345
v 0.01332634 0.00679006 0.13483544
v 0.01422548 0.00462212 0.13483544
v 0.01392167 0.00709349 0.13398973
v 0.01486115 0.00482863 0.13398973
v 0.01466519 -0.00000001 0.13753345
v 0.01448358 0.00229396 0.13753345
v 0.01477226 0.00233968 0.13483544
v 0.01495757 -0.00000001 0.13483544
v 0.01543235 0.00244420 0.13398973
v 0.01562588 -0.00000001 0.13398973
v 0.01394746 -0.00453177 0.13753345
v 0.01448358 -0.00229398 0.13753345
v 0.01477226 -0.00233970 0.13483544
v 0.01422548 -0.00462213 0.13483544
v 0.01543235 -0.00244422 0.13398973
v 0.01486106 -0.00482865 0.13398973
v 0.01186440 -0.00862002 0.13753345
v 0.01306580 -0.00665732 0.13753345
v 0.01332624 -0.00679008 0.13483544
v 0.01210091 -0.00879185 0.13483544
v 0.01392167 -0.00709341 0.13398973
v 0.01264163 -0.00918467 0.13398973
v 0.00861999 -0.01186438 0.13753345
v 0.01036906 -0.01036907 0.13753345
v 0.01057577 -0.01057578 0.13483544
v 0.00879184 -0.01210092 0.13483544
v 0.01104830 -0.01104831 0.13398973
v 0.00918467 -0.01264159 0.13398973
v 0.00453180 -0.01394742 0.13753345
v 0.00665735 -0.01306577 0.13753345
v 0.00679008 -0.01332626 0.13483544
v 0.00462214 -0.01422548 0.13483544
v 0.00709346 -0.01392168 0.13398973
v 0.00482866 -0.01486108 0.13398973
v 0.00000000 -0.01466518 0.13753345
v 0.00229397 -0.01448351 0.13753345
v 0.00233971 -0.01477228 0.13483544
v 0.00000000 -0.01495756 0.13483544
v 0.00244424 -0.01543229 0.13398973
v 0.00000000 -0.01562587 0.13398973
v -0.00453180 -0.01394742 0.13753345
v -0.00229397 -0.01448351 0.13753345
v -0.00233971 -0.01477228 0.13483544
v -0.00462214 -0.01422548 0.13483544
v 0.00000000 -0.01466518 0.13753345
v 0.00000000 -0.01495756 0.13483544
v 0.00000000 -0.01562587 0.13398973
v -0.00244423 -0.01543229 0.13398973
v -0.00482866 -0.01486108 0.13398973
v -0.00861999 -0.01186437 0.13753345
v -0.00665735 -0.01306577 0.13753345
v -0.00679008 -0.01332626 0.13483544
v -0.00879184 -0.01210092 0.13483544
v -0.00709346 -0.01392168 0.13398973
v -0.00918466 -0.01264159 0.13398973
v -0.01036906 -0.01036907 0.13753345
v -0.01057577 -0.01057578 0.13483544
v -0.01104830 -0.01104831 0.13398973
v -0.01501326 -0.00764966 0.13306988
v -0.01602631 -0.00520730 0.13306988
v -0.01363280 -0.00990484 0.13306988
v -0.01490472 -0.01082890 0.13189759
v -0.01641394 -0.00836329 0.13189759
v -0.01752156 -0.00569311 0.13189759
v -0.01664234 -0.00263589 0.13306988
v -0.01685111 -0.00000001 0.13306988
v -0.01819504 -0.00288178 0.13189759
v -0.01842324 -0.00000001 0.13189759
v -0.01664234 0.00263587 0.13306988
v -0.01602631 0.00520728 0.13306988
v -0.01819504 0.00288186 0.13189759
v -0.01752156 0.00569310 0.13189759
v -0.01501326 0.00764964 0.13306988
v -0.01363280 0.00990482 0.13306988
v -0.01641394 0.00836337 0.13189759
v -0.01490472 0.01082897 0.13189759
v -0.01191462 0.01191461 0.13306988
v -0.00990483 0.01363288 0.13306988
v -0.01302624 0.01302623 0.13189759
v -0.01082889 0.01490471 0.13189759
v -0.00764966 0.01501335 0.13306988
v -0.00520728 0.01602640 0.13306988
v -0.00836335 0.01641403 0.13189759
v -0.00569310 0.01752155 0.13189759
v -0.00263589 0.01664243 0.13306988
v 0.00000000 0.01685110 0.13306988
v -0.00288181 0.01819503 0.13189759
v 0.00000000 0.01842333 0.13189759
v 0.00263589 0.01664243 0.13306988
v 0.00520728 0.01602640 0.13306988
v 0.00288181 0.01819512 0.13189759
v 0.00569310 0.01752165 0.13189759
v 0.00764966 0.01501335 0.13306988
v 0.00990483 0.01363288 0.13306988
v 0.00836335 0.01641403 0.13189759
v 0.01082889 0.01490471 0.13189759
v 0.01191462 0.01191461 0.13306988
v 0.01363280 0.00990482 0.13306988
v 0.01302624 0.01302623 0.13189759
v 0.01490472 0.01082897 0.13189759
v 0.01501326 0.00764964 0.13306988
v 0.01602641 0.00520728 0.13306988
v 0.01641404 0.00836337 0.13189759
v 0.01752156 0.00569310 0.13189759
v 0.01664234 0.00263587 0.13306988
v 0.01685111 -0.00000001 0.13306988
v 0.01819504 0.00288186 0.13189759
v 0.01842324 -0.00000001 0.13189759
v 0.01664234 -0.00263589 0.13306988
v 0.01602631 -0.00520730 0.13306988
v 0.01819504 -0.00288178 0.13189759
v 0.01752156 -0.00569311 0.13189759
v 0.01501326 -0.00764966 0.13306988
v 0.01363280 -0.00990484 0.13306988
v 0.01641394 -0.00836329 0.13189759
v 0.01490472 -0.01082890 0.13189759
v 0.01191462 -0.01191460 0.13306988
v 0.00990483 -0.01363280 0.13306988
v 0.01302624 -0.01302620 0.13189759
v 0.01082889 -0.01490470 0.13189759
v 0.00764965 -0.01501327 0.13306988
v 0.00520728 -0.01602633 0.13306988
v 0.00836335 -0.01641395 0.13189759
v 0.00569309 -0.01752153 0.13189759
v 0.00263589 -0.01664233 0.13306988
v 0.00000000 -0.01685108 0.13306988
v 0.00288181 -0.01819502 0.13189759
v 0.00000000 -0.01842323 0.13189759
v -0.00263589 -0.01664233 0.13306988
v -0.00520728 -0.01602633 0.13306988
v 0.00000000 -0.01685108 0.13306988
v 0.00000000 -0.01842323 0.13189759
v -0.00288181 -0.01819502 0.13189759
v -0.00569309 -0.01752153 0.13189759
v -0.00764965 -0.01501327 0.13306988
v -0.00990483 -0.01363280 0.13306988
v -0.00836335 -0.01641395 0.13189759
v -0.01082889 -0.01490470 0.13189759
v -0.01191462 -0.01191460 0.13306988
v -0.01302624 -0.01302620 0.13189759
v -0.01752156 -0.00569311 0.13189759
v -0.01641394 -0.00836329 0.13189759
v -0.01793664 -0.00913924 0.13029430
v -0.01914703 -0.00622123 0.13029420
v -0.01490472 -0.01082890 0.13189759
v -0.01628743 -0.01183350 0.13029420
v -0.01750026 -0.01271467 0.12829194
v -0.01927227 -0.00981975 0.12829194
v -0.02057272 -0.00668448 0.12829194
v -0.01842324 -0.00000001 0.13189759
v -0.01819504 -0.00288178 0.13189759
v -0.01988293 -0.00314916 0.13029430
v -0.02013233 -0.00000001 0.13029420
v -0.02136353 -0.00338361 0.12829194
v -0.02163149 -0.00000001 0.12829194
v -0.01752156 0.00569310 0.13189759
v -0.01819504 0.00288186 0.13189759
v -0.01988293 0.00314914 0.13029430
v -0.01914703 0.00622121 0.13029420
v -0.02136353 0.00338369 0.12829194
v -0.02057272 0.00668446 0.12829194
v -0.01490472 0.01082897 0.13189759
v -0.01641394 0.00836337 0.13189759
v -0.01793664 0.00913922 0.13029430
v -0.01628743 0.01183352 0.13029420
v -0.01927227 0.00981973 0.12829194
v -0.01750026 0.01271469 0.12829194
v -0.01082889 0.01490471 0.13189759
v -0.01302624 0.01302623 0.13189759
v -0.01423467 0.01423466 0.13029430
v -0.01183353 0.01628743 0.13029420
v -0.01529461 0.01529460 0.12829194
v -0.01271470 0.01750025 0.12829194
v -0.00569310 0.01752155 0.13189759
v -0.00836335 0.01641403 0.13189759
v -0.00913920 0.01793673 0.13029430
v -0.00622125 0.01914702 0.13029420
v -0.00981974 0.01927236 0.12829194
v -0.00668451 0.02057281 0.12829194
v 0.00000000 0.01842333 0.13189759
v -0.00288181 0.01819503 0.13189759
v -0.00314916 0.01988302 0.13029430
v 0.00000000 0.02013242 0.13029420
v -0.00338365 0.02136361 0.12829194
v 0.00000000 0.02163158 0.12829194
v 0.00569310 0.01752165 0.13189759
v 0.00288181 0.01819512 0.13189759
v 0.00314916 0.01988302 0.13029430
v 0.00622125 0.01914702 0.13029420
v 0.00338365 0.02136361 0.12829194
v 0.00668451 0.02057281 0.12829194
v 0.01082889 0.01490471 0.13189759
v 0.00836335 0.01641403 0.13189759
v 0.00913921 0.01793673 0.13029430
v 0.01183353 0.01628743 0.13029420
v 0.00569310 0.01752165 0.13189759
v 0.00622125 0.01914702 0.13029420
v 0.00668451 0.02057281 0.12829194
v 0.00981974 0.01927236 0.12829194
v 0.01271470 0.01750025 0.12829194
v 0.01490472 0.01082897 0.13189759
v 0.01302624 0.01302623 0.13189759
v 0.01423467 0.01423466 0.13029430
v 0.01628743 0.01183352 0.13029420
v 0.01529461 0.01529460 0.12829194
v 0.01750026 0.01271469 0.12829194
v 0.01752156 0.00569310 0.13189759
v 0.01641404 0.00836337 0.13189759
v 0.01793674 0.00913922 0.13029430
v 0.01914703 0.00622121 0.13029420
v 0.01927237 0.00981973 0.12829194
v 0.02057282 0.00668456 0.12829194
v 0.01842324 -0.00000001 0.13189759
v 0.01819504 0.00288186 0.13189759
v 0.01988303 0.00314914 0.13029430
v 0.02013233 -0.00000001 0.13029420
v 0.02136353 0.00338369 0.12829194
v 0.02163149 -0.00000001 0.12829194
v 0.01752156 -0.00569311 0.13189759
v 0.01819504 -0.00288178 0.13189759
v 0.01988303 -0.00314916 0.13029430
v 0.01914703 -0.00622123 0.13029420
v 0.02136353 -0.00338361 0.12829194
v 0.02057282 -0.00668448 0.12829194
v 0.01490472 -0.01082890 0.13189759
v 0.01641394 -0.00836329 0.13189759
v 0.01793674 -0.00913924 0.13029430
v 0.01628743 -0.01183350 0.13029420
v 0.01927237 -0.00981975 0.12829194
v 0.01750026 -0.01271467 0.12829194
v 0.01082889 -0.01490470 0.13189759
v 0.01302624 -0.01302620 0.13189759
v 0.01423467 -0.01423463 0.13029430
v 0.01183353 -0.01628740 0.13029420
v 0.01529461 -0.01529459 0.12829194
v 0.01271470 -0.01750023 0.12829194
v 0.00569309 -0.01752153 0.13189759
v 0.00836335 -0.01641395 0.13189759
v 0.00913920 -0.01793667 0.13029430
v 0.00622125 -0.01914700 0.13029420
v 0.00981974 -0.01927231 0.12829194
v 0.00668451 -0.02057275 0.12829194
v 0.00000000 -0.01842323 0.13189759
v 0.00288181 -0.01819502 0.13189759
v 0.00314916 -0.01988295 0.13029430
v 0.00000000 -0.02013235 0.13029420
v 0.00338365 -0.02136352 0.12829194
v 0.00000000 -0.02163148 0.12829194
v -0.00569309 -0.01752153 0.13189759
v -0.00288181 -0.01819502 0.13189759
v -0.00314916 -0.01988296 0.13029430
v -0.00622125 -0.01914700 0.13029420
v -0.00338365 -0.02136352 0.12829194
v -0.00668450 -0.02057275 0.12829194
v -0.01082889 -0.01490470 0.13189759
v -0.00836335 -0.01641395 0.13189759
v -0.00913920 -0.01793667 0.13029430
v -0.01183353 -0.01628740 0.13029420
v -0.00981974 -0.01927231 0.12829194
v -0.01271470 -0.01750023 0.12829194
v -0.01302624 -0.01302620 0.13189759
v -0.01423467 -0.01423463 0.13029430
v -0.01529461 -0.01529459 0.12829194
v -0.02011172 -0.01024744 0.12592265
v -0.02146884 -0.00697569 0.12592265
v -0.01826254 -0.01326848 0.12592265
v -0.01866522 -0.01356109 0.11064417
v -0.02055524 -0.01047340 0.11064417
v -0.02194224 -0.00712946 0.11064417
v -0.02229403 -0.00353103 0.12592265
v -0.02257372 -0.00000001 0.12592265
v -0.02278570 -0.00360889 0.11064417
v -0.02307145 -0.00000001 0.11064417
v -0.02229403 0.00353101 0.12592265
v -0.02146884 0.00697567 0.12592265
v -0.02278570 0.00360887 0.11064417
v -0.02194224 0.00712944 0.11064417
v -0.02011172 0.01024742 0.12592265
v -0.01826254 0.01326850 0.12592265
v -0.02055524 0.01047348 0.11064417
v -0.01866522 0.01356108 0.11064417
v -0.01596076 0.01596085 0.12592265
v -0.01326851 0.01826253 0.12592265
v -0.01631274 0.01631282 0.11064417
v -0.01356109 0.01866531 0.11064417
v -0.01024743 0.02011181 0.12592265
v -0.00697566 0.02146893 0.12592265
v -0.01047349 0.02055532 0.11064417
v -0.00712949 0.02194233 0.11064417
v -0.00353104 0.02229412 0.12592265
v 0.00000000 0.02257371 0.12592265
v -0.00360890 0.02278579 0.11064417
v 0.00000000 0.02307154 0.11064417
v 0.00353104 0.02229412 0.12592265
v 0.00697566 0.02146893 0.12592265
v 0.00360891 0.02278579 0.11064417
v 0.00712950 0.02194233 0.11064417
v 0.01024743 0.02011181 0.12592265
v 0.01326851 0.01826253 0.12592265
v 0.00697566 0.02146893 0.12592265
v 0.00712950 0.02194233 0.11064417
v 0.01047349 0.02055532 0.11064417
v 0.01356109 0.01866531 0.11064417
v 0.01596086 0.01596085 0.12592265
v 0.01826254 0.01326850 0.12592265
v 0.01631283 0.01631282 0.11064417
v 0.01866522 0.01356108 0.11064417
v 0.02011182 0.01024742 0.12592265
v 0.02146893 0.00697567 0.12592265
v 0.02055533 0.01047348 0.11064417
v 0.02194234 0.00712953 0.11064417
v 0.02229413 0.00353101 0.12592265
v 0.02257372 -0.00000001 0.12592265
v 0.02278570 0.00360887 0.11064417
v 0.02307155 -0.00000001 0.11064417
v 0.02229403 -0.00353103 0.12592265
v 0.02146884 -0.00697569 0.12592265
v 0.02278570 -0.00360889 0.11064417
v 0.02194234 -0.00712946 0.11064417
v 0.02011182 -0.01024744 0.12592265
v 0.01826254 -0.01326848 0.12592265
v 0.02055533 -0.01047340 0.11064417
v 0.01866522 -0.01356109 0.11064417
v 0.01596076 -0.01596078 0.12592265
v 0.01326851 -0.01826249 0.12592265
v 0.01631274 -0.01631276 0.11064417
v 0.01356109 -0.01866522 0.11064417
v 0.01024743 -0.02011175 0.12592265
v 0.00697566 -0.02146884 0.12592265
v 0.01047349 -0.02055526 0.11064417
v 0.00712949 -0.02194228 0.11064417
v 0.00353104 -0.02229406 0.12592265
v 0.00000000 -0.02257369 0.12592265
v 0.00360890 -0.02278569 0.11064417
v 0.00000000 -0.02307149 0.11064417
v -0.00353103 -0.02229406 0.12592265
v -0.00697565 -0.02146884 0.12592265
v -0.00360890 -0.02278569 0.11064417
v -0.00712949 -0.02194228 0.11064417
v -0.01024743 -0.02011175 0.12592265
v -0.01326851 -0.01826249 0.12592265
v -0.01047349 -0.02055526 0.11064417
v -0.01356109 -0.01866522 0.11064417
v -0.01596076 -0.01596078 0.12592265
v -0.01631274 -0.01631276 0.11064417
v -0.02210011 -0.00718074 0.02928534
v -0.02070314 -0.01054882 0.02928534
v -0.02070314 -0.01054882 0.01431038
v -0.02210011 -0.00718074 0.01431038
v -0.01879945 -0.01365862 0.02928534
v -0.01879945 -0.01365861 0.01431038
v -0.01873829 -0.01361418 0.01239174
v -0.02063573 -0.01051443 0.01239174
v -0.02202821 -0.00715740 0.01239174
v -0.02323742 -0.00000001 0.02928534
v -0.02294953 -0.00363487 0.02928534
v -0.02294953 -0.00363487 0.01431038
v -0.02323742 -0.00000001 0.01431038
v -0.02287489 -0.00362305 0.01239174
v -0.02316181 -0.00000001 0.01239174
v -0.02210011 0.00718073 0.02928534
v -0.02294953 0.00363486 0.02928534
v -0.02294953 0.00363486 0.01431038
v -0.02210011 0.00718073 0.01431038
v -0.02287489 0.00362304 0.01239174
v -0.02202821 0.00715738 0.01239174
v -0.01879945 0.01365867 0.02928534
v -0.02070314 0.01054880 0.02928534
v -0.02070314 0.01054880 0.01431038
v -0.01879945 0.01365867 0.01431038
v -0.02063573 0.01051441 0.01239174
v -0.01873829 0.01361422 0.01239174
v -0.01365859 0.01879953 0.02928534
v -0.01643006 0.01643015 0.02928534
v -0.01643006 0.01643015 0.01431038
v -0.01365859 0.01879953 0.01431038
v -0.01637663 0.01637662 0.01239174
v -0.01361423 0.01873838 0.01239174
v -0.00718076 0.02210020 0.02928534
v -0.01054881 0.02070313 0.02928534
v -0.01054881 0.02070313 0.01431038
v -0.00718076 0.02210020 0.01431038
v -0.01051442 0.02063582 0.01239174
v -0.00715741 0.02202830 0.01239174
v 0.00000000 0.02323751 0.02928534
v -0.00363486 0.02294962 0.02928534
v -0.00363486 0.02294962 0.01431038
v 0.00000000 0.02323751 0.01431038
v -0.00362303 0.02287498 0.01239174
v 0.00000000 0.02316190 0.01239174
v 0.00718077 0.02210020 0.02928534
v 0.00363486 0.02294962 0.02928534
v 0.00363486 0.02294962 0.01431038
v 0.00718077 0.02210020 0.01431038
v 0.00362303 0.02287498 0.01239174
v 0.00715742 0.02202830 0.01239174
v 0.01365868 0.01879953 0.02928534
v 0.01054881 0.02070313 0.02928534
v 0.01054881 0.02070313 0.01431038
v 0.01365868 0.01879953 0.01431038
v 0.00718077 0.02210020 0.02928534
v 0.00718077 0.02210020 0.01431038
v 0.00715742 0.02202830 0.01239174
v 0.01051442 0.02063582 0.01239174
v 0.01361423 0.01873838 0.01239174
v 0.01879954 0.01365867 0.02928534
v 0.01643006 0.01643015 0.02928534
v 0.01643006 0.01643015 0.01431038
v 0.01879954 0.01365867 0.01431038
v 0.01637663 0.01637662 0.01239174
v 0.01873839 0.01361422 0.01239174
v 0.02210011 0.00718073 0.02928534
v 0.02070314 0.01054880 0.02928534
v 0.02070314 0.01054880 0.01431038
v 0.02210011 0.00718073 0.01431038
v 0.02063583 0.01051451 0.01239174
v 0.02202821 0.00715738 0.01239174
v 0.02323742 -0.00000001 0.02928534
v 0.02294963 0.00363486 0.02928534
v 0.02294963 0.00363486 0.01431038
v 0.02323742 -0.00000001 0.01431038
v 0.02287499 0.00362304 0.01239174
v 0.02316181 -0.00000001 0.01239174
v 0.02210011 -0.00718074 0.02928534
v 0.02294963 -0.00363487 0.02928534
v 0.02294963 -0.00363487 0.01431038
v 0.02210011 -0.00718074 0.01431038
v 0.02287489 -0.00362305 0.01239174
v 0.02202821 -0.00715740 0.01239174
v 0.01879945 -0.01365862 0.02928534
v 0.02070314 -0.01054882 0.02928534
v 0.02070314 -0.01054872 0.01431038
v 0.01879945 -0.01365861 0.01431038
v 0.02063573 -0.01051443 0.01239174
v 0.01873829 -0.01361418 0.01239174
v 0.01365859 -0.01879947 0.02928534
v 0.01643006 -0.01643008 0.02928534
v 0.01643006 -0.01643008 0.01431038
v 0.01365859 -0.01879947 0.01431038
v 0.01637663 -0.01637664 0.01239174
v 0.01361423 -0.01873831 0.01239174
v 0.00718076 -0.02210010 0.02928534
v 0.01054881 -0.02070310 0.02928534
v 0.01054881 -0.02070310 0.01431038
v 0.00718076 -0.02210010 0.01431038
v 0.01051442 -0.02063575 0.01239174
v 0.00715741 -0.02202821 0.01239174
v 0.00000000 -0.02323742 0.02928534
v 0.00363486 -0.02294957 0.02928534
v 0.00363486 -0.02294957 0.01431038
v 0.00000000 -0.02323742 0.01431038
v 0.00362303 -0.02287491 0.01239174
v 0.00000000 -0.02316183 0.01239174
v -0.00718076 -0.02210010 0.02928534
v -0.00363486 -0.02294957 0.02928534
v -0.00363486 -0.02294957 0.01431038
v -0.00718076 -0.02210010 0.01431038
v -0.00362303 -0.02287491 0.01239174
v -0.00715741 -0.02202821 0.01239174
v -0.01365859 -0.01879947 0.02928534
v -0.01054881 -0.02070310 0.02928534
v -0.01054881 -0.02070310 0.01431038
v -0.01365859 -0.01879947 0.01431038
v -0.01051442 -0.02063575 0.01239174
v -0.01361423 -0.01873831 0.01239174
v -0.01643006 -0.01643008 0.02928534
v -0.01643006 -0.01643008 0.01431038
v -0.01637663 -0.01637664 0.01239174
v -0.01611550 -0.00523622 0.00702296
v -0.01544613 -0.00787024 0.00701955
v -0.01104195 -0.00562620 0.00694647
v -0.01029540 -0.00334512 0.00695996
v -0.01370870 -0.00995994 0.00702296
v -0.00875779 -0.00636288 0.00695996
v 0.00000001 -0.00000001 0.00704094
v -0.01694479 -0.00000001 0.00702296
v -0.01712220 -0.00271190 0.00701955
v -0.01224012 -0.00193868 0.00694647
v -0.01082527 -0.00000001 0.00695996
v -0.01611550 0.00523620 0.00702296
v -0.01712220 0.00271188 0.00701955
v -0.01224012 0.00193866 0.00694647
v -0.01029540 0.00334520 0.00695996
v -0.01370860 0.00995992 0.00702296
v -0.01544613 0.00787022 0.00701955
v -0.01104195 0.00562618 0.00694647
v -0.00875779 0.00636296 0.00695996
v -0.00995993 0.01370869 0.00702296
v -0.01225810 0.01225818 0.00701955
v -0.00876294 0.00876302 0.00694647
v -0.00636291 0.00875784 0.00695996
v -0.00523625 0.01611549 0.00702296
v -0.00787020 0.01544621 0.00701955
v -0.00562616 0.01104204 0.00694647
v -0.00334518 0.01029549 0.00695996
v 0.00000000 0.01694488 0.00702296
v -0.00271189 0.01712219 0.00701955
v -0.00193864 0.01224011 0.00694647
v 0.00000001 0.01082526 0.00695996
v 0.00523625 0.01611559 0.00702296
v 0.00271190 0.01712219 0.00701955
v 0.00193865 0.01224011 0.00694647
v 0.00334518 0.01029549 0.00695996
v 0.00995993 0.01370869 0.00702296
v 0.00787021 0.01544621 0.00701955
v 0.00562617 0.01104204 0.00694647
v 0.00636292 0.00875784 0.00695996
v 0.01370870 0.00995992 0.00702296
v 0.01225810 0.01225818 0.00701955
v 0.00876296 0.00876302 0.00694647
v 0.00875781 0.00636296 0.00695996
v 0.01611550 0.00523629 0.00702296
v 0.01544613 0.00787022 0.00701955
v 0.01104195 0.00562618 0.00694647
v 0.01029540 0.00334520 0.00695996
v 0.01694489 -0.00000001 0.00702296
v 0.01712220 0.00271188 0.00701955
v 0.01224012 0.00193866 0.00694647
v 0.01082527 -0.00000001 0.00695996
v 0.01611550 -0.00523622 0.00702296
v 0.01712220 -0.00271190 0.00701955
v 0.01224012 -0.00193868 0.00694647
v 0.01029540 -0.00334512 0.00695996
v 0.01370870 -0.00995994 0.00702296
v 0.01544613 -0.00787024 0.00701955
v 0.01104195 -0.00562620 0.00694647
v 0.00875781 -0.00636288 0.00695996
v 0.00995993 -0.01370864 0.00702296
v 0.01225810 -0.01225810 0.00701955
v 0.00876295 -0.00876294 0.00694647
v 0.00636292 -0.00875776 0.00695996
v 0.00523625 -0.01611548 0.00702296
v 0.00787020 -0.01544611 0.00701955
v 0.00562616 -0.01104194 0.00694647
v 0.00334518 -0.01029541 0.00695996
v 0.00000000 -0.01694482 0.00702296
v 0.00271189 -0.01712216 0.00701955
v 0.00193865 -0.01224009 0.00694647
v 0.00000000 -0.01082522 0.00695996
v -0.00523625 -0.01611548 0.00702296
v -0.00271189 -0.01712216 0.00701955
v -0.00193864 -0.01224009 0.00694647
v -0.00334518 -0.01029541 0.00695996
v -0.00995993 -0.01370864 0.00702296
v -0.00787020 -0.01544612 0.00701955
v -0.00562616 -0.01104194 0.00694647
v -0.00636291 -0.00875776 0.00695996
v -0.01225810 -0.01225812 0.00701955
v -0.00876295 -0.00876294 0.00694647
v -0.01688413 -0.01226701 0.00792475
v -0.01599690 -0.01162240 0.00734661
v -0.01761671 -0.00897620 0.00734661
v -0.01859381 -0.00947403 0.00792475
v -0.01880540 -0.00611025 0.00734661
v -0.01984845 -0.00644914 0.00792475
v -0.01855483 -0.01348089 0.01093195
v -0.02043371 -0.01041146 0.01093195
v -0.01820187 -0.01322440 0.00977158
v -0.02004490 -0.01021344 0.00977158
v -0.02139752 -0.00695244 0.00977158
v -0.02181251 -0.00708735 0.01093195
v -0.01763195 -0.01281039 0.00875111
v -0.01941744 -0.00989370 0.00875111
v -0.01688413 -0.01226701 0.00792475
v -0.01859381 -0.00947403 0.00792475
v -0.01984845 -0.00644914 0.00792475
v -0.02072766 -0.00673479 0.00875111
v -0.01952831 -0.00309299 0.00734661
v -0.02061131 -0.00326453 0.00792475
v -0.01977322 -0.00000001 0.00734661
v -0.02086990 -0.00000001 0.00792475
v -0.02265099 -0.00358759 0.01093195
v -0.02221998 -0.00351931 0.00977158
v -0.02249869 -0.00000001 0.00977158
v -0.02293507 -0.00000001 0.01093195
v -0.02152432 -0.00340911 0.00875111
v -0.02061131 -0.00326453 0.00792475
v -0.02086990 -0.00000001 0.00792475
v -0.02179434 -0.00000001 0.00875111
v -0.01952831 0.00309297 0.00734661
v -0.02061131 0.00326451 0.00792475
v -0.01880540 0.00611023 0.00734661
v -0.01984845 0.00644912 0.00792475
v -0.02265099 0.00358757 0.01093195
v -0.02221998 0.00351929 0.00977158
v -0.02139752 0.00695252 0.00977158
v -0.02181251 0.00708733 0.01093195
v -0.02152432 0.00340909 0.00875111
v -0.02061131 0.00326451 0.00792475
v -0.01984845 0.00644912 0.00792475
v -0.02072766 0.00673486 0.00875111
v -0.01761671 0.00897618 0.00734661
v -0.01859381 0.00947401 0.00792475
v -0.01599690 0.01162241 0.00734661
v -0.01688413 0.01226707 0.00792475
v -0.02043371 0.01041154 0.01093195
v -0.02004490 0.01021343 0.00977158
v -0.01820187 0.01322444 0.00977158
v -0.01855483 0.01348088 0.01093195
v -0.01941744 0.00989369 0.00875111
v -0.01859381 0.00947401 0.00792475
v -0.01688413 0.01226707 0.00792475
v -0.01763195 0.01281043 0.00875111
v -0.01398067 0.01398076 0.00734661
v -0.01475614 0.01475613 0.00792475
v -0.01162242 0.01599689 0.00734661
v -0.01226699 0.01688412 0.00792475
v -0.01621632 0.01621631 0.01093195
v -0.01590781 0.01590780 0.00977158
v -0.01322445 0.01820186 0.00977158
v -0.01348089 0.01855492 0.01093195
v -0.01540978 0.01540978 0.00875111
v -0.01475614 0.01475613 0.00792475
v -0.01226699 0.01688412 0.00792475
v -0.01281044 0.01763204 0.00875111
v -0.00897617 0.01761680 0.00734661
v -0.00947401 0.01859380 0.00792475
v -0.00611026 0.01880549 0.00734661
v -0.00644915 0.01984854 0.00792475
v -0.01041155 0.02043380 0.01093195
v -0.01021344 0.02004499 0.00977158
v -0.00695248 0.02139761 0.00977158
v -0.00708733 0.02181260 0.01093195
v -0.00989369 0.01941743 0.00875111
v -0.00947401 0.01859380 0.00792475
v -0.00644915 0.01984854 0.00792475
v -0.00673483 0.02072765 0.00875111
v -0.00309298 0.01952830 0.00734661
v -0.00326452 0.02061140 0.00792475
v 0.00000000 0.01977331 0.00734661
v 0.00000000 0.02086989 0.00792475
v -0.00358756 0.02265098 0.01093195
v -0.00351931 0.02222007 0.00977158
v 0.00000000 0.02249878 0.00977158
v 0.00000000 0.02293516 0.01093195
v -0.00340912 0.02152441 0.00875111
v -0.00326452 0.02061140 0.00792475
v 0.00000000 0.02086989 0.00792475
v 0.00000000 0.02179443 0.00875111
v 0.00309298 0.01952830 0.00734661
v 0.00326452 0.02061140 0.00792475
v 0.00611027 0.01880549 0.00734661
v 0.00644916 0.01984854 0.00792475
v 0.00358756 0.02265098 0.01093195
v 0.00351931 0.02222007 0.00977158
v 0.00695249 0.02139761 0.00977158
v 0.00708733 0.02181260 0.01093195
v 0.00340913 0.02152441 0.00875111
v 0.00326452 0.02061140 0.00792475
v 0.00644916 0.01984854 0.00792475
v 0.00673483 0.02072775 0.00875111
v 0.00897618 0.01761680 0.00734661
v 0.00947402 0.01859380 0.00792475
v 0.01162242 0.01599689 0.00734661
v 0.01226699 0.01688412 0.00792475
v 0.00708733 0.02181260 0.01093195
v 0.01041155 0.02043380 0.01093195
v 0.00695249 0.02139761 0.00977158
v 0.01021344 0.02004499 0.00977158
v 0.01322445 0.01820186 0.00977158
v 0.01348089 0.01855492 0.01093195
v 0.00673483 0.02072775 0.00875111
v 0.00989369 0.01941743 0.00875111
v 0.00644916 0.01984854 0.00792475
v 0.00947402 0.01859380 0.00792475
v 0.01226699 0.01688412 0.00792475
v 0.01281044 0.01763204 0.00875111
v 0.01398077 0.01398076 0.00734661
v 0.01475614 0.01475613 0.00792475
v 0.01599690 0.01162241 0.00734661
v 0.01688413 0.01226707 0.00792475
v 0.01621632 0.01621631 0.01093195
v 0.01590781 0.01590780 0.00977158
v 0.01820187 0.01322444 0.00977158
v 0.01855483 0.01348088 0.01093195
v 0.01540978 0.01540978 0.00875111
v 0.01475614 0.01475613 0.00792475
v 0.01688413 0.01226707 0.00792475
v 0.01763205 0.01281043 0.00875111
v 0.01761671 0.00897618 0.00734661
v 0.01859381 0.00947401 0.00792475
v 0.01880550 0.00611023 0.00734661
v 0.01984845 0.00644912 0.00792475
v 0.02043371 0.01041154 0.01093195
v 0.02004500 0.01021343 0.00977158
v 0.02139752 0.00695252 0.00977158
v 0.02181261 0.00708733 0.01093195
v 0.01941744 0.00989369 0.00875111
v 0.01859381 0.00947401 0.00792475
v 0.01984845 0.00644912 0.00792475
v 0.02072766 0.00673486 0.00875111
v 0.01952831 0.00309297 0.00734661
v 0.02061141 0.00326451 0.00792475
v 0.01977322 -0.00000001 0.00734661
v 0.02086990 -0.00000001 0.00792475
v 0.02265099 0.00358757 0.01093195
v 0.02221998 0.00351929 0.00977158
v 0.02249869 -0.00000001 0.00977158
v 0.02293507 -0.00000001 0.01093195
v 0.02152442 0.00340909 0.00875111
v 0.02061141 0.00326451 0.00792475
v 0.02086990 -0.00000001 0.00792475
v 0.02179434 -0.00000001 0.00875111
v 0.01952831 -0.00309299 0.00734661
v 0.02061141 -0.00326453 0.00792475
v 0.01880540 -0.00611025 0.00734661
v 0.01984845 -0.00644914 0.00792475
v 0.02265099 -0.00358759 0.01093195
v 0.02221998 -0.00351931 0.00977158
v 0.02139752 -0.00695244 0.00977158
v 0.02181251 -0.00708735 0.01093195
v 0.02152442 -0.00340911 0.00875111
v 0.02061141 -0.00326453 0.00792475
v 0.01984845 -0.00644914 0.00792475
v 0.02072766 -0.00673479 0.00875111
v 0.01761671 -0.00897620 0.00734661
v 0.01859381 -0.00947403 0.00792475
v 0.01599690 -0.01162240 0.00734661
v 0.01688413 -0.01226701 0.00792475
v 0.02043371 -0.01041146 0.01093195
v 0.02004500 -0.01021344 0.00977158
v 0.01820187 -0.01322440 0.00977158
v 0.01855483 -0.01348090 0.01093195
v 0.01941744 -0.00989370 0.00875111
v 0.01859381 -0.00947403 0.00792475
v 0.01688413 -0.01226701 0.00792475
v 0.01763205 -0.01281039 0.00875111
v 0.01398067 -0.01398069 0.00734661
v 0.01475614 -0.01475610 0.00792475
v 0.01162242 -0.01599685 0.00734661
v 0.01226699 -0.01688408 0.00792475
v 0.01621632 -0.01621629 0.01093195
v 0.01590781 -0.01590775 0.00977158
v 0.01322445 -0.01820181 0.00977158
v 0.01348089 -0.01855484 0.01093195
v 0.01540978 -0.01540973 0.00875111
v 0.01475614 -0.01475610 0.00792475
v 0.01226699 -0.01688408 0.00792475
v 0.01281044 -0.01763198 0.00875111
v 0.00897617 -0.01761670 0.00734661
v 0.00947401 -0.01859376 0.00792475
v 0.00611026 -0.01880543 0.00734661
v 0.00644915 -0.01984842 0.00792475
v 0.01041155 -0.02043371 0.01093195
v 0.01021344 -0.02004493 0.00977158
v 0.00695248 -0.02139752 0.00977158
v 0.00708733 -0.02181252 0.01093195
v 0.00989369 -0.01941740 0.00875111
v 0.00947401 -0.01859376 0.00792475
v 0.00644915 -0.01984842 0.00792475
v 0.00673483 -0.02072764 0.00875111
v 0.00309298 -0.01952827 0.00734661
v 0.00326452 -0.02061135 0.00792475
v 0.00000000 -0.01977321 0.00734661
v 0.00000000 -0.02086988 0.00792475
v 0.00358756 -0.02265095 0.01093195
v 0.00351931 -0.02221999 0.00977158
v 0.00000000 -0.02249869 0.00977158
v 0.00000000 -0.02293505 0.01093195
v 0.00340912 -0.02152435 0.00875111
v 0.00326452 -0.02061135 0.00792475
v 0.00000000 -0.02086988 0.00792475
v 0.00000000 -0.02179433 0.00875111
v -0.00309298 -0.01952827 0.00734661
v -0.00326452 -0.02061135 0.00792475
v -0.00611026 -0.01880543 0.00734661
v -0.00644915 -0.01984843 0.00792475
v -0.00358756 -0.02265095 0.01093195
v -0.00351930 -0.02221999 0.00977158
v -0.00695248 -0.02139752 0.00977158
v -0.00708732 -0.02181253 0.01093195
v -0.00340912 -0.02152435 0.00875111
v -0.00326452 -0.02061135 0.00792475
v -0.00644915 -0.01984843 0.00792475
v -0.00673483 -0.02072764 0.00875111
v -0.00897617 -0.01761670 0.00734661
v -0.00947401 -0.01859376 0.00792475
v -0.01162242 -0.01599685 0.00734661
v -0.01226699 -0.01688408 0.00792475
v -0.01041155 -0.02043371 0.01093195
v -0.01021344 -0.02004493 0.00977158
v -0.01322445 -0.01820181 0.00977158
v -0.01348089 -0.01855484 0.01093195
v -0.00989369 -0.01941740 0.00875111
v -0.00947401 -0.01859376 0.00792475
v -0.01226699 -0.01688408 0.00792475
v -0.01281044 -0.01763198 0.00875111
v -0.01398067 -0.01398069 0.00734661
v -0.01475614 -0.01475610 0.00792475
v -0.01540978 -0.01540973 0.00875111
v -0.01475614 -0.01475610 0.00792475
v -0.01590781 -0.01590775 0.00977158
v -0.01621632 -0.01621629 0.01093195
v 0.01030018 -0.01030010 0.14400984
v 0.00856270 -0.01178553 0.14400984
v 0.01178557 -0.00856267 0.14400984
v 0.00661311 -0.01297893 0.14400984
v 0.00450168 -0.01385473 0.14400984
v 0.00227873 -0.01438726 0.14400984
v 0.00000000 -0.01456772 0.14400984
v -0.00227872 -0.01438726 0.14400984
v -0.00450168 -0.01385473 0.14400984
v 0.00000000 -0.01456772 0.14400984
v -0.00661310 -0.01297893 0.14400984
v -0.00856270 -0.01178554 0.14400984
v -0.01030018 -0.01030010 0.14400984
v -0.01178557 -0.00856267 0.14400984
v -0.01297895 -0.00661306 0.14400984
v -0.01385475 -0.00450168 0.14400984
v -0.01438726 -0.00227874 0.14400984
v -0.01456769 -0.00000001 0.14400984
v -0.01438726 0.00227872 0.14400984
v -0.01385475 0.00450166 0.14400984
v -0.01297895 0.00661314 0.14400984
v -0.01178557 0.00856275 0.14400984
v -0.01030018 0.01030018 0.14400984
v -0.00856270 0.01178556 0.14400984
v -0.00661311 0.01297894 0.14400984
v -0.00450168 0.01385474 0.14400984
v -0.00227873 0.01438735 0.14400984
v 0.00000000 0.01456778 0.14400984
v 0.00227873 0.01438735 0.14400984
v 0.00450168 0.01385474 0.14400984
v 0.00661311 0.01297904 0.14400984
v 0.00856272 0.01178556 0.14400984
v 0.01030018 0.01030018 0.14400984
v 0.01178557 0.00856275 0.14400984
v 0.01297895 0.00661314 0.14400984
v 0.01385475 0.00450166 0.14400984
v 0.01438726 0.00227872 0.14400984
v 0.01456779 -0.00000001 0.14400984
v 0.01438726 -0.00227874 0.14400984
v 0.01385475 -0.00450168 0.14400984
v 0.01297895 -0.00661306 0.14400984
v 0.02070314 0.01054880 0.06991420
v 0.02210011 0.00718073 0.06991420
v 0.01879954 0.01365867 0.06991420
v 0.01643006 0.01643015 0.06991420
v 0.01365868 0.01879953 0.06991420
v 0.01054881 0.02070313 0.06991420
v 0.00718077 0.02210020 0.06991420
v 0.00363486 0.02294962 0.06991420
v 0.00718077 0.02210020 0.06991420
v 0.00000000 0.02323751 0.06991420
v -0.00363486 0.02294962 0.06991420
v -0.00718076 0.02210020 0.06991420
v -0.01054881 0.02070313 0.06991420
v -0.01365859 0.01879953 0.06991420
v -0.01643006 0.01643015 0.06991420
v -0.01879945 0.01365867 0.06991420
v -0.02070314 0.01054880 0.06991420
v -0.02210011 0.00718073 0.06991420
v -0.02294953 0.00363486 0.06991420
v -0.02323742 -0.00000001 0.06991420
v -0.02294953 -0.00363487 0.06991420
v -0.02210011 -0.00718074 0.06991420
v -0.02070314 -0.01054882 0.06991420
v -0.01879945 -0.01365861 0.06991420
v -0.01643006 -0.01643008 0.06991420
v -0.01365859 -0.01879947 0.06991420
v -0.01054881 -0.02070310 0.06991420
v -0.00718076 -0.02210010 0.06991420
v -0.00363486 -0.02294957 0.06991420
v 0.00000000 -0.02323742 0.06991420
v 0.00363486 -0.02294957 0.06991420
v 0.00718076 -0.02210010 0.06991420
v 0.01054881 -0.02070310 0.06991420
v 0.01365859 -0.01879947 0.06991420
v 0.01643006 -0.01643008 0.06991420
v 0.01879945 -0.01365861 0.06991420
v 0.02070314 -0.01054882 0.06991420
v 0.02210011 -0.00718074 0.06991420
v 0.02294963 -0.00363487 0.06991420
v 0.02323742 -0.00000001 0.06991420
v 0.02294963 0.00363486 0.06991420
v 0.00322048 -0.01512245 0.15231948
v -0.01512248 0.00322045 0.14027787
vt 0.05201390 0.52709299
vt 0.06533850 0.52906501
vt 0.06936620 0.51422101
vt 0.05639870 0.51198500
vt 0.07849300 0.53078300
vt 0.08218260 0.51609200
vt 0.08519770 0.50639796
vt 0.07276230 0.50448400
vt 0.06023830 0.50213099
vt 0.09150740 0.53227496
vt 0.09487630 0.51768303
vt 0.10440700 0.53357303
vt 0.10747200 0.51904404
vt 0.10986000 0.50938100
vt 0.09755800 0.50801003
vt 0.11721600 0.53471196
vt 0.11999400 0.52022600
vt 0.12995100 0.53570998
vt 0.13245900 0.52125299
vt 0.13435100 0.51160204
vt 0.12212100 0.51056898
vt 0.14263099 0.53658903
vt 0.14488100 0.52215201
vt 0.15526401 0.53735799
vt 0.15727100 0.52292800
vt 0.15875600 0.51328802
vt 0.14656100 0.51250601
vt 0.16786100 0.53802598
vt 0.16963600 0.52358800
vt 0.18042800 0.53862500
vt 0.18198000 0.52418804
vt 0.18312000 0.51455301
vt 0.17094199 0.51395202
vt 0.19296999 0.53918397
vt 0.19430900 0.52478200
vt 0.20549600 0.53966796
vt 0.20662799 0.52530098
vt 0.20745900 0.51566303
vt 0.19529100 0.51514602
vt 0.21801201 0.54004002
vt 0.21894599 0.52567196
vt 0.23051700 0.54032397
vt 0.23125900 0.52594304
vt 0.23179799 0.51630604
vt 0.21962801 0.51603401
vt 0.24301200 0.54054403
vt 0.24356601 0.52615899
vt 0.25549901 0.54070103
vt 0.25586700 0.52631801
vt 0.25613499 0.51668704
vt 0.24396700 0.51652503
vt 0.26797900 0.54079497
vt 0.26816401 0.52641499
vt 0.28045499 0.54082704
vt 0.28045699 0.52645099
vt 0.28046000 0.51682603
vt 0.26829901 0.51678598
vt 0.29292899 0.54079604
vt 0.29274601 0.52642703
vt 0.30540201 0.54069996
vt 0.30503401 0.52634096
vt 0.30477199 0.51672900
vt 0.29261801 0.51680803
vt 0.31787801 0.54053700
vt 0.31731999 0.52619004
vt 0.33035699 0.54030001
vt 0.32960799 0.52596998
vt 0.32907200 0.51638198
vt 0.31692299 0.51658899
vt 0.34284201 0.53998303
vt 0.34189701 0.52567500
vt 0.35533401 0.53959703
vt 0.35418600 0.52529901
vt 0.35336000 0.51573801
vt 0.34121799 0.51610601
vt 0.36783499 0.53915298
vt 0.36647701 0.52483797
vt 0.38034800 0.53862500
vt 0.37876800 0.52429199
vt 0.37761900 0.51468503
vt 0.36549401 0.51525497
vt 0.39287299 0.53798699
vt 0.39105999 0.52366000
vt 0.40541700 0.53724504
vt 0.40336001 0.52293199
vt 0.40184599 0.51334703
vt 0.38973600 0.51405799
vt 0.41798899 0.53640604
vt 0.41567299 0.52209997
vt 0.43059599 0.53545600
vt 0.42800599 0.52114904
vt 0.42606601 0.51158601
vt 0.41395500 0.51252699
vt 0.44324601 0.53437799
vt 0.44036600 0.52006501
vt 0.45595500 0.53314501
vt 0.45276600 0.51881599
vt 0.45031199 0.50928402
vt 0.43818301 0.51051599
vt 0.46873501 0.53173196
vt 0.46521699 0.51737201
vt 0.48160699 0.53009200
vt 0.47773799 0.51567000
vt 0.47464001 0.50617504
vt 0.46246099 0.50785899
vt 0.49459299 0.52818000
vt 0.49034899 0.51365000
vt 0.50771898 0.52594000
vt 0.50307101 0.51120198
vt 0.49912199 0.50166702
vt 0.48685899 0.50416303
vt 0.52101302 0.52331603
vt 0.51592600 0.50821400
vt 0.53360897 0.51516801
vt 0.52884799 0.50495696
vt 0.52408701 0.49474603
vt 0.51143301 0.49853098
vt 0.02548300 0.51708299
vt 0.03848930 0.52484202
vt 0.04325210 0.50930101
vt 0.03001590 0.50639296
vt 0.04761180 0.49919897
vt 0.03454880 0.49570400
vt 0.07643850 0.49494100
vt 0.06447790 0.49253798
vt 0.08841100 0.49686599
vt 0.09156240 0.48803598
vt 0.08007210 0.48612303
vt 0.06870970 0.48373097
vt 0.10038100 0.49848300
vt 0.11235000 0.49985701
vt 0.11476400 0.49102300
vt 0.10313100 0.48964900
vt 0.12432100 0.50105000
vt 0.13629600 0.50208998
vt 0.13816699 0.49326903
vt 0.12644500 0.49222100
vt 0.14827800 0.50300503
vt 0.16026799 0.50381100
vt 0.16171400 0.49502897
vt 0.14992400 0.49419600
vt 0.17227100 0.50452501
vt 0.18427999 0.50514197
vt 0.18537900 0.49642402
vt 0.17353500 0.49579197
vt 0.19629300 0.50565803
vt 0.20830700 0.50609499
vt 0.20910500 0.49722499
vt 0.19723900 0.49686497
vt 0.22032000 0.50647402
vt 0.23233700 0.50678802
vt 0.23283900 0.49796802
vt 0.22096901 0.49761200
vt 0.24436000 0.50702798
vt 0.25638601 0.50719798
vt 0.25661400 0.49840802
vt 0.24472199 0.49822903
vt 0.26841399 0.50730300
vt 0.28044099 0.50734699
vt 0.28040901 0.49856400
vt 0.26851100 0.49851698
vt 0.29246300 0.50733399
vt 0.30448100 0.50726300
vt 0.30419201 0.49849302
vt 0.29230300 0.49855602
vt 0.31649500 0.50713199
vt 0.32850200 0.50693500
vt 0.32794499 0.49818403
vt 0.31607401 0.49837297
vt 0.34050101 0.50666499
vt 0.35248899 0.50629902
vt 0.35164100 0.49754798
vt 0.33980200 0.49791300
vt 0.36446100 0.50581700
vt 0.37641600 0.50524801
vt 0.37524700 0.49651498
vt 0.36345699 0.49707597
vt 0.38835099 0.50461996
vt 0.40026599 0.50391102
vt 0.39873400 0.49516898
vt 0.38700700 0.49588400
vt 0.41216400 0.50309598
vt 0.42404199 0.50216496
vt 0.42208099 0.49343199
vt 0.41042700 0.49435502
vt 0.43590099 0.50110900
vt 0.44773999 0.49989700
vt 0.44524500 0.49119800
vt 0.43369001 0.49238801
vt 0.45955801 0.49850303
vt 0.47135201 0.49685699
vt 0.46814701 0.48824000
vt 0.45673701 0.48983502
vt 0.48311901 0.49489498
vt 0.49483201 0.49243802
vt 0.49060801 0.48399299
vt 0.47945800 0.48634899
vt 0.50646299 0.48931098
vt 0.51805198 0.48584801
vt 0.51201600 0.47695100
vt 0.50153702 0.48099798
vt 0.05254400 0.48948699
vt 0.04062340 0.48611200
vt 0.05752420 0.48068398
vt 0.04669800 0.47652000
vt 0.08334060 0.47856098
vt 0.07252570 0.47623199
vt 0.09439140 0.48045099
vt 0.09673530 0.47434700
vt 0.08604250 0.47248501
vt 0.07566740 0.47023702
vt 0.10559700 0.48205501
vt 0.11692500 0.48343003
vt 0.11872000 0.47731698
vt 0.10764300 0.47594100
vt 0.12834400 0.48463303
vt 0.13983800 0.48569000
vt 0.14123000 0.47959000
vt 0.12992300 0.47852498
vt 0.15139300 0.48662698
vt 0.16299900 0.48746800
vt 0.16406900 0.48137599
vt 0.15261599 0.48053497
vt 0.17464800 0.48823500
vt 0.18633500 0.48887098
vt 0.18712400 0.48276103
vt 0.17557301 0.48212898
vt 0.19805101 0.48931599
vt 0.20978400 0.48967999
vt 0.21034101 0.48364502
vt 0.19871800 0.48324400
vt 0.22152200 0.49006802
vt 0.23327000 0.49042398
vt 0.23362800 0.48437202
vt 0.22197700 0.48403198
vt 0.24503300 0.49068898
vt 0.25680700 0.49087203
vt 0.25697199 0.48481601
vt 0.24529301 0.48463303
vt 0.26859099 0.49098200
vt 0.28037599 0.49102998
vt 0.28035700 0.48497301
vt 0.26866299 0.48492497
vt 0.29215699 0.49102700
vt 0.30393100 0.49097103
vt 0.30372399 0.48492402
vt 0.29204401 0.48497301
vt 0.31569701 0.49086303
vt 0.32744801 0.49068302
vt 0.32704699 0.48465699
vt 0.31539500 0.48482698
vt 0.33917901 0.49041301
vt 0.35088399 0.49004698
vt 0.35026699 0.48402202
vt 0.33867300 0.48438901
vt 0.36256000 0.48957902
vt 0.37420201 0.48902100
vt 0.37334499 0.48299301
vt 0.36182600 0.48355299
vt 0.38580501 0.48838598
vt 0.39736500 0.48766500
vt 0.39624101 0.48162901
vt 0.38481900 0.48235399
vt 0.40887699 0.48685098
vt 0.42033201 0.48593301
vt 0.41889599 0.47989702
vt 0.40760401 0.48081398
vt 0.43171901 0.48489797
vt 0.44302300 0.48372501
vt 0.44120401 0.47770798
vt 0.43010399 0.47886801
vt 0.45422700 0.48239100
vt 0.46529701 0.48084402
vt 0.46296999 0.47489101
vt 0.45217401 0.47639602
vt 0.47620201 0.47903299
vt 0.48685801 0.47681201
vt 0.48381701 0.47106498
vt 0.47354999 0.47315001
vt 0.49718100 0.47403800
vt 0.50733799 0.47098601
vt 0.50265998 0.46502101
vt 0.49367601 0.46852797
vt 0.06202830 0.47330803
vt 0.05168970 0.47008801
vt 0.06571250 0.46748197
vt 0.05668140 0.46365601
vt 0.08797670 0.46812397
vt 0.07787610 0.46594298
vt 0.09843120 0.46996301
vt 0.10040600 0.46449798
vt 0.09015020 0.46272802
vt 0.08024820 0.46065301
vt 0.10913600 0.47154802
vt 0.12003900 0.47292399
vt 0.12166800 0.46732801
vt 0.11093000 0.46601802
vt 0.13109000 0.47413599
vt 0.14226100 0.47520602
vt 0.14360000 0.46947199
vt 0.13256900 0.46846998
vt 0.15352701 0.47615600
vt 0.16486900 0.47699797
vt 0.16595100 0.47113401
vt 0.15473300 0.47035998
vt 0.17626999 0.47774398
vt 0.18772601 0.47837800
vt 0.18858400 0.47233498
vt 0.17723700 0.47179300
vt 0.19923000 0.47888398
vt 0.21077000 0.47930700
vt 0.21141800 0.47310197
vt 0.19998200 0.47275603
vt 0.22233100 0.47969401
vt 0.23390999 0.48002601
vt 0.23435900 0.47368300
vt 0.22287899 0.47341502
vt 0.24550401 0.48028398
vt 0.25711200 0.48046798
vt 0.25872600 0.47396201
vt 0.24585401 0.47389102
vt 0.26873600 0.48057401
vt 0.28036499 0.48062003
vt 0.28064901 0.47571403
vt 0.26978201 0.47625500
vt 0.29198501 0.48062098
vt 0.30359700 0.48057801
vt 0.30350801 0.47581702
vt 0.29196900 0.47567397
vt 0.31519899 0.48049098
vt 0.32677999 0.48033100
vt 0.32653001 0.47569799
vt 0.31503299 0.47582901
vt 0.33832800 0.48006499
vt 0.34983999 0.47969598
vt 0.34940100 0.47499299
vt 0.33798599 0.47541100
vt 0.36131299 0.47922403
vt 0.37274200 0.47865999
vt 0.37209600 0.47385001
vt 0.36077300 0.47447002
vt 0.38412100 0.47801697
vt 0.39544299 0.47728801
vt 0.39456901 0.47235101
vt 0.38336501 0.47314399
vt 0.40669999 0.47647101
vt 0.41787699 0.47555500
vt 0.41674000 0.47048998
vt 0.40569901 0.47146797
vt 0.42895699 0.47452903
vt 0.43991500 0.47337598
vt 0.43847501 0.46821600
vt 0.42767400 0.46941203
vt 0.45072499 0.47207803
vt 0.46133599 0.47059900
vt 0.45954400 0.46539199
vt 0.44911399 0.46688402
vt 0.47170100 0.46890497
vt 0.48172301 0.46691900
vt 0.47955999 0.46180898
vt 0.46972001 0.46371597
vt 0.49130401 0.46456701
vt 0.50066602 0.46202999
vt 0.49867100 0.45903897
vt 0.48898500 0.45962399
vt 0.06823310 0.46332997
vt 0.05881890 0.46050000
vt 0.07078620 0.45821601
vt 0.06095650 0.45734400
vt 0.09654420 0.40766603
vt 0.10584500 0.40892100
vt 0.10814000 0.39545798
vt 0.09888170 0.39414102
vt 0.11530300 0.41007000
vt 0.11752600 0.39669901
vt 0.11968000 0.38365799
vt 0.11036300 0.38232201
vt 0.10115300 0.38094097
vt 0.12492000 0.41108698
vt 0.12704600 0.39784098
vt 0.13469100 0.41194999
vt 0.13669901 0.39886397
vt 0.13864601 0.38610899
vt 0.12910700 0.38492501
vt 0.14460801 0.41263700
vt 0.14647999 0.39975101
vt 0.15465599 0.41318297
vt 0.15638000 0.40051800
vt 0.15805300 0.38818699
vt 0.14829600 0.38719702
vt 0.16481499 0.41362000
vt 0.16638701 0.40118200
vt 0.17507499 0.41394901
vt 0.17649300 0.40174401
vt 0.17786901 0.38987398
vt 0.16791300 0.38907897
vt 0.18542400 0.41417301
vt 0.18668699 0.40220398
vt 0.19584900 0.41430902
vt 0.19696000 0.40257198
vt 0.19803999 0.39117002
vt 0.18791400 0.39056998
vt 0.20633800 0.41437399
vt 0.20730200 0.40285802
vt 0.21687999 0.41438401
vt 0.21770100 0.40307301
vt 0.21850000 0.39209700
vt 0.20823801 0.39167798
vt 0.22746301 0.41435403
vt 0.22814900 0.40322399
vt 0.23807900 0.41429198
vt 0.23863500 0.40331799
vt 0.23917700 0.39267898
vt 0.22881600 0.39243001
vt 0.24871700 0.41420799
vt 0.24914999 0.40335900
vt 0.25936899 0.41411400
vt 0.25968599 0.40335703
vt 0.25999701 0.39293802
vt 0.24957301 0.39284801
vt 0.27002400 0.41402102
vt 0.27023500 0.40331900
vt 0.28067601 0.41388601
vt 0.28078800 0.40322298
vt 0.28090101 0.39289302
vt 0.27044201 0.39295298
vt 0.29131800 0.41366601
vt 0.29133901 0.40304601
vt 0.30194101 0.41332299
vt 0.30188000 0.40276998
vt 0.30182999 0.39254397
vt 0.29136601 0.39275497
vt 0.31253400 0.41281497
vt 0.31240299 0.40237600
vt 0.32308799 0.41217798
vt 0.32289901 0.40189099
vt 0.32272601 0.39192998
vt 0.31228599 0.39226300
vt 0.33359200 0.41144502
vt 0.33335999 0.40134102
vt 0.34406400 0.41077298
vt 0.34378400 0.40082902
vt 0.34351599 0.39119399
vt 0.33314300 0.39156502
vt 0.35452199 0.41032201
vt 0.35416800 0.40045601
vt 0.36475000 0.41013300
vt 0.36451101 0.40023297
vt 0.36406001 0.39049703
vt 0.35382399 0.39084399
vt 0.37453201 0.41024798
vt 0.37481201 0.40016800
vt 0.38482499 0.41326398
vt 0.38408199 0.39890897
vt 0.38404900 0.38940001
vt 0.37421900 0.39013398
vt 0.39511999 0.40035498
vt 0.39133400 0.39510101
vt 0.40304601 0.38957101
vt 0.39329600 0.38793898
vt 0.40621099 0.42019898
vt 0.41731501 0.41748101
vt 0.41567400 0.40286702
vt 0.40663800 0.40465802
vt 0.42717800 0.41594601
vt 0.42546901 0.40155602
vt 0.42382601 0.38750303
vt 0.41409701 0.38858902
vt 0.43690500 0.41441602
vt 0.43514100 0.40022600
vt 0.44649300 0.41290402
vt 0.44469100 0.39889199
vt 0.44295701 0.38521397
vt 0.43344599 0.38637203
vt 0.45594001 0.41142303
vt 0.45411700 0.39756900
vt 0.46525100 0.41002101
vt 0.46342501 0.39629501
vt 0.46166101 0.38289797
vt 0.45236200 0.38404697
vt 0.47442999 0.40874302
vt 0.47261900 0.39510602
vt 0.48409900 0.41150302
vt 0.48175699 0.39396000
vt 0.47941601 0.37641698
vt 0.47085300 0.38179398
vt 0.07760910 0.40893501
vt 0.08739950 0.40633100
vt 0.08974620 0.39277202
vt 0.08067180 0.39137697
vt 0.09204260 0.37953597
vt 0.08373460 0.37382001
vt 0.37802601 0.19145101
vt 0.36662701 0.19173700
vt 0.36664701 0.19500297
vt 0.37806800 0.19470501
vt 0.35522801 0.19202203
vt 0.35525900 0.19527000
vt 0.35528401 0.19880599
vt 0.36667600 0.19853801
vt 0.37809801 0.19823998
vt 0.34388399 0.19223499
vt 0.34389701 0.19550103
vt 0.33254099 0.19244701
vt 0.33255699 0.19569200
vt 0.33257201 0.19922698
vt 0.34391701 0.19903600
vt 0.32123500 0.19257498
vt 0.32123500 0.19584101
vt 0.30992901 0.19270200
vt 0.30992800 0.19594502
vt 0.30992800 0.19948000
vt 0.32124299 0.19937599
vt 0.29864699 0.19273698
vt 0.29863200 0.19600397
vt 0.28736499 0.19277298
vt 0.28734499 0.19601500
vt 0.28732899 0.19954997
vt 0.29862401 0.19953901
vt 0.27609500 0.19271201
vt 0.27606499 0.19597799
vt 0.26482600 0.19265097
vt 0.26478800 0.19589198
vt 0.26475501 0.19942701
vt 0.27603999 0.19951302
vt 0.25355899 0.19249099
vt 0.25351200 0.19575697
vt 0.24229200 0.19233102
vt 0.24223500 0.19557202
vt 0.24218500 0.19910699
vt 0.25347099 0.19929200
vt 0.23101400 0.19207197
vt 0.23095299 0.19533801
vt 0.21973699 0.19181299
vt 0.21966200 0.19505501
vt 0.21959800 0.19858998
vt 0.23089500 0.19887298
vt 0.20843300 0.19145799
vt 0.20835900 0.19472402
vt 0.19712900 0.19110298
vt 0.19703799 0.19434702
vt 0.19696300 0.19788200
vt 0.20828900 0.19825900
vt 0.18577400 0.19066101
vt 0.18569200 0.19392598
vt 0.17442000 0.19021899
vt 0.17431401 0.19346702
vt 0.17423500 0.19700199
vt 0.18561400 0.19746101
vt 0.16297901 0.18971097
vt 0.16289499 0.19297600
vt 0.15153800 0.18920302
vt 0.15142199 0.19246203
vt 0.15134600 0.19599402
vt 0.16281600 0.19650900
vt 0.13995799 0.18867302
vt 0.13988200 0.19193703
vt 0.12837900 0.18814403
vt 0.12825701 0.19142002
vt 0.12819400 0.19494897
vt 0.13981099 0.19546801
vt 0.11659700 0.18767202
vt 0.11653200 0.19093198
vt 0.10481500 0.18719900
vt 0.10469400 0.19049501
vt 0.10463800 0.19401699
vt 0.11647700 0.19445801
vt 0.09281000 0.18686998
vt 0.09272960 0.19013000
vt 0.08080470 0.18654102
vt 0.08069100 0.18977600
vt 0.08055460 0.19330502
vt 0.09265780 0.19365102
vt 0.06885610 0.18610102
vt 0.06862970 0.18937200
vt 0.05690750 0.18566102
vt 0.05655690 0.18894398
vt 0.05620620 0.19222599
vt 0.06834850 0.19292301
vt 0.51959598 0.18906200
vt 0.50768501 0.18916798
vt 0.50782001 0.19242603
vt 0.51985699 0.19233102
vt 0.49577299 0.18927401
vt 0.49575901 0.19248098
vt 0.49581000 0.19598800
vt 0.50801897 0.19594997
vt 0.52011800 0.19559902
vt 0.48366600 0.18920302
vt 0.48365101 0.19245303
vt 0.47155899 0.18913102
vt 0.47156799 0.19244301
vt 0.47153601 0.19595599
vt 0.48363501 0.19595897
vt 0.45961401 0.18929201
vt 0.45958501 0.19254899
vt 0.44766900 0.18945199
vt 0.44770101 0.19274902
vt 0.44768599 0.19627601
vt 0.45955700 0.19606900
vt 0.43591899 0.18975902
vt 0.43591499 0.19302201
vt 0.42416999 0.19006598
vt 0.42421499 0.19334298
vt 0.42422599 0.19687498
vt 0.43591401 0.19655198
vt 0.41257700 0.19042099
vt 0.41259101 0.19368601
vt 0.40098399 0.19077498
vt 0.40103099 0.19403702
vt 0.40105799 0.19757199
vt 0.41261101 0.19722003
vt 0.38950500 0.19111300
vt 0.38952601 0.19437999
vt 0.38955599 0.19791400
vt 0.36672100 0.20261103
vt 0.37814400 0.20231199
vt 0.35532600 0.20287800
vt 0.35536700 0.20690602
vt 0.36676499 0.20663899
vt 0.37818900 0.20634001
vt 0.34395501 0.20310903
vt 0.33260199 0.20330000
vt 0.33263201 0.20732701
vt 0.34399000 0.20713598
vt 0.32126600 0.20344800
vt 0.30994299 0.20355302
vt 0.30995700 0.20757997
vt 0.32128900 0.20747602
vt 0.29863000 0.20361102
vt 0.28732601 0.20362198
vt 0.28732201 0.20764899
vt 0.29863599 0.20763803
vt 0.27602699 0.20358503
vt 0.26473200 0.20349997
vt 0.26470900 0.20752698
vt 0.27601400 0.20761299
vt 0.25343800 0.20336503
vt 0.24214400 0.20318002
vt 0.24210300 0.20720798
vt 0.25340599 0.20739198
vt 0.23084500 0.20294601
vt 0.21954000 0.20266300
vt 0.21948400 0.20669198
vt 0.23079599 0.20697498
vt 0.20822500 0.20233202
vt 0.19689301 0.20195502
vt 0.19682600 0.20598400
vt 0.20816199 0.20636100
vt 0.18554200 0.20153397
vt 0.17416200 0.20107400
vt 0.17409100 0.20510203
vt 0.18547100 0.20556301
vt 0.16274500 0.20058101
vt 0.15128000 0.20006400
vt 0.15121700 0.20408899
vt 0.16267700 0.20460802
vt 0.13975300 0.19953400
vt 0.12814701 0.19901103
vt 0.12810500 0.20302600
vt 0.13970000 0.20355600
vt 0.11644100 0.19851297
vt 0.10460300 0.19806600
vt 0.10458000 0.20206398
vt 0.11641200 0.20252001
vt 0.09260310 0.19769597
vt 0.08040110 0.19736499
vt 0.08027450 0.20137101
vt 0.09256650 0.20168602
vt 0.06795790 0.19703400
vt 0.05539410 0.19670302
vt 0.05458190 0.20118099
vt 0.06760530 0.20110399
vt 0.50834298 0.20000601
vt 0.52088302 0.19998997
vt 0.49589199 0.20000601
vt 0.49594900 0.20397002
vt 0.50863898 0.20402002
vt 0.52164799 0.20438099
vt 0.48361701 0.19997698
vt 0.47150201 0.19998997
vt 0.47145700 0.20397198
vt 0.48358199 0.20393902
vt 0.45952901 0.20011598
vt 0.44767600 0.20033300
vt 0.44766000 0.20434201
vt 0.45949399 0.20411402
vt 0.43592101 0.20061600
vt 0.42424801 0.20094299
vt 0.42426601 0.20496500
vt 0.43592301 0.20463300
vt 0.41264400 0.20129001
vt 0.40109900 0.20164299
vt 0.40113699 0.20566899
vt 0.41267401 0.20531499
vt 0.38960099 0.20198601
vt 0.38964400 0.20601398
vt 0.36678699 0.21003902
vt 0.37821099 0.20973998
vt 0.35538700 0.21030599
vt 0.35539499 0.21324998
vt 0.36679700 0.21298301
vt 0.37822199 0.21268398
vt 0.34400600 0.21053600
vt 0.33264300 0.21072698
vt 0.33264399 0.21367002
vt 0.34401199 0.21348000
vt 0.32129401 0.21087497
vt 0.30995500 0.21097898
vt 0.30994499 0.21392202
vt 0.32128900 0.21381801
vt 0.29862699 0.21103799
vt 0.28730500 0.21104902
vt 0.28728199 0.21399099
vt 0.29861000 0.21398002
vt 0.27598900 0.21101201
vt 0.26467600 0.21092701
vt 0.26463899 0.21386898
vt 0.27595901 0.21395499
vt 0.25336501 0.21079201
vt 0.24205400 0.21060801
vt 0.24200401 0.21355098
vt 0.25332099 0.21373498
vt 0.23074099 0.21037501
vt 0.21942200 0.21009201
vt 0.21935999 0.21303600
vt 0.23068400 0.21331799
vt 0.20809500 0.20976198
vt 0.19675501 0.20938498
vt 0.19668600 0.21232897
vt 0.20802900 0.21270603
vt 0.18539900 0.20896399
vt 0.17401800 0.20850301
vt 0.17394701 0.21144700
vt 0.18532699 0.21190798
vt 0.16260600 0.20800698
vt 0.15115100 0.20748597
vt 0.15108700 0.21042800
vt 0.16253699 0.21095002
vt 0.13964300 0.20695001
vt 0.12805900 0.20641500
vt 0.12801400 0.20934898
vt 0.13958600 0.20988798
vt 0.11638000 0.20590001
vt 0.10455900 0.20543200
vt 0.10454400 0.20834500
vt 0.11634900 0.20882499
vt 0.09254880 0.20503998
vt 0.08021900 0.20473701
vt 0.08022030 0.20763999
vt 0.09254950 0.20793599
vt 0.06743820 0.20453399
vt 0.05443210 0.20438200
vt 0.05428230 0.20758402
vt 0.06741130 0.20749801
vt 0.50875401 0.20742399
vt 0.52178401 0.20757103
vt 0.49592900 0.20731401
vt 0.49585101 0.21020699
vt 0.50873101 0.21037799
vt 0.52192003 0.21076000
vt 0.48351499 0.20727700
vt 0.47139400 0.20733100
vt 0.47132000 0.21023601
vt 0.48342699 0.21016401
vt 0.45944500 0.20748800
vt 0.44762900 0.20772702
vt 0.44758999 0.21065700
vt 0.45938799 0.21040797
vt 0.43590799 0.20802498
vt 0.42426500 0.20836002
vt 0.42425501 0.21130103
vt 0.43588501 0.21096098
vt 0.41268399 0.20871300
vt 0.40115300 0.20906901
vt 0.40115899 0.21201199
vt 0.41268200 0.21165502
vt 0.38966501 0.20941401
vt 0.38967401 0.21235800
vt 0.36680499 0.21564102
vt 0.37823099 0.21534300
vt 0.35540199 0.21590799
vt 0.35540900 0.21843100
vt 0.36681500 0.21816403
vt 0.37823999 0.21786600
vt 0.34401500 0.21613801
vt 0.33264399 0.21632802
vt 0.33264500 0.21885002
vt 0.34402001 0.21866000
vt 0.32128400 0.21647501
vt 0.30993500 0.21657902
vt 0.30992699 0.21910000
vt 0.32128099 0.21899700
vt 0.29859400 0.21663702
vt 0.28726000 0.21664798
vt 0.28724000 0.21916902
vt 0.29858100 0.21915799
vt 0.27592999 0.21661198
vt 0.26460499 0.21652597
vt 0.26457399 0.21904802
vt 0.27590501 0.21913302
vt 0.25328100 0.21639198
vt 0.24195699 0.21620899
vt 0.24191500 0.21872997
vt 0.25324401 0.21891397
vt 0.23063301 0.21597600
vt 0.21930400 0.21569401
vt 0.21925101 0.21821702
vt 0.23058499 0.21849799
vt 0.20796800 0.21536398
vt 0.19662200 0.21498799
vt 0.19656301 0.21751100
vt 0.20791200 0.21788698
vt 0.18526199 0.21456701
vt 0.17388099 0.21410501
vt 0.17382100 0.21662903
vt 0.18520100 0.21709001
vt 0.16247401 0.21360803
vt 0.15102901 0.21308398
vt 0.15097500 0.21560597
vt 0.16241500 0.21613097
vt 0.13953499 0.21254200
vt 0.12797400 0.21199697
vt 0.12794000 0.21451098
vt 0.13948999 0.21506101
vt 0.11632500 0.21146601
vt 0.10453900 0.21097398
vt 0.10454400 0.21346903
vt 0.11630700 0.21397197
vt 0.09256820 0.21054900
vt 0.08026460 0.21025801
vt 0.08035320 0.21274000
vt 0.09260600 0.21302801
vt 0.06747920 0.21016800
vt 0.05445290 0.21017998
vt 0.05462350 0.21277499
vt 0.06764630 0.21269500
vt 0.50861698 0.21304500
vt 0.52173197 0.21336102
vt 0.49573699 0.21281803
vt 0.49558401 0.21529597
vt 0.50840598 0.21557403
vt 0.52154499 0.21596199
vt 0.48332900 0.21276999
vt 0.47124299 0.21285999
vt 0.47116300 0.21534997
vt 0.48321801 0.21524400
vt 0.45933199 0.21304500
vt 0.44755200 0.21330303
vt 0.44751501 0.21581501
vt 0.45927599 0.21554703
vt 0.43586200 0.21361297
vt 0.42424300 0.21395600
vt 0.42423299 0.21647602
vt 0.43584001 0.21613002
vt 0.41268000 0.21431297
vt 0.40116200 0.21467000
vt 0.40116599 0.21719402
vt 0.41267800 0.21683502
vt 0.38968101 0.21501601
vt 0.38968799 0.21754003
vt 0.36682799 0.22070199
vt 0.37825301 0.22040403
vt 0.35542101 0.22096801
vt 0.35543701 0.22353601
vt 0.36684501 0.22327101
vt 0.37827101 0.22297400
vt 0.34402999 0.22119701
vt 0.33265099 0.22138602
vt 0.33265999 0.22395402
vt 0.34404299 0.22376502
vt 0.32128200 0.22153300
vt 0.30992299 0.22163600
vt 0.30992299 0.22420299
vt 0.32128799 0.22409999
vt 0.29857099 0.22169399
vt 0.28722501 0.22170502
vt 0.28721401 0.22427201
vt 0.29856601 0.22426099
vt 0.27588400 0.22166800
vt 0.26454699 0.22158301
vt 0.26452401 0.22415102
vt 0.27586699 0.22423500
vt 0.25321099 0.22144997
vt 0.24187700 0.22126698
vt 0.24184200 0.22383499
vt 0.25318199 0.22401702
vt 0.23054101 0.22103500
vt 0.21920300 0.22075403
vt 0.21915799 0.22332299
vt 0.23050100 0.22360301
vt 0.20785999 0.22042501
vt 0.19650801 0.22004902
vt 0.19645700 0.22261900
vt 0.20781100 0.22299403
vt 0.18514501 0.21962798
vt 0.17376401 0.21916699
vt 0.17371100 0.22173703
vt 0.18509200 0.22219801
vt 0.16236100 0.21866900
vt 0.15092599 0.21814197
vt 0.15087999 0.22071099
vt 0.16231100 0.22123897
vt 0.13944800 0.21759498
vt 0.12791100 0.21704000
vt 0.12788901 0.21960098
vt 0.13941200 0.22016001
vt 0.11629600 0.21649402
vt 0.10456100 0.21597898
vt 0.10459000 0.21852201
vt 0.11629400 0.21904701
vt 0.09266360 0.21552300
vt 0.08048770 0.21523499
vt 0.08066270 0.21776003
vt 0.09274150 0.21805000
vt 0.06791730 0.21522802
vt 0.05514950 0.21536100
vt 0.05567550 0.21794802
vt 0.06826950 0.21778101
vt 0.50809199 0.21811402
vt 0.52099597 0.21856898
vt 0.49539101 0.21779197
vt 0.49516201 0.22031999
vt 0.50769800 0.22067899
vt 0.52044702 0.22117698
vt 0.48309499 0.21773601
vt 0.47107899 0.21785599
vt 0.47098899 0.22039503
vt 0.48295701 0.22026098
vt 0.45921999 0.21806502
vt 0.44747999 0.21834099
vt 0.44744599 0.22089899
vt 0.45916301 0.22061503
vt 0.43582100 0.21866202
vt 0.42422599 0.21901202
vt 0.42422199 0.22157902
vt 0.43580499 0.22122598
vt 0.41268000 0.21937197
vt 0.40117401 0.21973199
vt 0.40118599 0.22230202
vt 0.41268599 0.22194099
vt 0.38970000 0.22007799
vt 0.38971600 0.22264802
vt 0.36686599 0.22588903
vt 0.37829101 0.22559202
vt 0.35545599 0.22615302
vt 0.35548100 0.22906500
vt 0.36689201 0.22880203
vt 0.37831700 0.22850502
vt 0.34405899 0.22638100
vt 0.33267301 0.22657001
vt 0.33269101 0.22948003
vt 0.34408101 0.22929198
vt 0.32129601 0.22671598
vt 0.30992699 0.22681803
vt 0.30993399 0.22972798
vt 0.32130900 0.22962600
vt 0.29856399 0.22687602
vt 0.28720599 0.22688699
vt 0.28720000 0.22979599
vt 0.29856500 0.22978503
vt 0.27585301 0.22684997
vt 0.26450300 0.22676599
vt 0.26448399 0.22967499
vt 0.27584100 0.22975898
vt 0.25315601 0.22663200
vt 0.24180999 0.22645003
vt 0.24177700 0.22936100
vt 0.25312999 0.22954202
vt 0.23046400 0.22621900
vt 0.21911600 0.22593999
vt 0.21907200 0.22885102
vt 0.23042500 0.22913003
vt 0.20776500 0.22561198
vt 0.19640701 0.22523701
vt 0.19635600 0.22815001
vt 0.20771600 0.22852403
vt 0.18504100 0.22481698
vt 0.17366099 0.22435600
vt 0.17360900 0.22727001
vt 0.18498801 0.22773099
vt 0.16226301 0.22385699
vt 0.15083800 0.22332799
vt 0.15079699 0.22623998
vt 0.16221400 0.22677100
vt 0.13937999 0.22277498
vt 0.12787201 0.22221100
vt 0.12785999 0.22511500
vt 0.13934900 0.22568399
vt 0.11629900 0.22164899
vt 0.10463200 0.22111303
vt 0.10469200 0.22399801
vt 0.11631500 0.22454500
vt 0.09284000 0.22062802
vt 0.08087270 0.22033298
vt 0.08113300 0.22319400
vt 0.09296930 0.22349900
vt 0.06868050 0.22036803
vt 0.05637570 0.22056901
vt 0.05707600 0.22319102
vt 0.06916940 0.22322601
vt 0.50724500 0.22328198
vt 0.51971102 0.22382897
vt 0.49490100 0.22289699
vt 0.49458799 0.22576499
vt 0.50670701 0.22615999
vt 0.51897597 0.22648001
vt 0.48280400 0.22283697
vt 0.47089100 0.22298199
vt 0.47077599 0.22586399
vt 0.48261899 0.22570801
vt 0.45910400 0.22321302
vt 0.44741201 0.22350597
vt 0.44737399 0.22640699
vt 0.45903400 0.22610402
vt 0.43578899 0.22383898
vt 0.42422101 0.22419500
vt 0.42422000 0.22710598
vt 0.43577299 0.22674602
vt 0.41269401 0.22455901
vt 0.40120101 0.22491997
vt 0.40121999 0.22783399
vt 0.41270500 0.22747201
vt 0.38973501 0.22526699
vt 0.38975799 0.22817999
vt 0.36692500 0.23225600
vt 0.37834999 0.23196000
vt 0.35551199 0.23251897
vt 0.35554299 0.23645800
vt 0.36695701 0.23619699
vt 0.37838101 0.23590201
vt 0.34410900 0.23274499
vt 0.33271399 0.23293102
vt 0.33273500 0.23686802
vt 0.34413499 0.23668301
vt 0.32132599 0.23307598
vt 0.30994499 0.23317802
vt 0.30995199 0.23711300
vt 0.32134101 0.23701298
vt 0.29856801 0.23323500
vt 0.28719601 0.23324502
vt 0.28718600 0.23717999
vt 0.29856700 0.23716998
vt 0.27582800 0.23320901
vt 0.26446399 0.23312497
vt 0.26443499 0.23706102
vt 0.27580899 0.23714399
vt 0.25310200 0.23299301
vt 0.24174100 0.23281199
vt 0.24169500 0.23675001
vt 0.25306401 0.23692900
vt 0.23038200 0.23258299
vt 0.21902300 0.23230499
vt 0.21896100 0.23624498
vt 0.23032799 0.23652101
vt 0.20766200 0.23197901
vt 0.19629800 0.23160601
vt 0.19622700 0.23554897
vt 0.20759501 0.23592001
vt 0.18492900 0.23118800
vt 0.17355099 0.23072797
vt 0.17347901 0.23467201
vt 0.18485600 0.23513198
vt 0.16215999 0.23022801
vt 0.15075199 0.22969502
vt 0.15069500 0.23363698
vt 0.16209300 0.23417199
vt 0.13931900 0.22913599
vt 0.12785199 0.22855997
vt 0.12784100 0.23249102
vt 0.13928001 0.23307401
vt 0.11634200 0.22798097
vt 0.10477500 0.22742200
vt 0.10486900 0.23132998
vt 0.11637100 0.23190099
vt 0.09313990 0.22690898
vt 0.08145870 0.22658402
vt 0.08180580 0.23044902
vt 0.09333060 0.23080200
vt 0.06975520 0.22658998
vt 0.05804060 0.22676098
vt 0.05900530 0.23033100
vt 0.07034370 0.23040301
vt 0.50605899 0.22955298
vt 0.51793802 0.23010701
vt 0.49420100 0.22916800
vt 0.49377501 0.23303902
vt 0.50539100 0.23339099
vt 0.51689899 0.23373401
vt 0.48238701 0.22911900
vt 0.47063100 0.22928298
vt 0.47045699 0.23318398
vt 0.48211601 0.23300898
vt 0.45894799 0.22953498
vt 0.44732600 0.22984701
vt 0.44726399 0.23377198
vt 0.45884001 0.23344803
vt 0.43575299 0.23019302
vt 0.42422101 0.23055798
vt 0.42421401 0.23449701
vt 0.43572399 0.23412699
vt 0.41271901 0.23092699
vt 0.40124300 0.23128998
vt 0.40126500 0.23523200
vt 0.41273001 0.23486799
vt 0.38978800 0.23163599
vt 0.38981599 0.23557901
vt 0.36698100 0.24056798
vt 0.37840399 0.24027503
vt 0.35556400 0.24082798
vt 0.35559201 0.24741900
vt 0.36701399 0.24716198
vt 0.37843800 0.24687099
vt 0.34415200 0.24105102
vt 0.33274600 0.24123597
vt 0.33275700 0.24782199
vt 0.34417301 0.24764001
vt 0.32134399 0.24137902
vt 0.30994600 0.24147898
vt 0.30993199 0.24806100
vt 0.32134300 0.24796301
vt 0.29855201 0.24153501
vt 0.28716201 0.24154502
vt 0.28711599 0.24812597
vt 0.29852301 0.24811602
vt 0.27577499 0.24150902
vt 0.26438999 0.24142599
vt 0.26431200 0.24800903
vt 0.27571300 0.24809098
vt 0.25300899 0.24129498
vt 0.24163000 0.24111700
vt 0.24152000 0.24770302
vt 0.25291499 0.24787903
vt 0.23025399 0.24089003
vt 0.21887900 0.24061501
vt 0.21874100 0.24720597
vt 0.23012900 0.24747801
vt 0.20750600 0.24029201
vt 0.19613400 0.23992199
vt 0.19597600 0.24651903
vt 0.20735700 0.24688601
vt 0.18476100 0.23950702
vt 0.17338499 0.23904699
vt 0.17322400 0.24564803
vt 0.18459800 0.24610603
vt 0.16200601 0.23854703
vt 0.15062000 0.23801100
vt 0.15048000 0.24460900
vt 0.16185100 0.24514800
vt 0.13922501 0.23744297
vt 0.12781601 0.23685300
vt 0.12774201 0.24343503
vt 0.13911100 0.24403501
vt 0.11639300 0.23625302
vt 0.10495900 0.23566699
vt 0.10502300 0.24220800
vt 0.11637600 0.24281800
vt 0.09352070 0.23512399
vt 0.08213040 0.23473400
vt 0.08242450 0.24116498
vt 0.09369240 0.24162900
vt 0.07084040 0.23460901
vt 0.05960050 0.23461699
vt 0.06019580 0.23890299
vt 0.07125900 0.24089599
vt 0.50479299 0.23760200
vt 0.51620197 0.23803502
vt 0.49334401 0.23731399
vt 0.49286601 0.24370801
vt 0.50419599 0.24386603
vt 0.51550400 0.24233598
vt 0.48181501 0.23731601
vt 0.47025299 0.23750800
vt 0.47000200 0.24402100
vt 0.48145601 0.24378699
vt 0.45870799 0.23778802
vt 0.44718099 0.23812598
vt 0.44707799 0.24469101
vt 0.45853999 0.24433202
vt 0.43567801 0.23848897
vt 0.42419499 0.23886597
vt 0.42417499 0.24545598
vt 0.43562299 0.24506998
vt 0.41272900 0.23924100
vt 0.40127599 0.23960602
vt 0.40129700 0.24620301
vt 0.41273299 0.24583602
vt 0.38983601 0.23995298
vt 0.38986599 0.24655002
vt 0.03268210 0.96931970
vt 0.04658490 0.96859670
vt 0.04558080 0.94933420
vt 0.03156450 0.94986832
vt 0.06047980 0.96809250
vt 0.05958480 0.94893992
vt 0.05987060 0.88856202
vt 0.04581710 0.88869798
vt 0.03174140 0.88890100
vt 0.07437360 0.96774530
vt 0.07358070 0.94865751
vt 0.08827160 0.96751869
vt 0.08757260 0.94846451
vt 0.08792200 0.88846099
vt 0.07390490 0.88848698
vt 0.10217900 0.96737599
vt 0.10156400 0.94833851
vt 0.11609900 0.96729648
vt 0.11555800 0.94826442
vt 0.11591300 0.88851702
vt 0.10192400 0.88847500
vt 0.13003200 0.96725959
vt 0.12955500 0.94822723
vt 0.14397900 0.96725249
vt 0.14355600 0.94821650
vt 0.14385501 0.88865501
vt 0.12988900 0.88858002
vt 0.15794100 0.96726263
vt 0.15756200 0.94822168
vt 0.17191599 0.96728140
vt 0.17157300 0.94823509
vt 0.17176101 0.88881099
vt 0.15781200 0.88873398
vt 0.18590400 0.96730047
vt 0.18558900 0.94824928
vt 0.19990300 0.96731448
vt 0.19960999 0.94825888
vt 0.19963901 0.88893998
vt 0.18570299 0.88888198
vt 0.21391299 0.96731758
vt 0.21363500 0.94825840
vt 0.22793300 0.96730602
vt 0.22766399 0.94824398
vt 0.22750100 0.88900203
vt 0.21357200 0.88898098
vt 0.24196000 0.96727610
vt 0.24169800 0.94821203
vt 0.25599301 0.96722537
vt 0.25573400 0.94815999
vt 0.25535300 0.88897097
vt 0.24142700 0.88899899
vt 0.27003199 0.96715152
vt 0.26977399 0.94808549
vt 0.28407499 0.96705329
vt 0.28381601 0.94798732
vt 0.28320399 0.88883102
vt 0.26927799 0.88891500
vt 0.29811901 0.96692961
vt 0.29786101 0.94786400
vt 0.31216499 0.96678019
vt 0.31190699 0.94771582
vt 0.31106299 0.88857198
vt 0.29713199 0.88871598
vt 0.32621101 0.96660513
vt 0.32595500 0.94754243
vt 0.34025401 0.96640563
vt 0.34000400 0.94734520
vt 0.33893701 0.88819301
vt 0.32499701 0.88839698
vt 0.35429299 0.96618271
vt 0.35405201 0.94712532
vt 0.36832699 0.96593899
vt 0.36810100 0.94688529
vt 0.36683401 0.88770097
vt 0.35288200 0.88796002
vt 0.38235301 0.96567720
vt 0.38214901 0.94662797
vt 0.39637101 0.96540171
vt 0.39619499 0.94635773
vt 0.39476299 0.88711500
vt 0.38079399 0.88741803
vt 0.41037801 0.96511722
vt 0.41023999 0.94607902
vt 0.42437300 0.96483082
vt 0.42428300 0.94579887
vt 0.42273399 0.88646400
vt 0.40874201 0.88679498
vt 0.43835500 0.96454990
vt 0.43832400 0.94552398
vt 0.45232299 0.96428633
vt 0.45236301 0.94526488
vt 0.45075700 0.88579202
vt 0.43673801 0.88612700
vt 0.46627700 0.96405178
vt 0.46640199 0.94503158
vt 0.48022199 0.96386671
vt 0.48044100 0.94483972
vt 0.47884399 0.88516200
vt 0.46479201 0.88546699
vt 0.49416000 0.96375132
vt 0.49448499 0.94470447
vt 0.50810099 0.96374488
vt 0.50853902 0.94465041
vt 0.50700599 0.88465297
vt 0.49291500 0.88488698
vt 0.52205801 0.96388692
vt 0.52260900 0.94470179
vt 0.53605700 0.96425802
vt 0.53671098 0.94489503
vt 0.53525501 0.88434201
vt 0.52111900 0.88446999
vt 0.55012500 0.96493888
vt 0.55085802 0.94526601
vt 0.56421202 0.97062272
vt 0.56502801 0.94572610
vt 0.56584400 0.92082947
vt 0.54941398 0.88427198
vt 0.00502682 0.97633529
vt 0.01876460 0.97032309
vt 0.01753140 0.95056999
vt 0.00348997 0.95135552
vt 0.01764040 0.88918102
vt 0.00195313 0.92637569
vt 0.65686500 0.86049598
vt 0.65596300 0.86339498
vt 0.66303700 0.86413002
vt 0.66483802 0.86264300
vt 0.65627098 0.86642003
vt 0.66450602 0.86595601
vt 0.67495197 0.86536700
vt 0.65922999 0.85504800
vt 0.65749198 0.85752201
vt 0.66399598 0.86044401
vt 0.66616100 0.85959697
vt 0.66313398 0.85061097
vt 0.66072899 0.85241699
vt 0.66602701 0.85724103
vt 0.66834402 0.85711598
vt 0.66819400 0.84761798
vt 0.66535902 0.84858000
vt 0.66893202 0.85483301
vt 0.67117298 0.85544199
vt 0.67391598 0.84636199
vt 0.67092699 0.84638500
vt 0.67242700 0.85345602
vt 0.67437297 0.85474002
vt 0.67974001 0.84696698
vt 0.67689002 0.84604901
vt 0.67616802 0.85324597
vt 0.67762899 0.85507798
vt 0.68509400 0.84937203
vt 0.68266302 0.84760404
vt 0.67979002 0.85422099
vt 0.68062299 0.85642302
vt 0.68945599 0.85334396
vt 0.68768102 0.85089701
vt 0.68293899 0.85628802
vt 0.68306202 0.85864401
vt 0.69239801 0.85849202
vt 0.69145298 0.85560703
vt 0.68530601 0.85924304
vt 0.68470699 0.86152303
vt 0.69363201 0.86431402
vt 0.69361001 0.86127299
vt 0.68665898 0.86279798
vt 0.68539703 0.86477798
vt 0.69303799 0.87023801
vt 0.69393998 0.86733902
vt 0.68686599 0.86660397
vt 0.68506497 0.86809099
vt 0.69067299 0.87568599
vt 0.69241202 0.87321198
vt 0.68590701 0.87028998
vt 0.68374300 0.87113702
vt 0.68676901 0.88012302
vt 0.68917400 0.87831700
vt 0.68387598 0.87349302
vt 0.68155998 0.87361801
vt 0.68170899 0.88311601
vt 0.68454498 0.88215500
vt 0.68097103 0.87590098
vt 0.67873001 0.87529200
vt 0.67598701 0.88437200
vt 0.67897600 0.88434899
vt 0.67747700 0.87727797
vt 0.67553103 0.87599397
vt 0.67016399 0.88376701
vt 0.67301399 0.88468498
vt 0.67373598 0.87748802
vt 0.67227399 0.87565601
vt 0.66480899 0.88136202
vt 0.66724098 0.88313001
vt 0.67011303 0.87651300
vt 0.66927999 0.87431097
vt 0.66044700 0.87739003
vt 0.66222298 0.87983698
vt 0.66696501 0.87444603
vt 0.66684097 0.87208998
vt 0.65750498 0.87224197
vt 0.65845102 0.87512702
vt 0.66459799 0.87149101
vt 0.66519600 0.86921102
vt 0.65629399 0.86946100
vt 0.66324401 0.86793602
vt 0.63618201 0.86755401
vt 0.64655101 0.86696899
vt 0.64665699 0.86242902
vt 0.63632601 0.86135697
vt 0.64745498 0.85796201
vt 0.63741499 0.85525799
vt 0.58037901 0.87070704
vt 0.58732003 0.87030303
vt 0.58764702 0.85629702
vt 0.58188200 0.85571003
vt 0.59314603 0.86996603
vt 0.59345198 0.85689104
vt 0.59575301 0.84402299
vt 0.59011000 0.84251201
vt 0.58338499 0.84071302
vt 0.03341950 0.97935867
vt 0.04721510 0.97855687
vt 0.03398780 0.98468941
vt 0.04766330 0.98386872
vt 0.06137060 0.98333013
vt 0.06101510 0.97801697
vt 0.03459800 0.99001586
vt 0.04812120 0.98918641
vt 0.03513310 0.99513215
vt 0.04858400 0.99450696
vt 0.06203500 0.99388176
vt 0.06172560 0.98864830
vt 0.64893401 0.85367799
vt 0.63943499 0.84941000
vt 0.65104997 0.84968001
vt 0.64232302 0.84395301
vt 0.59467500 0.82929397
vt 0.58937001 0.82692301
vt 0.60001600 0.83168399
vt 0.60611200 0.82016897
vt 0.60120398 0.81695801
vt 0.59535497 0.81313300
vt 0.07482940 0.97764981
vt 0.07511380 0.98296469
vt 0.08889120 0.98273051
vt 0.08866100 0.97741348
vt 0.07539220 0.98828423
vt 0.07566770 0.99360579
vt 0.08930050 0.99332982
vt 0.08911270 0.98805130
vt 0.65375799 0.84606999
vt 0.64602000 0.83902597
vt 0.65698498 0.84293300
vt 0.65042502 0.83474302
vt 0.60956103 0.80582201
vt 0.60523599 0.80190003
vt 0.61391401 0.80977398
vt 0.62321001 0.80073899
vt 0.61951798 0.79614300
vt 0.61511600 0.79066700
vt 0.10251300 0.97726649
vt 0.10270100 0.98258507
vt 0.11654100 0.98250610
vt 0.11638600 0.97718632
vt 0.10287900 0.98790687
vt 0.10305100 0.99323016
vt 0.11680100 0.99313051
vt 0.11668500 0.98782861
vt 0.66065699 0.84035200
vt 0.65543699 0.83121902
vt 0.66467798 0.83838302
vt 0.66092700 0.82853103
vt 0.63084799 0.78817898
vt 0.62792599 0.78308898
vt 0.63378799 0.79330599
vt 0.64537299 0.78763598
vt 0.64325702 0.78210402
vt 0.64073497 0.77551198
vt 0.13028100 0.97715032
vt 0.13041100 0.98247111
vt 0.14430700 0.98246682
vt 0.14419700 0.97714508
vt 0.13052900 0.98779410
vt 0.13064100 0.99311817
vt 0.14448000 0.99310577
vt 0.14440501 0.98779011
vt 0.66895401 0.83708203
vt 0.66676402 0.82675499
vt 0.67337698 0.83647400
vt 0.67280197 0.82592499
vt 0.65645200 0.77809101
vt 0.65521902 0.77233201
vt 0.65769100 0.78389204
vt 0.67043102 0.78214198
vt 0.67009902 0.77621502
vt 0.66970301 0.76915300
vt 0.15813400 0.97715729
vt 0.15822899 0.98247957
vt 0.17217299 0.98250109
vt 0.17208999 0.97717828
vt 0.15831199 0.98780328
vt 0.15838900 0.99312752
vt 0.17229800 0.99314928
vt 0.17224500 0.98782492
vt 0.67783898 0.83658099
vt 0.67889303 0.82607102
vt 0.68223101 0.83739299
vt 0.68488801 0.82717901
vt 0.68386698 0.77654701
vt 0.68444300 0.77068198
vt 0.68328297 0.78245300
vt 0.69593102 0.78479397
vt 0.69741601 0.77905297
vt 0.69918400 0.77221102
vt 0.18606301 0.97719949
vt 0.18613800 0.98252273
vt 0.20012100 0.98253858
vt 0.20005099 0.97721511
vt 0.18620200 0.98784661
vt 0.18626100 0.99317092
vt 0.20022400 0.99319249
vt 0.20018101 0.98786259
vt 0.68644100 0.83889800
vt 0.69063598 0.82923400
vt 0.69037098 0.84105098
vt 0.69600099 0.83217204
vt 0.71040899 0.78369701
vt 0.71273899 0.77829999
vt 0.70806003 0.78912997
vt 0.71937799 0.79533303
vt 0.72253400 0.79034001
vt 0.72629303 0.78438902
vt 0.21405400 0.97721958
vt 0.21412000 0.98254329
vt 0.22813299 0.98253292
vt 0.22806799 0.97720909
vt 0.21417700 0.98786718
vt 0.21422800 0.99319136
vt 0.22823200 0.99319029
vt 0.22818901 0.98785681
vt 0.69391900 0.84380603
vt 0.70084399 0.83593297
vt 0.69700199 0.84708798
vt 0.70505297 0.84041399
vt 0.73347998 0.79884100
vt 0.73733503 0.79444098
vt 0.72959602 0.80326998
vt 0.73847598 0.81272697
vt 0.74299401 0.80897099
vt 0.74837703 0.80449301
vt 0.24209300 0.97717988
vt 0.24215800 0.98250371
vt 0.25619099 0.98245341
vt 0.25612599 0.97712970
vt 0.24221300 0.98782760
vt 0.24226400 0.99315149
vt 0.25629601 0.99311268
vt 0.25624800 0.98777717
vt 0.69954002 0.85082400
vt 0.70851701 0.84551400
vt 0.70147502 0.85491502
vt 0.71115899 0.85109901
vt 0.75082302 0.82049799
vt 0.75582600 0.81752503
vt 0.74578297 0.82348901
vt 0.75135601 0.83527499
vt 0.75679398 0.83312297
vt 0.76327401 0.83055604
vt 0.27016500 0.97705603
vt 0.27023199 0.98237962
vt 0.28427699 0.98228109
vt 0.28420901 0.97695768
vt 0.27028999 0.98770332
vt 0.27034399 0.99302691
vt 0.28439301 0.99294114
vt 0.28433800 0.98760468
vt 0.70275402 0.85926598
vt 0.71290398 0.85703802
vt 0.70335197 0.86376500
vt 0.71372098 0.86317998
vt 0.76073802 0.84654599
vt 0.76639903 0.84529197
vt 0.75503600 0.84780598
vt 0.75675702 0.86076802
vt 0.76258302 0.86043102
vt 0.76952398 0.86002702
vt 0.29825500 0.97683358
vt 0.29832500 0.98215687
vt 0.31237400 0.98200679
vt 0.31230199 0.97668368
vt 0.29838899 0.98748028
vt 0.29844800 0.99280369
vt 0.31250301 0.99266618
vt 0.31244001 0.98733002
vt 0.70324600 0.86830497
vt 0.71357697 0.86937702
vt 0.70244801 0.87277198
vt 0.71248800 0.87547600
vt 0.76225603 0.87443697
vt 0.76802099 0.87502402
vt 0.75645101 0.87384301
vt 0.75414997 0.88671100
vt 0.75979298 0.88822198
vt 0.76651800 0.89002001
vt 0.32634699 0.97650790
vt 0.32642099 0.98183072
vt 0.34046301 0.98162991
vt 0.34038800 0.97630727
vt 0.32648799 0.98715383
vt 0.32655299 0.99247688
vt 0.34060201 0.99228758
vt 0.34053200 0.98695272
vt 0.70096898 0.87705600
vt 0.71046799 0.88132399
vt 0.69885302 0.88105398
vt 0.70757997 0.88678098
vt 0.75522798 0.90144020
vt 0.76053202 0.90381032
vt 0.74988699 0.89905000
vt 0.74379098 0.91056490
vt 0.74869800 0.91377580
vt 0.75454700 0.91760027
vt 0.35442400 0.97608322
vt 0.35449800 0.98140532
vt 0.36852399 0.98115969
vt 0.36845201 0.97583789
vt 0.35456699 0.98672801
vt 0.35463399 0.99205077
vt 0.36866599 0.99181402
vt 0.36859199 0.98648202
vt 0.69614500 0.88466400
vt 0.70388299 0.89170897
vt 0.69291800 0.88780099
vt 0.69947898 0.89599097
vt 0.74034202 0.92491210
vt 0.74466699 0.92883390
vt 0.73598897 0.92095989
vt 0.72669297 0.92999452
vt 0.73038501 0.93459129
vt 0.73478597 0.94006753
vt 0.38246799 0.97557420
vt 0.38253701 0.98089540
vt 0.39653400 0.98061711
vt 0.39647201 0.97529650
vt 0.38260201 0.98621750
vt 0.38266501 0.99153996
vt 0.39666501 0.99126595
vt 0.39659399 0.98593891
vt 0.68924701 0.89038199
vt 0.69446599 0.89951503
vt 0.68522501 0.89235103
vt 0.68897599 0.90220308
vt 0.71905500 0.94255531
vt 0.72197700 0.94764501
vt 0.71611500 0.93742800
vt 0.70453000 0.94309789
vt 0.70664501 0.94863051
vt 0.70916802 0.95522243
vt 0.41046000 0.97500932
vt 0.41051400 0.98032928
vt 0.42447099 0.98003918
vt 0.42443100 0.97472018
vt 0.41056499 0.98565060
vt 0.41061500 0.99097276
vt 0.42456600 0.99067944
vt 0.42451099 0.98536009
vt 0.68094897 0.89365202
vt 0.68313903 0.90397871
vt 0.67652601 0.89425999
vt 0.67710102 0.90480930
vt 0.69345099 0.95264280
vt 0.69468403 0.95840198
vt 0.69221199 0.94684207
vt 0.67947203 0.94859248
vt 0.67980301 0.95451927
vt 0.68019998 0.96158159
vt 0.43838099 0.97443640
vt 0.43840501 0.97975433
vt 0.45231101 0.97948670
vt 0.45231000 0.97417009
vt 0.43842700 0.98507458
vt 0.43845001 0.99039602
vt 0.45233300 0.99011254
vt 0.45231101 0.98480612
vt 0.67206401 0.89415300
vt 0.67101002 0.90466291
vt 0.66767299 0.89334100
vt 0.66501498 0.90355468
vt 0.66603601 0.95418698
vt 0.66545898 0.96005207
vt 0.66662002 0.94828093
vt 0.65397102 0.94594020
vt 0.65248603 0.95168108
vt 0.65071797 0.95852250
vt 0.46621701 0.97393382
vt 0.46618900 0.97924852
vt 0.48003700 0.97906148
vt 0.48010400 0.97374910
vt 0.46615899 0.98456669
vt 0.46612799 0.98988670
vt 0.47992301 0.98966092
vt 0.47996601 0.98437792
vt 0.65390301 0.89856201
vt 0.65926701 0.90150028
vt 0.66346198 0.89183599
vt 0.65953201 0.88968301
vt 0.63949400 0.94703680
vt 0.63716400 0.95243353
vt 0.64184302 0.94160330
vt 0.63052499 0.93540078
vt 0.62736797 0.94039381
vt 0.62360901 0.94634449
vt 0.49397400 0.97363812
vt 0.49385399 0.97894728
vt 0.50764400 0.97895217
vt 0.50783300 0.97364599
vt 0.49373001 0.98426098
vt 0.49360299 0.98957711
vt 0.50728202 0.98949337
vt 0.50744402 0.98426211
vt 0.65598398 0.88692802
vt 0.64906001 0.89480102
vt 0.65290099 0.88364601
vt 0.64485002 0.89032000
vt 0.61642200 0.93189222
vt 0.61256701 0.93629229
vt 0.62030703 0.92746317
vt 0.61142701 0.91800612
vt 0.60690802 0.92176259
vt 0.60152501 0.92624009
vt 0.52169198 0.97381830
vt 0.52140898 0.97912282
vt 0.53515399 0.97958869
vt 0.53557497 0.97426587
vt 0.52110302 0.98442721
vt 0.52078700 0.98973161
vt 0.53429103 0.98996967
vt 0.53468502 0.98489630
vt 0.65036398 0.87990999
vt 0.64138699 0.88521999
vt 0.64842802 0.87581897
vt 0.63874400 0.87963498
vt 0.59908003 0.91023582
vt 0.59407699 0.91320872
vt 0.60412002 0.90724492
vt 0.59854698 0.89545900
vt 0.59310901 0.89761102
vt 0.58662897 0.90017718
vt 0.54950398 0.97510010
vt 0.54888701 0.98048019
vt 0.56270200 0.98163229
vt 0.56345701 0.97612751
vt 0.54816699 0.98580968
vt 0.54739398 0.99111390
vt 0.56049800 0.99225807
vt 0.56160003 0.98694521
vt 0.64714903 0.87146801
vt 0.63699901 0.87369597
vt 0.58916497 0.88418698
vt 0.59486699 0.88292700
vt 0.58350402 0.88544202
vt 0.02117470 0.99125409
vt 0.02206610 0.99658948
vt 0.02034000 0.98590088
vt 0.00660384 0.98734659
vt 0.00780147 0.99269670
vt 0.00899911 0.99804688
vt 0.01961870 0.98051202
vt 0.00581533 0.98184091
vt 0.07679990 0.75533402
vt 0.06287750 0.75496101
vt 0.09067770 0.75572002
vt 0.09495920 0.62165701
vt 0.08134580 0.62081802
vt 0.06765580 0.61994201
vt 0.04890780 0.75461501
vt 0.03488750 0.75431597
vt 0.05388180 0.61904097
vt 0.04001560 0.61815101
vt 0.02081300 0.75408602
vt 0.00671148 0.75388998
vt 0.02604890 0.61730701
vt 0.01146980 0.58140397
vt 0.54350197 0.75014800
vt 0.52940899 0.75076497
vt 0.55761802 0.74954104
vt 0.54939198 0.57825303
vt 0.53549498 0.61446500
vt 0.52156299 0.61572397
vt 0.51536298 0.75139898
vt 0.50136501 0.75204301
vt 0.50772601 0.61694801
vt 0.49397799 0.61812198
vt 0.48741499 0.75269002
vt 0.47351000 0.75332898
vt 0.48030999 0.61923099
vt 0.46671501 0.62027097
vt 0.45964900 0.75395203
vt 0.44582900 0.75455302
vt 0.45318699 0.62123799
vt 0.43972000 0.62213099
vt 0.43204600 0.75512600
vt 0.41829801 0.75566399
vt 0.42630699 0.62295103
vt 0.41294199 0.62369800
vt 0.40458101 0.75616401
vt 0.39089200 0.75662398
vt 0.39962000 0.62437201
vt 0.38633499 0.62497199
vt 0.37722799 0.75703901
vt 0.36358500 0.75740999
vt 0.37308401 0.62549400
vt 0.35986200 0.62594599
vt 0.34996101 0.75773501
vt 0.33635101 0.75801396
vt 0.34666300 0.62633502
vt 0.33348301 0.62665796
vt 0.32275400 0.75824499
vt 0.30916700 0.75842899
vt 0.32031900 0.62691402
vt 0.30716699 0.62710297
vt 0.29558599 0.75856602
vt 0.28200799 0.75865602
vt 0.29402301 0.62722802
vt 0.28088200 0.62729001
vt 0.26843199 0.75869900
vt 0.25485301 0.75869602
vt 0.26774099 0.62728900
vt 0.25459599 0.62722600
vt 0.24126901 0.75864899
vt 0.22767800 0.75855702
vt 0.24144199 0.62710100
vt 0.22827500 0.62691402
vt 0.21407600 0.75842297
vt 0.20046000 0.75824797
vt 0.21509200 0.62666500
vt 0.20188899 0.62635201
vt 0.18682900 0.75803304
vt 0.17317800 0.75778198
vt 0.18866199 0.62597203
vt 0.17540599 0.62553096
vt 0.15950300 0.75749803
vt 0.14580300 0.75718403
vt 0.16211601 0.62503302
vt 0.14878500 0.62447703
vt 0.13207400 0.75684398
vt 0.11831200 0.75648302
vt 0.13541000 0.62386000
vt 0.12198500 0.62318301
vt 0.10451400 0.75610501
vt 0.10850300 0.62244701
vt 0.08662270 0.55655897
vt 0.07325590 0.55530798
vt 0.09988560 0.55769300
vt 0.05976790 0.55393100
vt 0.04613870 0.55244601
vt 0.03234790 0.55086803
vt 0.01847640 0.54924399
vt 0.52776802 0.54879403
vt 0.51410800 0.55078101
vt 0.54150099 0.54671001
vt 0.50059402 0.55257702
vt 0.48720601 0.55419099
vt 0.47392499 0.55563200
vt 0.46073401 0.55691999
vt 0.44762000 0.55807400
vt 0.43457100 0.55910802
vt 0.42157701 0.56003404
vt 0.40863001 0.56086302
vt 0.39572099 0.56160200
vt 0.38284501 0.56224501
vt 0.36999601 0.56278503
vt 0.35716799 0.56324303
vt 0.34435999 0.56364298
vt 0.33156699 0.56397498
vt 0.31878600 0.56422800
vt 0.30601299 0.56440699
vt 0.29324600 0.56451702
vt 0.28048101 0.56456000
vt 0.26771399 0.56453699
vt 0.25494301 0.56444901
vt 0.24216300 0.56429601
vt 0.22937199 0.56407499
vt 0.21656600 0.56378800
vt 0.20374200 0.56342196
vt 0.19089900 0.56296802
vt 0.17803000 0.56244200
vt 0.16512799 0.56185901
vt 0.15218700 0.56120503
vt 0.13920100 0.56046700
vt 0.12616199 0.55963898
vt 0.11306100 0.55871701
vt 0.14893000 0.38277102
vt 0.13932601 0.38161701
vt 0.15863800 0.38383502
vt 0.15862900 0.38352102
vt 0.14897500 0.38240999
vt 0.13932000 0.38129801
vt 0.12982599 0.38037902
vt 0.12043100 0.37907100
vt 0.12987500 0.38001901
vt 0.12043000 0.37873900
vt 0.11113900 0.37770402
vt 0.10194500 0.37630099
vt 0.11119100 0.37734401
vt 0.10195200 0.37594801
vt 0.09284380 0.37488401
vt 0.08378850 0.37345999
vt 0.09289720 0.37452400
vt 0.08384230 0.37309998
vt 0.47023800 0.37711501
vt 0.46104801 0.37819099
vt 0.47937700 0.37605500
vt 0.47933799 0.37569398
vt 0.47020000 0.37675297
vt 0.46106100 0.37781298
vt 0.45175299 0.37929899
vt 0.44235501 0.38041401
vt 0.45171499 0.37893701
vt 0.44236901 0.38006002
vt 0.43285799 0.38151300
vt 0.42325699 0.38257700
vt 0.43282300 0.38115102
vt 0.42327699 0.38224202
vt 0.41355199 0.38358802
vt 0.40376899 0.38451099
vt 0.41352299 0.38322502
vt 0.40376899 0.38420898
vt 0.39393601 0.38530999
vt 0.38402599 0.38598800
vt 0.39391401 0.38494700
vt 0.38405901 0.38568401
vt 0.37401199 0.38654703
vt 0.36390299 0.38700902
vt 0.37399799 0.38618302
vt 0.36393601 0.38668299
vt 0.35370299 0.38739699
vt 0.34342301 0.38773900
vt 0.35369399 0.38703299
vt 0.34345299 0.38738400
vt 0.33306801 0.38806301
vt 0.32266599 0.38836801
vt 0.33306199 0.38770002
vt 0.32267201 0.38801497
vt 0.31224501 0.38864899
vt 0.30181301 0.38889199
vt 0.31224301 0.38828498
vt 0.30181399 0.38855499
vt 0.29137501 0.38908201
vt 0.28094101 0.38920701
vt 0.29137701 0.38871801
vt 0.28093901 0.38888103
vt 0.27051601 0.38925600
vt 0.26010701 0.38922203
vt 0.27052200 0.38889199
vt 0.26010501 0.38890201
vt 0.24972200 0.38910103
vt 0.23936801 0.38889098
vt 0.24973500 0.38873798
vt 0.23936400 0.38857299
vt 0.22905099 0.38858998
vt 0.21878099 0.38819599
vt 0.22906999 0.38822597
vt 0.21877600 0.38787901
vt 0.20856801 0.38770902
vt 0.19841900 0.38712698
vt 0.20859399 0.38734603
vt 0.19841200 0.38681197
vt 0.18834500 0.38644999
vt 0.17835100 0.38567603
vt 0.18837699 0.38608700
vt 0.17834200 0.38536203
vt 0.16844700 0.38480401
vt 0.16848600 0.38444197
vt 0.65918797 0.92594600
vt 0.66869700 0.92770410
vt 0.66886002 0.92610168
vt 0.65959501 0.92438912
vt 0.67835999 0.92793679
vt 0.67827398 0.92632800
vt 0.67809802 0.92309338
vt 0.66918302 0.92287910
vt 0.66040999 0.92125738
vt 0.67766601 0.91517043
vt 0.66997498 0.91498560
vt 0.66240603 0.91358638
vt 0.69547802 0.91927868
vt 0.69266099 0.91187942
vt 0.68528998 0.91412151
vt 0.68693501 0.92187750
vt 0.71084899 0.91018677
vt 0.70592201 0.90403539
vt 0.69959301 0.90848500
vt 0.70351303 0.91534430
vt 0.72270602 0.89670801
vt 0.71615100 0.89240599
vt 0.71148401 0.89862800
vt 0.71729499 0.90391898
vt 0.72988802 0.88016099
vt 0.72234797 0.87813002
vt 0.71979803 0.88551497
vt 0.72693300 0.88871998
vt 0.73169303 0.86216599
vt 0.72390503 0.86260498
vt 0.72372299 0.87042999
vt 0.73148203 0.87123501
vt 0.72794300 0.84448397
vt 0.72066998 0.84735000
vt 0.72287399 0.85484898
vt 0.73049802 0.85317600
vt 0.71900702 0.82884598
vt 0.71296000 0.83385897
vt 0.71733397 0.84029800
vt 0.72407597 0.83631003
vt 0.70575702 0.81678402
vt 0.70152998 0.82345200
vt 0.70764500 0.82820100
vt 0.71284598 0.82228804
vt 0.68949300 0.80947697
vt 0.68749702 0.81714797
vt 0.69475597 0.81974196
vt 0.69790602 0.81248301
vt 0.67180502 0.80764103
vt 0.67223698 0.81556404
vt 0.67992800 0.81574899
vt 0.68071902 0.80785501
vt 0.65442502 0.81145501
vt 0.65724200 0.81885499
vt 0.66461301 0.81661302
vt 0.66296798 0.80885696
vt 0.63905400 0.82054698
vt 0.64398098 0.82669902
vt 0.65030998 0.82224900
vt 0.64639002 0.81538999
vt 0.62719703 0.83402598
vt 0.63375199 0.83832800
vt 0.63841897 0.83210599
vt 0.63260800 0.82681501
vt 0.62001503 0.85057300
vt 0.62755501 0.85260302
vt 0.63010502 0.84521902
vt 0.62296999 0.84201401
vt 0.61821002 0.86856800
vt 0.62599802 0.86812901
vt 0.62617999 0.86030400
vt 0.61842102 0.85949898
vt 0.62702900 0.87588501
vt 0.62923300 0.88338298
vt 0.61940497 0.87755799
vt 0.62195998 0.88625002
vt 0.63089699 0.90188718
vt 0.63694298 0.89687502
vt 0.63256902 0.89043599
vt 0.62582701 0.89442402
vt 0.64414501 0.91395003
vt 0.64837402 0.90728182
vt 0.64225799 0.90253299
vt 0.63705701 0.90844560
vt 0.65514702 0.91099238
vt 0.65199703 0.91825080
vt 0.66721898 0.94229239
vt 0.65548402 0.94012028
vt 0.67914301 0.94258189
vt 0.67888403 0.93781960
vt 0.66769600 0.93754798
vt 0.65668499 0.93550998
vt 0.69096297 0.94095838
vt 0.70239103 0.93748510
vt 0.70069897 0.93303698
vt 0.68997598 0.93629622
vt 0.71314001 0.93222499
vt 0.72295398 0.92532879
vt 0.71999300 0.92163038
vt 0.71078497 0.92810142
vt 0.73157901 0.91694701
vt 0.73881799 0.90730298
vt 0.73487902 0.90471631
vt 0.72808599 0.91376561
vt 0.74447399 0.89661998
vt 0.74843001 0.88517201
vt 0.74389797 0.88395000
vt 0.74018598 0.89469200
vt 0.75056398 0.87323403
vt 0.75084901 0.86110300
vt 0.74616802 0.86136603
vt 0.74590099 0.87274802
vt 0.74925297 0.84907699
vt 0.74583900 0.83745098
vt 0.74146700 0.83917201
vt 0.74466997 0.85008198
vt 0.74066901 0.82651603
vt 0.73389000 0.81653100
vt 0.73025501 0.81954300
vt 0.73661500 0.82891202
vt 0.72565103 0.80775702
vt 0.71617198 0.80039203
vt 0.71362901 0.80439997
vt 0.72252399 0.81130999
vt 0.70567101 0.79463696
vt 0.69441903 0.79061300
vt 0.69321799 0.79522401
vt 0.70377600 0.79900002
vt 0.68268400 0.78844202
vt 0.67075998 0.78815198
vt 0.67101800 0.79291403
vt 0.68220699 0.79318601
vt 0.65894002 0.78977597
vt 0.64751202 0.79324901
vt 0.64920402 0.79769701
vt 0.65992701 0.79443800
vt 0.63676298 0.79850900
vt 0.62694901 0.80540502
vt 0.62990999 0.80910397
vt 0.63911802 0.80263299
vt 0.61832500 0.81378698
vt 0.61108601 0.82343102
vt 0.61502397 0.82601798
vt 0.62181699 0.81696796
vt 0.60542899 0.83411402
vt 0.60147399 0.84556103
vt 0.60600501 0.84678298
vt 0.60971701 0.83604199
vt 0.59933901 0.85750002
vt 0.59905398 0.86963099
vt 0.60373503 0.86936802
vt 0.60400200 0.85798502
vt 0.60065001 0.88165599
vt 0.60406399 0.89328301
vt 0.60843599 0.89156103
vt 0.60523301 0.88065201
vt 0.60923398 0.90421790
vt 0.61601299 0.91420233
vt 0.61964798 0.91119051
vt 0.61328799 0.90182197
vt 0.62425101 0.92297673
vt 0.63373101 0.93034130
vt 0.63627398 0.92633408
vt 0.62737900 0.91942382
vt 0.64423198 0.93609619
vt 0.64612699 0.93173409
vt 0.65764302 0.93183941
vt 0.66807801 0.93377048
vt 0.66838801 0.93073708
vt 0.65841502 0.92889249
vt 0.67868000 0.93402761
vt 0.67852002 0.93098199
vt 0.68919098 0.93258357
vt 0.68856502 0.92960119
vt 0.69935298 0.92949468
vt 0.69827598 0.92664850
vt 0.69719899 0.92380273
vt 0.68793797 0.92661917
vt 0.70891100 0.92481709
vt 0.70740902 0.92217761
vt 0.71763802 0.91868460
vt 0.71574801 0.91631639
vt 0.71385902 0.91394860
vt 0.70590800 0.91953850
vt 0.72530699 0.91123110
vt 0.72307700 0.90919298
vt 0.73174298 0.90265530
vt 0.72922701 0.90099698
vt 0.72671098 0.89933902
vt 0.72084701 0.90715510
vt 0.73677301 0.89315599
vt 0.73403299 0.89191800
vt 0.74028999 0.88297600
vt 0.73739302 0.88218999
vt 0.73449701 0.88140398
vt 0.73129398 0.89068103
vt 0.74218798 0.87235999
vt 0.73920602 0.87204498
vt 0.74244100 0.86157298
vt 0.73944700 0.86173600
vt 0.73645401 0.86189902
vt 0.73622501 0.87172902
vt 0.74102098 0.85088003
vt 0.73808998 0.85151702
vt 0.73798501 0.84054101
vt 0.73518699 0.84163797
vt 0.73238999 0.84273398
vt 0.73515898 0.85215497
vt 0.73338699 0.83081800
vt 0.73079300 0.83234602
vt 0.72735900 0.82194000
vt 0.72503102 0.82386202
vt 0.72270399 0.82578397
vt 0.72819901 0.83387303
vt 0.72003299 0.81413800
vt 0.71802902 0.81640601
vt 0.71160299 0.80758899
vt 0.70997298 0.81014901
vt 0.70834398 0.81270897
vt 0.71602601 0.81867498
vt 0.70226598 0.80247200
vt 0.70104998 0.80526000
vt 0.69226003 0.79889399
vt 0.69148701 0.80184102
vt 0.69071501 0.80478799
vt 0.69983399 0.80804700
vt 0.68182498 0.79696298
vt 0.68151498 0.79999697
vt 0.67122197 0.79670602
vt 0.67138201 0.79975200
vt 0.67154300 0.80279702
vt 0.68120497 0.80303001
vt 0.66071200 0.79815000
vt 0.66133797 0.80113304
vt 0.65055001 0.80123901
vt 0.65162700 0.80408597
vt 0.65270400 0.80693102
vt 0.66196501 0.80411500
vt 0.64099199 0.80591702
vt 0.64249402 0.80855602
vt 0.63226497 0.81204903
vt 0.63415498 0.81441802
vt 0.63604403 0.81678498
vt 0.64399499 0.81119597
vt 0.62459600 0.81950301
vt 0.62682599 0.82154101
vt 0.61816001 0.82807899
vt 0.62067598 0.82973701
vt 0.62319201 0.83139503
vt 0.62905598 0.82357901
vt 0.61312997 0.83757800
vt 0.61587000 0.83881497
vt 0.60961300 0.84775800
vt 0.61251003 0.84854400
vt 0.61540598 0.84933001
vt 0.61861002 0.84005302
vt 0.60771501 0.85837400
vt 0.61069697 0.85868901
vt 0.60746300 0.86916101
vt 0.61045599 0.86899799
vt 0.61344999 0.86883497
vt 0.61367798 0.85900402
vt 0.60888201 0.87985402
vt 0.61181301 0.87921602
vt 0.61191797 0.89019203
vt 0.61471599 0.88909602
vt 0.61751300 0.88800001
vt 0.61474502 0.87857902
vt 0.61651599 0.89991599
vt 0.61910999 0.89838803
vt 0.62254399 0.90879357
vt 0.62487102 0.90687162
vt 0.62719899 0.90494978
vt 0.62170398 0.89686000
vt 0.62987000 0.91659588
vt 0.63187301 0.91432720
vt 0.63829899 0.92314452
vt 0.63992900 0.92058480
vt 0.64155900 0.91802531
vt 0.63387603 0.91205889
vt 0.64763701 0.92826152
vt 0.64885300 0.92547411
vt 0.65006900 0.92268699
vt 0.66791499 0.93537408
vt 0.65723503 0.93339741
vt 0.67876601 0.93563747
vt 0.64699501 0.92973542
vt 0.63743800 0.92449808
vt 0.68952298 0.93415987
vt 0.69992399 0.93099892
vt 0.70970601 0.92621177
vt 0.71863699 0.91993582
vt 0.72648603 0.91230780
vt 0.73307401 0.90353107
vt 0.73822200 0.89380902
vt 0.74182099 0.88339102
vt 0.74376398 0.87252599
vt 0.74402303 0.86148602
vt 0.74257100 0.85054201
vt 0.73946398 0.83996099
vt 0.73475802 0.83000898
vt 0.72858900 0.82092297
vt 0.72109097 0.81293797
vt 0.71246397 0.80623603
vt 0.70290798 0.80099797
vt 0.69266802 0.79733598
vt 0.68198800 0.79535997
vt 0.67113698 0.79509699
vt 0.66038001 0.79657400
vt 0.64997900 0.79973501
vt 0.64019698 0.80452198
vt 0.63126600 0.81079799
vt 0.62341702 0.81842601
vt 0.61682898 0.82720304
vt 0.61168098 0.83692503
vt 0.60808200 0.84734297
vt 0.60613900 0.85820800
vt 0.60588002 0.86924803
vt 0.60733199 0.88019198
vt 0.61043900 0.89077300
vt 0.61514503 0.90072411
vt 0.62131399 0.90981042
vt 0.62881202 0.91779572
vt 0.68760598 0.92504400
vt 0.69662797 0.92229962
vt 0.70511299 0.91814470
vt 0.71285999 0.91269827
vt 0.71966797 0.90607917
vt 0.72538197 0.89846402
vt 0.72984600 0.89002901
vt 0.73296601 0.88099003
vt 0.73465002 0.87156403
vt 0.73487198 0.86198598
vt 0.73360997 0.85249197
vt 0.73091298 0.84331399
vt 0.72682899 0.83468103
vt 0.72147501 0.82679999
vt 0.71496898 0.81987399
vt 0.70748401 0.81406099
vt 0.69919199 0.80952001
vt 0.69030797 0.80634499
vt 0.68104303 0.80463201
vt 0.67162800 0.80440599
vt 0.66229701 0.80568999
vt 0.65327501 0.80843401
vt 0.64478898 0.81258899
vt 0.63704300 0.81803602
vt 0.63023502 0.82465500
vt 0.62452102 0.83227003
vt 0.62005699 0.84070504
vt 0.61693698 0.84974402
vt 0.61525297 0.85917002
vt 0.61503100 0.86874700
vt 0.61629301 0.87824100
vt 0.61899000 0.88742000
vt 0.62307400 0.89605200
vt 0.62842798 0.90393358
vt 0.63493401 0.91085958
vt 0.64241898 0.91667241
vt 0.65071100 0.92121410
vt 0.29198399 0.46783298
vt 0.28145799 0.46799898
vt 0.30341601 0.46852702
vt 0.30356899 0.46178901
vt 0.29294401 0.46076500
vt 0.28195500 0.45722300
vt 0.31481799 0.46881402
vt 0.32618001 0.46875203
vt 0.32585999 0.46221799
vt 0.31462499 0.46224701
vt 0.33748901 0.46839702
vt 0.34874800 0.46784002
vt 0.34813201 0.46108103
vt 0.33702600 0.46178198
vt 0.35995901 0.46717000
vt 0.37111399 0.46639001
vt 0.37018600 0.45931202
vt 0.35919100 0.46025699
vt 0.38220301 0.46550697
vt 0.39321399 0.46452498
vt 0.39193299 0.45707202
vt 0.38110501 0.45824599
vt 0.40413499 0.46344900
vt 0.41495201 0.46228802
vt 0.41326499 0.45445597
vt 0.40265799 0.45580202
vt 0.42565000 0.46105099
vt 0.43620101 0.45971602
vt 0.43406200 0.45158201
vt 0.42374200 0.45305598
vt 0.44657701 0.45826501
vt 0.45674500 0.45669401
vt 0.45413199 0.44836003
vt 0.44419900 0.45001000
vt 0.46667099 0.45500100
vt 0.47631600 0.45316601
vt 0.47332400 0.44487101
vt 0.46384299 0.44664598
vt 0.48563701 0.45116901
vt 0.49479699 0.44909102
vt 0.49092299 0.43914300
vt 0.48256999 0.44303602
vt 0.07456790 0.44950497
vt 0.06544470 0.44720101
vt 0.08388010 0.45166701
vt 0.08724730 0.44303101
vt 0.07805200 0.44112903
vt 0.06993290 0.43705899
vt 0.09357020 0.45354801
vt 0.10358700 0.45515400
vt 0.10657800 0.44616002
vt 0.09676320 0.44471902
vt 0.11388000 0.45649302
vt 0.12439800 0.45760500
vt 0.12698600 0.44823402
vt 0.11666800 0.44731802
vt 0.13508700 0.45853299
vt 0.14591500 0.45932198
vt 0.14812200 0.44952500
vt 0.13748300 0.44894898
vt 0.15684500 0.46001601
vt 0.16786700 0.46058297
vt 0.16970301 0.45037699
vt 0.15886299 0.45002198
vt 0.17897201 0.46098602
vt 0.19014400 0.46124703
vt 0.19164100 0.45051301
vt 0.18063600 0.45052701
vt 0.20136900 0.46138501
vt 0.21263000 0.46146601
vt 0.21379501 0.45019603
vt 0.20270000 0.45037401
vt 0.22391300 0.46155602
vt 0.23521601 0.46164000
vt 0.23604000 0.44996798
vt 0.22490799 0.45006597
vt 0.24653600 0.46170199
vt 0.25693399 0.46132100
vt 0.25973099 0.44908202
vt 0.24719100 0.44988400
vt 0.25858799 0.44255698
vt 0.26962101 0.44240898
vt 0.26964399 0.44067103
vt 0.25863901 0.44080800
vt 0.28064200 0.44217998
vt 0.28063801 0.44046301
vt 0.28063500 0.43881398
vt 0.26966700 0.43899602
vt 0.25868800 0.43911499
vt 0.29283699 0.45352399
vt 0.29183400 0.45015699
vt 0.28162101 0.45072001
vt 0.30330899 0.45214802
vt 0.30294800 0.44900399
vt 0.30280700 0.44559997
vt 0.29175600 0.44630700
vt 0.28090599 0.44675303
vt 0.31416899 0.45128798
vt 0.31398800 0.44814998
vt 0.32518399 0.45063502
vt 0.32495701 0.44741398
vt 0.32472700 0.44409102
vt 0.31379801 0.44486701
vt 0.33612001 0.44988000
vt 0.33585700 0.44661200
vt 0.34699199 0.44898802
vt 0.34669501 0.44569403
vt 0.34639201 0.44231898
vt 0.33559099 0.44326001
vt 0.35781500 0.44792497
vt 0.35747600 0.44460899
vt 0.36857200 0.44672102
vt 0.36818701 0.44338799
vt 0.36779800 0.43998498
vt 0.35713199 0.44121599
vt 0.37924400 0.44540602
vt 0.37881300 0.44206500
vt 0.38982099 0.44400799
vt 0.38934299 0.44065797
vt 0.38886601 0.43725300
vt 0.37838101 0.43866098
vt 0.40029001 0.44255602
vt 0.39976400 0.43918902
vt 0.41064000 0.44105798
vt 0.41006401 0.43766999
vt 0.40949100 0.43423802
vt 0.39923900 0.43577403
vt 0.42085701 0.43952602
vt 0.42023301 0.43611199
vt 0.43092799 0.43796599
vt 0.43025601 0.43452698
vt 0.42959100 0.43105102
vt 0.41961199 0.43265897
vt 0.44083601 0.43638802
vt 0.44012100 0.43292600
vt 0.45056599 0.43478000
vt 0.44981599 0.43131101
vt 0.44907400 0.42780602
vt 0.43941399 0.42942798
vt 0.46010000 0.43313301
vt 0.45932800 0.42968500
vt 0.46945301 0.43150002
vt 0.46867299 0.42809302
vt 0.46789300 0.42465401
vt 0.45856500 0.42620301
vt 0.47863799 0.42993098
vt 0.47786799 0.42657602
vt 0.48789799 0.42892700
vt 0.48698699 0.42509699
vt 0.48607701 0.42126799
vt 0.47706500 0.42319202
vt 0.07323490 0.42660898
vt 0.08247000 0.42767102
vt 0.08335370 0.42428499
vt 0.07427380 0.42271900
vt 0.09163430 0.42921400
vt 0.09253170 0.42578900
vt 0.09343430 0.42232198
vt 0.08427510 0.42086202
vt 0.07531260 0.41882998
vt 0.10102000 0.43063700
vt 0.10190600 0.42716902
vt 0.11063100 0.43188500
vt 0.11148700 0.42838401
vt 0.11233800 0.42484200
vt 0.10278700 0.42365801
vt 0.12047300 0.43290699
vt 0.12128500 0.42939401
vt 0.13051400 0.43373603
vt 0.13127400 0.43021703
vt 0.13203099 0.42666203
vt 0.12209200 0.42584097
vt 0.14072099 0.43440300
vt 0.14142799 0.43087298
vt 0.15107600 0.43490601
vt 0.15172701 0.43136698
vt 0.15237600 0.42779398
vt 0.14213200 0.42730701
vt 0.16155601 0.43524098
vt 0.16214900 0.43170601
vt 0.17214100 0.43544900
vt 0.17267400 0.43192202
vt 0.17320600 0.42836899
vt 0.16273899 0.42814100
vt 0.18280600 0.43556702
vt 0.18328200 0.43204802
vt 0.19354101 0.43559700
vt 0.19396099 0.43208599
vt 0.19438100 0.42854702
vt 0.18375701 0.42850101
vt 0.20433600 0.43554097
vt 0.20469999 0.43204302
vt 0.21517700 0.43543899
vt 0.21548700 0.43195403
vt 0.21579701 0.42843801
vt 0.20506500 0.42851597
vt 0.22605000 0.43533403
vt 0.22630700 0.43185401
vt 0.23694900 0.43522698
vt 0.23715401 0.43174797
vt 0.23735900 0.42823398
vt 0.22656500 0.42834198
vt 0.24786700 0.43511897
vt 0.24801899 0.43163598
vt 0.25879100 0.43501699
vt 0.25889099 0.43153101
vt 0.25899300 0.42800599
vt 0.24817200 0.42811799
vt 0.26971099 0.43492800
vt 0.26976100 0.43144101
vt 0.28062001 0.43478900
vt 0.28062099 0.43130499
vt 0.28062499 0.42776698
vt 0.26981300 0.42790800
vt 0.29151401 0.43453699
vt 0.29146799 0.43106401
vt 0.30238000 0.43413198
vt 0.30228800 0.43067199
vt 0.30219799 0.42714101
vt 0.29142401 0.42752600
vt 0.31320599 0.43353301
vt 0.31306800 0.43008798
vt 0.32398200 0.43278700
vt 0.32380000 0.42935503
vt 0.32361999 0.42585099
vt 0.31293401 0.42657000
vt 0.33470100 0.43194300
vt 0.33447200 0.42851800
vt 0.34535900 0.43094701
vt 0.34507701 0.42746800
vt 0.34479299 0.42394000
vt 0.33424100 0.42502397
vt 0.35595199 0.42974401
vt 0.35560900 0.42609602
vt 0.36647400 0.42837101
vt 0.36606199 0.42440099
vt 0.36545399 0.42058200
vt 0.35527101 0.42245501
vt 0.37691799 0.42686498
vt 0.37643099 0.42237800
vt 0.38707200 0.42546999
vt 0.38593200 0.42100602
vt 0.37512401 0.41833502
vt 0.36490199 0.41726100
vt 0.37399399 0.41590202
vt 0.37220201 0.41540700
vt 0.36438099 0.41621798
vt 0.37389901 0.41459900
vt 0.36475301 0.41515100
vt 0.34443599 0.41976702
vt 0.35490301 0.41857898
vt 0.35480100 0.41719902
vt 0.34433401 0.41821098
vt 0.35472900 0.41588700
vt 0.34426001 0.41671997
vt 0.32339099 0.42153800
vt 0.33394000 0.42073399
vt 0.33385199 0.41911501
vt 0.32332301 0.41991103
vt 0.33378300 0.41756201
vt 0.32326299 0.41835499
vt 0.30208501 0.42278999
vt 0.31276599 0.42223299
vt 0.31271499 0.42060101
vt 0.30205199 0.42115301
vt 0.31266999 0.41904199
vt 0.30202299 0.41959101
vt 0.28062600 0.42343402
vt 0.29136801 0.42317802
vt 0.29135400 0.42154002
vt 0.28063101 0.42179698
vt 0.29134199 0.41997302
vt 0.28063801 0.42022502
vt 0.25910601 0.42371303
vt 0.26986900 0.42359602
vt 0.26989600 0.42196399
vt 0.25915301 0.42208499
vt 0.26992100 0.42039001
vt 0.25919801 0.42051101
vt 0.23758700 0.42394698
vt 0.24834201 0.42383099
vt 0.24841100 0.42220497
vt 0.23767900 0.42232198
vt 0.24847700 0.42063302
vt 0.23776500 0.42075300
vt 0.21614300 0.42414403
vt 0.22685100 0.42405403
vt 0.22696599 0.42242998
vt 0.21628100 0.42251903
vt 0.22707400 0.42086202
vt 0.21641099 0.42095101
vt 0.19485299 0.42422301
vt 0.20547301 0.42420799
vt 0.20563500 0.42257798
vt 0.19503900 0.42258900
vt 0.20578600 0.42100799
vt 0.19521201 0.42101598
vt 0.17381001 0.42402500
vt 0.18429500 0.42416698
vt 0.18450400 0.42253000
vt 0.17404300 0.42238498
vt 0.18470000 0.42095602
vt 0.17426200 0.42080998
vt 0.15311700 0.42342597
vt 0.16341200 0.42378402
vt 0.16367000 0.42213899
vt 0.15339901 0.42177802
vt 0.16391100 0.42056000
vt 0.15366299 0.42019802
vt 0.13290399 0.42229301
vt 0.14294100 0.42293602
vt 0.14324600 0.42128998
vt 0.13322900 0.42065001
vt 0.14353000 0.41971397
vt 0.13353200 0.41908002
vt 0.11332000 0.42048901
vt 0.12302400 0.42147601
vt 0.12336900 0.41983402
vt 0.11368000 0.41885000
vt 0.12369000 0.41826499
vt 0.11401400 0.41728401
vt 0.09450860 0.41804898
vt 0.10380600 0.41933501
vt 0.10417700 0.41770601
vt 0.09488930 0.41643798
vt 0.10451800 0.41614902
vt 0.09522820 0.41489601
vt 0.07658910 0.41513699
vt 0.08545170 0.41666597
vt 0.08584850 0.41508198
vt 0.07693110 0.41368198
vt 0.08617080 0.41355902
vt 0.07727310 0.41222799
vt 0.46695399 0.42048299
vt 0.47602400 0.41908699
vt 0.47568300 0.41752398
vt 0.46662900 0.41889203
vt 0.48491400 0.41764998
vt 0.48462799 0.41621298
vt 0.48434201 0.41477603
vt 0.47541201 0.41600698
vt 0.46633899 0.41734898
vt 0.44820300 0.42354798
vt 0.45767200 0.42198098
vt 0.45735601 0.42037201
vt 0.44789499 0.42192698
vt 0.45706299 0.41881400
vt 0.44760701 0.42036003
vt 0.42878601 0.42676902
vt 0.43857199 0.42515200
vt 0.43827501 0.42352098
vt 0.42850199 0.42513102
vt 0.43799600 0.42194498
vt 0.42823499 0.42354900
vt 0.40877599 0.42995399
vt 0.41885000 0.42837501
vt 0.41858199 0.42673600
vt 0.40852401 0.42831600
vt 0.41832900 0.42515600
vt 0.40828800 0.42673802
vt 0.38825300 0.43296200
vt 0.39857399 0.43148702
vt 0.39834100 0.42984802
vt 0.38803899 0.43132102
vt 0.39812201 0.42827201
vt 0.38783699 0.42974502
vt 0.36728901 0.43568802
vt 0.37781999 0.43436497
vt 0.37762299 0.43272102
vt 0.36711001 0.43404597
vt 0.37743700 0.43114501
vt 0.36693999 0.43247098
vt 0.34599000 0.43804598
vt 0.35667601 0.43692797
vt 0.35651600 0.43528998
vt 0.34584901 0.43641400
vt 0.35636300 0.43372101
vt 0.34571499 0.43485302
vt 0.32442600 0.43985099
vt 0.33523899 0.43900597
vt 0.33511701 0.43738002
vt 0.32432401 0.43822700
vt 0.33500201 0.43582398
vt 0.32422900 0.43667299
vt 0.30262500 0.44128901
vt 0.31355199 0.44062400
vt 0.31347200 0.43899500
vt 0.30256701 0.43964100
vt 0.31339699 0.43743497
vt 0.30251500 0.43806398
vt 0.29164901 0.44180697
vt 0.29161701 0.44012499
vt 0.29158899 0.43851399
vt 0.29385000 0.45712000
vt 0.29570699 0.45629001
vt 0.29381400 0.45563102
vt 0.30370501 0.45730799
vt 0.30413899 0.45608902
vt 0.30363700 0.45497900
vt 0.23650400 0.44281399
vt 0.24754401 0.44268501
vt 0.24762499 0.44093001
vt 0.23661700 0.44105297
vt 0.24770300 0.43922901
vt 0.23672400 0.43934602
vt 0.21448100 0.44313699
vt 0.22548200 0.44296300
vt 0.22562499 0.44119000
vt 0.21465600 0.44134200
vt 0.22576199 0.43947101
vt 0.21482401 0.43960100
vt 0.19256601 0.44350600
vt 0.20350300 0.44334102
vt 0.20371400 0.44150698
vt 0.19281501 0.44163001
vt 0.20391500 0.43973202
vt 0.19305000 0.43981999
vt 0.17087901 0.44347799
vt 0.18168500 0.44356298
vt 0.18197200 0.44165403
vt 0.17120101 0.44155699
vt 0.18224201 0.43981498
vt 0.17150401 0.43970901
vt 0.14954901 0.44281697
vt 0.16016300 0.44321799
vt 0.16051599 0.44131702
vt 0.14993399 0.44094002
vt 0.16084900 0.43948698
vt 0.15029700 0.43913198
vt 0.12869200 0.44164598
vt 0.13904700 0.44230700
vt 0.13947000 0.44042897
vt 0.12915300 0.43976003
vt 0.13986699 0.43862301
vt 0.12958600 0.43794900
vt 0.10856100 0.43970698
vt 0.11851600 0.44078898
vt 0.11901300 0.43890500
vt 0.10908800 0.43783700
vt 0.11947700 0.43709999
vt 0.10957700 0.43604797
vt 0.08946990 0.43682402
vt 0.09886710 0.43836898
vt 0.09941630 0.43652499
vt 0.09003540 0.43502200
vt 0.09992350 0.43475997
vt 0.09054600 0.43329000
vt 0.07158220 0.43327099
vt 0.08040420 0.43512201
vt 0.08098310 0.43337703
vt 0.07209530 0.43166298
vt 0.08147550 0.43168998
vt 0.07260840 0.43005401
vt 0.47135600 0.43892598
vt 0.48046401 0.43722999
vt 0.47995099 0.43554097
vt 0.47086701 0.43719703
vt 0.48936501 0.43547302
vt 0.48890501 0.43389899
vt 0.48844400 0.43232399
vt 0.47951901 0.43389499
vt 0.47042400 0.43551999
vt 0.45238999 0.44232202
vt 0.46199000 0.44063097
vt 0.46152201 0.43888301
vt 0.45194301 0.44056201
vt 0.46108699 0.43719101
vt 0.45152399 0.43886101
vt 0.43257201 0.44557202
vt 0.44257799 0.44397402
vt 0.44215399 0.44220001
vt 0.43217400 0.44378901
vt 0.44175500 0.44048500
vt 0.43179801 0.44206798
vt 0.41204301 0.44857103
vt 0.42238599 0.44709998
vt 0.42201900 0.44532597
vt 0.41170901 0.44681400
vt 0.42167199 0.44361299
vt 0.41139299 0.44511801
vt 0.39096799 0.45135200
vt 0.40156600 0.44999498
vt 0.40126500 0.44825602
vt 0.39070001 0.44963801
vt 0.40098000 0.44658101
vt 0.39044601 0.44799000
vt 0.36946100 0.45379400
vt 0.38026100 0.45262402
vt 0.38002700 0.45094597
vt 0.36925900 0.45215899
vt 0.37980399 0.44933599
vt 0.36906600 0.45059299
vt 0.34764200 0.45577002
vt 0.35857999 0.45484602
vt 0.35841000 0.45325601
vt 0.34750301 0.45422202
vt 0.35824600 0.45173597
vt 0.34736699 0.45274299
vt 0.32562301 0.45711100
vt 0.33666900 0.45655799
vt 0.33656400 0.45503998
vt 0.32554799 0.45563501
vt 0.33645099 0.45359302
vt 0.32545999 0.45423001
vt 0.31446600 0.45733303
vt 0.31441301 0.45592701
vt 0.31435400 0.45460200
vt 0.26903901 0.46602899
vt 0.27276900 0.47029400
vt 0.27051699 0.44670302
vt 0.26960301 0.44432902
vt 0.25853899 0.44447798
vt 0.28065500 0.44409102
vt 0.26968399 0.43726403
vt 0.28062701 0.43710798
vt 0.25873101 0.43736500
vt 0.37235099 0.41704100
vt 0.36459100 0.41858703
vt 0.37212500 0.41397101
vt 0.36427099 0.41411501
vt 0.35504699 0.42014003
vt 0.34458399 0.42152500
vt 0.35467201 0.41453099
vt 0.34419701 0.41515601
vt 0.33406699 0.42256701
vt 0.32348701 0.42338198
vt 0.33371401 0.41592801
vt 0.32319701 0.41672200
vt 0.31283599 0.42408800
vt 0.30213201 0.42465001
vt 0.31261599 0.41740900
vt 0.30198699 0.41795599
vt 0.29139099 0.42503500
vt 0.28062499 0.42528301
vt 0.29132399 0.41832799
vt 0.28063899 0.41857100
vt 0.26984599 0.42543501
vt 0.25905901 0.42554402
vt 0.26994199 0.41872698
vt 0.25923800 0.41884297
vt 0.24827100 0.42565900
vt 0.23749200 0.42577499
vt 0.24853601 0.41896701
vt 0.23784401 0.41908997
vt 0.22673100 0.42588401
vt 0.21599901 0.42597598
vt 0.22717200 0.41920203
vt 0.21653000 0.41929102
vt 0.20530300 0.42604601
vt 0.19465600 0.42606699
vt 0.20592700 0.41934901
vt 0.19537400 0.41935599
vt 0.18407001 0.42601597
vt 0.17355800 0.42587900
vt 0.18488400 0.41929698
vt 0.17446800 0.41915101
vt 0.16313100 0.42564201
vt 0.15280800 0.42528898
vt 0.16414100 0.41890001
vt 0.15391600 0.41853797
vt 0.14260300 0.42480201
vt 0.13253900 0.42415899
vt 0.14380400 0.41806102
vt 0.13382700 0.41743398
vt 0.12263500 0.42334002
vt 0.11291000 0.42234802
vt 0.12400400 0.41662198
vt 0.11434400 0.41564399
vt 0.10338100 0.42118299
vt 0.09405850 0.41987598
vt 0.10485600 0.41451901
vt 0.09555310 0.41327798
vt 0.08495080 0.41845798
vt 0.07595090 0.41698301
vt 0.08644770 0.41195101
vt 0.07744110 0.41058099
vt 0.47646701 0.42083597
vt 0.46734700 0.42225999
vt 0.48549601 0.41945899
vt 0.47517800 0.41439402
vt 0.48422101 0.41313899
vt 0.46605101 0.41571599
vt 0.45804399 0.42378002
vt 0.44856599 0.42536300
vt 0.45675600 0.41716802
vt 0.44730201 0.41870600
vt 0.43892500 0.42697799
vt 0.42912501 0.42860299
vt 0.43769801 0.42028201
vt 0.42794600 0.42188197
vt 0.41917300 0.43021399
vt 0.40908000 0.43179703
vt 0.41805300 0.42349100
vt 0.40802699 0.42507797
vt 0.39885801 0.43333501
vt 0.38851500 0.43481398
vt 0.39672601 0.42442602
vt 0.39787900 0.42661399
vt 0.38761100 0.42808801
vt 0.37806100 0.43621898
vt 0.36750901 0.43754297
vt 0.37722701 0.42948997
vt 0.36674699 0.43081999
vt 0.35687301 0.43878001
vt 0.34616399 0.43989199
vt 0.35619000 0.43207902
vt 0.34556201 0.43321902
vt 0.33539101 0.44084501
vt 0.32455501 0.44168800
vt 0.33487099 0.43419600
vt 0.32411999 0.43504298
vt 0.31365699 0.44247001
vt 0.30270201 0.44315201
vt 0.31331199 0.43579799
vt 0.30245399 0.43641198
vt 0.29169500 0.44369602
vt 0.29155499 0.43683600
vt 0.29576001 0.45813799
vt 0.30421901 0.45868701
vt 0.29567501 0.45468801
vt 0.30407500 0.45381701
vt 0.24746300 0.44460702
vt 0.23638999 0.44473898
vt 0.24777301 0.43747097
vt 0.23682000 0.43758202
vt 0.22533700 0.44489503
vt 0.21430300 0.44508702
vt 0.22588600 0.43769598
vt 0.21497700 0.43781000
vt 0.20328900 0.44532800
vt 0.19231200 0.44553399
vt 0.20409900 0.43792403
vt 0.19326501 0.43799198
vt 0.18139000 0.44562000
vt 0.17054300 0.44554597
vt 0.18249001 0.43797100
vt 0.17178400 0.43785799
vt 0.15979099 0.44527102
vt 0.14913900 0.44485098
vt 0.16116001 0.43764901
vt 0.15063800 0.43730801
vt 0.13859400 0.44434398
vt 0.12819301 0.44369203
vt 0.14024299 0.43680000
vt 0.12999500 0.43612701
vt 0.11797400 0.44283903
vt 0.10798000 0.44174600
vt 0.11991700 0.43528801
vt 0.11004300 0.43425202
vt 0.09825580 0.44037998
vt 0.08882550 0.43878800
vt 0.10040800 0.43298203
vt 0.09102570 0.43153399
vt 0.07971230 0.43702000
vt 0.07075760 0.43516499
vt 0.08190750 0.42996401
vt 0.07292160 0.42833197
vt 0.48109099 0.43905902
vt 0.47192299 0.44080400
vt 0.49014401 0.43730801
vt 0.47913399 0.43219799
vt 0.48817101 0.43062598
vt 0.46999401 0.43379802
vt 0.46252301 0.44253802
vt 0.45289999 0.44424498
vt 0.46064901 0.43545502
vt 0.45109999 0.43711501
vt 0.44306299 0.44591200
vt 0.43302700 0.44751799
vt 0.44134900 0.43872797
vt 0.43141299 0.44030303
vt 0.42280701 0.44904202
vt 0.41242799 0.45050102
vt 0.42131099 0.44185299
vt 0.41105899 0.44336998
vt 0.40191600 0.45191300
vt 0.39128199 0.45325500
vt 0.40067500 0.44485003
vt 0.39017001 0.44628298
vt 0.38053900 0.45450503
vt 0.36970201 0.45564598
vt 0.37955800 0.44766003
vt 0.36885101 0.44895101
vt 0.35878500 0.45666498
vt 0.34780699 0.45755702
vt 0.35806000 0.45012999
vt 0.34720701 0.45116800
vt 0.33678800 0.45832002
vt 0.32570100 0.45882201
vt 0.33631101 0.45204002
vt 0.32534501 0.45273602
vt 0.31452200 0.45893002
vt 0.31428200 0.45324701
vt 0.39377800 0.42126203
vt 0.39673001 0.41651201
vt 0.26948601 0.45327699
vt 0.27328801 0.44980401
vt 0.13889600 0.25464201
vt 0.15023001 0.25522500
vt 0.12758200 0.25402600
vt 0.12673600 0.27369499
vt 0.13805901 0.27435702
vt 0.14941800 0.27496499
vt 0.16158099 0.25576699
vt 0.17294601 0.25626701
vt 0.16080600 0.27552098
vt 0.17221700 0.27602500
vt 0.18432300 0.25672197
vt 0.19571000 0.25713098
vt 0.18364801 0.27647799
vt 0.19509400 0.27688199
vt 0.20710699 0.25749302
vt 0.21851100 0.25780803
vt 0.20655300 0.27723700
vt 0.21802200 0.27754498
vt 0.22992200 0.25807500
vt 0.24133800 0.25829601
vt 0.22949900 0.27780497
vt 0.24098200 0.27801800
vt 0.25275901 0.25846899
vt 0.26418400 0.25859600
vt 0.25246999 0.27818602
vt 0.26396200 0.27830899
vt 0.27561200 0.25867599
vt 0.28704199 0.25871199
vt 0.27545601 0.27838701
vt 0.28695199 0.27842098
vt 0.29847500 0.25870198
vt 0.30990899 0.25864899
vt 0.29844800 0.27841198
vt 0.30994299 0.27836001
vt 0.32134300 0.25855303
vt 0.33277801 0.25841498
vt 0.32143700 0.27826703
vt 0.33292899 0.27813399
vt 0.34421200 0.25823700
vt 0.35564399 0.25802100
vt 0.34441701 0.27796102
vt 0.35589901 0.27774900
vt 0.36707500 0.25776702
vt 0.37850299 0.25748098
vt 0.36737600 0.27750099
vt 0.37884399 0.27721697
vt 0.38992700 0.25716197
vt 0.40134600 0.25681603
vt 0.39030200 0.27689898
vt 0.40174800 0.27654898
vt 0.41275999 0.25644600
vt 0.42416701 0.25605798
vt 0.41317901 0.27616900
vt 0.42459199 0.27576101
vt 0.43556499 0.25565797
vt 0.44695300 0.25525397
vt 0.43598300 0.27532601
vt 0.44734600 0.27486902
vt 0.45832700 0.25485700
vt 0.46968299 0.25448698
vt 0.45867801 0.27439201
vt 0.46997201 0.27390200
vt 0.48101300 0.25416499
vt 0.49230099 0.25394100
vt 0.48122299 0.27340698
vt 0.49242601 0.27292103
vt 0.50353301 0.25386399
vt 0.51473600 0.25386101
vt 0.50357801 0.27246201
vt 0.51396698 0.26538599
vt 0.07161330 0.25095099
vt 0.08268030 0.25146800
vt 0.06058680 0.25047898
vt 0.06097770 0.26205403
vt 0.07094830 0.26959997
vt 0.08196990 0.27052099
vt 0.09382820 0.25207299
vt 0.10503900 0.25272399
vt 0.09306550 0.27139199
vt 0.10422900 0.27221203
vt 0.11629300 0.25338101
vt 0.11545600 0.27297997
vt 0.14576299 0.34085000
vt 0.13406500 0.34013200
vt 0.13313100 0.35368800
vt 0.14493300 0.35442102
vt 0.12240100 0.33928800
vt 0.12134900 0.35281497
vt 0.12077900 0.35829198
vt 0.13266400 0.35916400
vt 0.14454800 0.35989499
vt 0.16922000 0.34199798
vt 0.15748300 0.34146702
vt 0.15674700 0.35504699
vt 0.16856900 0.35558099
vt 0.15642899 0.36051798
vt 0.16830599 0.36105102
vt 0.19272099 0.34285498
vt 0.18096700 0.34245801
vt 0.18039501 0.35604101
vt 0.19222300 0.35643601
vt 0.18017900 0.36150903
vt 0.19204700 0.36190200
vt 0.21624000 0.34348398
vt 0.20447899 0.34319502
vt 0.20405200 0.35677302
vt 0.21587899 0.35705799
vt 0.20391200 0.36223900
vt 0.21577200 0.36252302
vt 0.23976301 0.34391999
vt 0.22800200 0.34372401
vt 0.22770400 0.35729599
vt 0.23952700 0.35748702
vt 0.22762799 0.36276001
vt 0.23947901 0.36295098
vt 0.26328200 0.34418100
vt 0.25152299 0.34407198
vt 0.25134701 0.35763699
vt 0.26316300 0.35774398
vt 0.25132599 0.36309999
vt 0.26316899 0.36320698
vt 0.28678900 0.34428000
vt 0.27503699 0.34425098
vt 0.27497500 0.35781199
vt 0.28678301 0.35784000
vt 0.27500701 0.36327398
vt 0.28683901 0.36330199
vt 0.31028101 0.34422100
vt 0.29853800 0.34426999
vt 0.29858601 0.35782999
vt 0.31038401 0.35778201
vt 0.29866701 0.36329198
vt 0.31049001 0.36324298
vt 0.33375201 0.34400803
vt 0.32201999 0.34413397
vt 0.32217601 0.35769600
vt 0.33396199 0.35757101
vt 0.32230699 0.36315697
vt 0.33411801 0.36303198
vt 0.35719499 0.34364098
vt 0.34547701 0.34384400
vt 0.34573999 0.35740900
vt 0.35751101 0.35720700
vt 0.34592301 0.36286902
vt 0.35772100 0.36266702
vt 0.38060001 0.34311301
vt 0.36890301 0.34339797
vt 0.36927399 0.35696501
vt 0.38102600 0.35667998
vt 0.36951199 0.36242503
vt 0.38129601 0.36214101
vt 0.40395400 0.34240901
vt 0.39228499 0.34278500
vt 0.39276800 0.35635000
vt 0.40449601 0.35597003
vt 0.39307100 0.36181098
vt 0.40483701 0.36143100
vt 0.42723399 0.34148902
vt 0.41560599 0.34197998
vt 0.41621000 0.35553402
vt 0.42790401 0.35503000
vt 0.41659501 0.36099398
vt 0.42834201 0.36049002
vt 0.45039600 0.34027499
vt 0.43883401 0.34092700
vt 0.43957701 0.35444802
vt 0.45122001 0.35376400
vt 0.44007799 0.35990697
vt 0.45180199 0.35921901
vt 0.47336301 0.33860999
vt 0.46191201 0.33951497
vt 0.46282801 0.35295498
vt 0.47438300 0.35197401
vt 0.46351299 0.35840201
vt 0.47520500 0.35739702
vt 0.49598199 0.33621502
vt 0.48473099 0.33752698
vt 0.48587099 0.35077202
vt 0.49724799 0.34925097
vt 0.48687100 0.35614800
vt 0.49847499 0.35450202
vt 0.51833302 0.34148198
vt 0.50708300 0.33462298
vt 0.50847203 0.34731400
vt 0.51961899 0.34516799
vt 0.50998098 0.35230601
vt 0.52090502 0.34885401
vt 0.07643910 0.33388400
vt 0.06528250 0.33175099
vt 0.06345540 0.34445101
vt 0.07476120 0.34694201
vt 0.05364600 0.33799702
vt 0.05224660 0.34170401
vt 0.05084720 0.34541202
vt 0.06178150 0.34948999
vt 0.07339880 0.35224199
vt 0.09923040 0.33709002
vt 0.08776890 0.33564299
vt 0.08626060 0.34891802
vt 0.09789260 0.35049099
vt 0.08516570 0.35434002
vt 0.09701850 0.35595202
vt 0.11078200 0.33828902
vt 0.10959600 0.35176897
vt 0.10889300 0.35724503
vt 0.13205700 0.36678803
vt 0.14405499 0.36751598
vt 0.12002500 0.36591601
vt 0.11922600 0.37470502
vt 0.13137899 0.37548500
vt 0.14353301 0.37626600
vt 0.15602800 0.36813802
vt 0.16798100 0.36866802
vt 0.15558600 0.37683100
vt 0.16763900 0.37739599
vt 0.17991900 0.36912501
vt 0.19184400 0.36951703
vt 0.17963700 0.37781501
vt 0.19163500 0.37823403
vt 0.20375800 0.36985201
vt 0.21566400 0.37013602
vt 0.20359799 0.37853998
vt 0.21556200 0.37884599
vt 0.22756299 0.37037200
vt 0.23945400 0.37056202
vt 0.22750300 0.37905699
vt 0.23944400 0.37926900
vt 0.25133899 0.37071002
vt 0.26321799 0.37081701
vt 0.25136799 0.37939399
vt 0.26329300 0.37952000
vt 0.27509201 0.37088299
vt 0.28696001 0.37091100
vt 0.27520400 0.37956601
vt 0.28711399 0.37961203
vt 0.29882199 0.37089998
vt 0.31068000 0.37085003
vt 0.29901400 0.37958097
vt 0.31091401 0.37954998
vt 0.32253200 0.37076300
vt 0.33437899 0.37063801
vt 0.32280400 0.37944198
vt 0.33469400 0.37933499
vt 0.34622100 0.37047398
vt 0.35805699 0.37027103
vt 0.34657601 0.37915099
vt 0.35845801 0.37896699
vt 0.36988899 0.37002802
vt 0.38171700 0.36974198
vt 0.37033600 0.37870300
vt 0.38221300 0.37843800
vt 0.39353999 0.36941099
vt 0.40536100 0.36902899
vt 0.39409301 0.37808198
vt 0.40597200 0.37772501
vt 0.41718099 0.36859000
vt 0.42900300 0.36808300
vt 0.41786799 0.37725502
vt 0.42976499 0.37678403
vt 0.44083101 0.36749399
vt 0.45267200 0.36679697
vt 0.44171000 0.37614697
vt 0.45365599 0.37550902
vt 0.46453199 0.36596298
vt 0.47642401 0.36492199
vt 0.46571901 0.37458199
vt 0.47778201 0.37365401
vt 0.48835701 0.36360502
vt 0.50032401 0.36180401
vt 0.49008599 0.37210298
vt 0.50239098 0.37055200
vt 0.51231802 0.35930800
vt 0.52432501 0.35646498
vt 0.51506799 0.36731398
vt 0.52774501 0.36407602
vt 0.05921440 0.35659099
vt 0.07141860 0.35965300
vt 0.04701540 0.35311902
vt 0.04318360 0.36082602
vt 0.05620070 0.36472303
vt 0.06921780 0.36861902
vt 0.08363310 0.36189502
vt 0.09582200 0.36355299
vt 0.08188160 0.37051702
vt 0.09454540 0.37241399
vt 0.10795000 0.36486602
vt 0.10688500 0.37356001
vt 0.69875503 0.73745900
vt 0.70874298 0.73751998
vt 0.70874500 0.73035401
vt 0.69875598 0.73029697
vt 0.71873099 0.73758101
vt 0.71873999 0.73041701
vt 0.71875900 0.72318196
vt 0.70875698 0.72311997
vt 0.69875997 0.72306401
vt 0.67883402 0.73735601
vt 0.68879497 0.73740804
vt 0.68877900 0.73024404
vt 0.67881602 0.73019898
vt 0.68877000 0.72301304
vt 0.67879099 0.72297096
vt 0.65901297 0.73728502
vt 0.66892397 0.73732102
vt 0.66887301 0.73016202
vt 0.65895498 0.73013997
vt 0.66882402 0.72293901
vt 0.65887398 0.72292304
vt 0.63937199 0.73727703
vt 0.64919198 0.73728096
vt 0.64907002 0.73013401
vt 0.63922799 0.73015499
vt 0.64894402 0.72292602
vt 0.63904202 0.72295904
vt 0.62003201 0.73740000
vt 0.62970197 0.73733801
vt 0.62944001 0.73021197
vt 0.61972201 0.73032403
vt 0.62917101 0.72302997
vt 0.61934203 0.72316003
vt 0.60119098 0.73781300
vt 0.61061102 0.73760599
vt 0.61008900 0.73051202
vt 0.60056698 0.73082602
vt 0.60956198 0.72336698
vt 0.59984398 0.72369802
vt 0.58317900 0.73892498
vt 0.59218502 0.73836899
vt 0.59118199 0.73131704
vt 0.58198798 0.73211700
vt 0.59020001 0.72419900
vt 0.58065403 0.72498202
vt 0.56673300 0.74187303
vt 0.57495600 0.74039900
vt 0.57303798 0.73335898
vt 0.56421000 0.73482299
vt 0.57122701 0.72615898
vt 0.56168699 0.72777301
vt 0.93453503 0.74193901
vt 0.94293302 0.74351400
vt 0.94494301 0.73633397
vt 0.93584400 0.73500097
vt 0.95133001 0.74508899
vt 0.95394099 0.73786700
vt 0.95655298 0.73064500
vt 0.94682902 0.72901601
vt 0.93726897 0.72777301
vt 0.91634798 0.74045897
vt 0.92544103 0.74119902
vt 0.92654300 0.73406696
vt 0.91708499 0.73341596
vt 0.92762798 0.72688103
vt 0.91791701 0.72624099
vt 0.89742798 0.73966300
vt 0.90688801 0.74006104
vt 0.90751100 0.73293000
vt 0.89784300 0.73256499
vt 0.90815002 0.72575301
vt 0.89833498 0.72538000
vt 0.87806702 0.73917699
vt 0.88774800 0.73942000
vt 0.88810098 0.73227704
vt 0.87829900 0.73204803
vt 0.88848001 0.72508204
vt 0.87859100 0.72484303
vt 0.85843098 0.73884296
vt 0.86824900 0.73900998
vt 0.86844897 0.73185700
vt 0.85856098 0.73169500
vt 0.86867499 0.72464502
vt 0.85873598 0.72447699
vt 0.83862501 0.73858702
vt 0.84852803 0.73871499
vt 0.84864199 0.73155499
vt 0.83869898 0.73143101
vt 0.84877998 0.72433197
vt 0.83880901 0.72420400
vt 0.81871700 0.73837501
vt 0.82867098 0.73848099
vt 0.82873797 0.73131800
vt 0.81876302 0.73121399
vt 0.82882702 0.72408903
vt 0.81883597 0.72398299
vt 0.79875201 0.73818898
vt 0.80873501 0.73828197
vt 0.80877602 0.73111701
vt 0.79878199 0.73102599
vt 0.80883801 0.72388500
vt 0.79883498 0.72379196
vt 0.77875602 0.73802000
vt 0.78875399 0.73810399
vt 0.78878200 0.73093796
vt 0.77877802 0.73085499
vt 0.78882802 0.72370398
vt 0.77881902 0.72362101
vt 0.75874501 0.73786300
vt 0.76875001 0.73794103
vt 0.76877099 0.73077500
vt 0.75876302 0.73069799
vt 0.76880801 0.72354001
vt 0.75879598 0.72346300
vt 0.73873299 0.73771703
vt 0.74873900 0.73778999
vt 0.74875498 0.73062301
vt 0.73874700 0.73055100
vt 0.74878502 0.72338796
vt 0.73877400 0.72331601
vt 0.72873199 0.73764896
vt 0.72874200 0.73048300
vt 0.72876501 0.72324699
vt 0.70879000 0.71574998
vt 0.69878101 0.71569502
vt 0.71880102 0.71581000
vt 0.71896899 0.67266101
vt 0.70892799 0.67260700
vt 0.69888699 0.67255801
vt 0.68877602 0.71564800
vt 0.67877603 0.71561003
vt 0.68884701 0.67251700
vt 0.67880702 0.67248601
vt 0.66878003 0.71558601
vt 0.65879202 0.71557903
vt 0.66876698 0.67246801
vt 0.65872699 0.67246699
vt 0.64881301 0.71559596
vt 0.63884401 0.71564496
vt 0.64868599 0.67248797
vt 0.63864499 0.67253900
vt 0.62888902 0.71573699
vt 0.61894900 0.71588898
vt 0.62860203 0.67262799
vt 0.61855799 0.67276704
vt 0.60902798 0.71611899
vt 0.59912997 0.71646202
vt 0.60851300 0.67296898
vt 0.59846699 0.67325199
vt 0.58925998 0.71695000
vt 0.57942498 0.71765304
vt 0.58841997 0.67363501
vt 0.57837403 0.67414200
vt 0.56963098 0.71863800
vt 0.55985701 0.71976399
vt 0.56832898 0.67479897
vt 0.55802703 0.71175599
vt 0.94846600 0.72142303
vt 0.93857902 0.72038603
vt 0.95834398 0.72257900
vt 0.96013600 0.71451199
vt 0.95013899 0.67741001
vt 0.94005299 0.67670298
vt 0.92867601 0.71958697
vt 0.91875702 0.71897000
vt 0.92997599 0.67610502
vt 0.91990501 0.67560303
vt 0.90882099 0.71848202
vt 0.89887100 0.71809500
vt 0.90983897 0.67518902
vt 0.89977902 0.67484599
vt 0.88890898 0.71778202
vt 0.87893498 0.71752799
vt 0.88972199 0.67456198
vt 0.87966901 0.67432404
vt 0.86895299 0.71731496
vt 0.85896301 0.71713698
vt 0.86961800 0.67412299
vt 0.85957003 0.67395103
vt 0.84896600 0.71698296
vt 0.83896500 0.71684802
vt 0.84952301 0.67380100
vt 0.83947700 0.67366803
vt 0.82895899 0.71672797
vt 0.81895000 0.71661800
vt 0.82943302 0.67354900
vt 0.81938899 0.67344099
vt 0.80893898 0.71651697
vt 0.79892498 0.71642303
vt 0.80934602 0.67334104
vt 0.79930300 0.67324799
vt 0.78890997 0.71633399
vt 0.77889401 0.71624899
vt 0.78926003 0.67316103
vt 0.77921802 0.67307800
vt 0.76887798 0.71616799
vt 0.75886101 0.71608996
vt 0.76917601 0.67299998
vt 0.75913399 0.67292500
vt 0.74884498 0.71601498
vt 0.73882902 0.71594399
vt 0.74909198 0.67285299
vt 0.73905098 0.67278504
vt 0.72881401 0.71587503
vt 0.72900897 0.67272103
vt 0.69939601 0.44382501
vt 0.70956898 0.44384801
vt 0.70967501 0.40174103
vt 0.69948101 0.40172303
vt 0.71974200 0.44387501
vt 0.71986902 0.40176398
vt 0.71986902 0.39632797
vt 0.70967603 0.39630598
vt 0.69948298 0.39628899
vt 0.67904502 0.44379097
vt 0.68922102 0.44380599
vt 0.68928802 0.40170997
vt 0.67909497 0.40169799
vt 0.68929303 0.39627701
vt 0.67910600 0.39626801
vt 0.65868998 0.44376397
vt 0.66886902 0.44377702
vt 0.66890401 0.40168798
vt 0.65871501 0.40167600
vt 0.66892397 0.39626002
vt 0.65874702 0.39625198
vt 0.63832802 0.44372898
vt 0.64850998 0.44374901
vt 0.64852798 0.40165800
vt 0.63834500 0.40162998
vt 0.64857799 0.39624000
vt 0.63841897 0.39621800
vt 0.61795801 0.44365102
vt 0.62814403 0.44369799
vt 0.62816602 0.40158600
vt 0.61799300 0.40151399
vt 0.62827301 0.39618200
vt 0.61814100 0.39612001
vt 0.59757602 0.44347697
vt 0.60776800 0.44358099
vt 0.60782599 0.40140498
vt 0.59766501 0.40123802
vt 0.60802698 0.39602000
vt 0.59792900 0.39585602
vt 0.57717901 0.44312203
vt 0.58737999 0.44332701
vt 0.58750802 0.40099299
vt 0.57734197 0.40062898
vt 0.58784699 0.39560199
vt 0.57775700 0.39518702
vt 0.55643201 0.40592903
vt 0.56697297 0.44285297
vt 0.56715697 0.40010798
vt 0.55695999 0.39950901
vt 0.56764001 0.39453799
vt 0.55748898 0.39308900
vt 0.94347101 0.44481403
vt 0.95362997 0.44462103
vt 0.95382500 0.40171802
vt 0.94371003 0.40215498
vt 0.96445602 0.40764397
vt 0.96394002 0.40120900
vt 0.96342403 0.39477301
vt 0.95337999 0.39612401
vt 0.94333303 0.39668602
vt 0.92314702 0.44500899
vt 0.93330997 0.44493997
vt 0.93358999 0.40244699
vt 0.92346501 0.40262598
vt 0.93328297 0.39703602
vt 0.92322201 0.39723200
vt 0.90281302 0.44502002
vt 0.91298097 0.44503200
vt 0.91333002 0.40272498
vt 0.90318602 0.40276402
vt 0.91314298 0.39733398
vt 0.90304601 0.39736700
vt 0.88247299 0.44492501
vt 0.89264297 0.44498199
vt 0.89303201 0.40276200
vt 0.88286901 0.40273100
vt 0.89293098 0.39735901
vt 0.88279903 0.39731997
vt 0.86213303 0.44477898
vt 0.87230301 0.44485599
vt 0.87269998 0.40267903
vt 0.86252600 0.40261298
vt 0.87265301 0.39726198
vt 0.86249602 0.39719099
vt 0.84179199 0.44461298
vt 0.85196197 0.44469702
vt 0.85234600 0.40254003
vt 0.84216398 0.40246099
vt 0.85233003 0.39711303
vt 0.84215701 0.39703202
vt 0.82145101 0.44444698
vt 0.83162099 0.44452900
vt 0.83197898 0.40238202
vt 0.82179099 0.40230298
vt 0.83197802 0.39695001
vt 0.82179499 0.39686900
vt 0.80111003 0.44429302
vt 0.81128001 0.44436800
vt 0.81160200 0.40222597
vt 0.80141199 0.40215302
vt 0.81160802 0.39679199
vt 0.80141902 0.39671803
vt 0.78076899 0.44415599
vt 0.79093999 0.44422197
vt 0.79122102 0.40208501
vt 0.78102899 0.40202099
vt 0.79122800 0.39664799
vt 0.78103602 0.39658499
vt 0.76042801 0.44404000
vt 0.77059901 0.44409603
vt 0.77083701 0.40196401
vt 0.76064402 0.40191197
vt 0.77084202 0.39652699
vt 0.76064801 0.39647400
vt 0.74008602 0.44394702
vt 0.75025702 0.44399101
vt 0.75045103 0.40186602
vt 0.74025702 0.40182602
vt 0.75045300 0.39642799
vt 0.74025798 0.39638901
vt 0.72991401 0.44390798
vt 0.73006302 0.40179199
vt 0.73006302 0.39635497
vt 0.82679302 0.19033599
vt 0.83165598 0.19975197
vt 0.84616899 0.18716198
vt 0.84692001 0.17781103
vt 0.84002602 0.20612597
vt 0.85536402 0.18788600
vt 0.88240498 0.15573102
vt 0.81900400 0.17115903
vt 0.82076901 0.18164301
vt 0.83839601 0.17423201
vt 0.84195101 0.16557401
vt 0.81742102 0.15047199
vt 0.81591499 0.16099697
vt 0.83493102 0.15948999
vt 0.84094101 0.15237498
vt 0.82219899 0.13029897
vt 0.81756997 0.13983601
vt 0.83611202 0.14438099
vt 0.84399003 0.13950300
vt 0.83287102 0.11261600
vt 0.82557100 0.12023097
vt 0.84182602 0.13038301
vt 0.85079902 0.12822002
vt 0.84839100 0.09915400
vt 0.83913600 0.10410100
vt 0.85151100 0.11886603
vt 0.86070198 0.11963099
vt 0.86724102 0.09122998
vt 0.85693598 0.09302503
vt 0.86422098 0.11095798
vt 0.87273002 0.11457503
vt 0.88757497 0.08961898
vt 0.87722898 0.08808702
vt 0.87870997 0.10743302
vt 0.88570499 0.11354703
vt 0.90740299 0.09447998
vt 0.89802903 0.08977097
vt 0.89356202 0.10863501
vt 0.89835602 0.11664897
vt 0.92478502 0.10533702
vt 0.91729999 0.09791100
vt 0.90732098 0.11444700
vt 0.90944701 0.12357700
vt 0.93801701 0.12112701
vt 0.93315399 0.11171103
vt 0.91864097 0.12430102
vt 0.91789001 0.13365197
vt 0.94580698 0.14030403
vt 0.94404101 0.12981999
vt 0.92641401 0.13723099
vt 0.92286003 0.14588797
vt 0.94738901 0.16099101
vt 0.94889498 0.15046602
vt 0.92988002 0.15197200
vt 0.92386901 0.15908802
vt 0.94261098 0.18116403
vt 0.94724000 0.17162699
vt 0.92869800 0.16708100
vt 0.92082101 0.17196000
vt 0.93194002 0.19884598
vt 0.93923903 0.19123203
vt 0.92298502 0.18107998
vt 0.91401100 0.18324202
vt 0.91641903 0.21230900
vt 0.92567402 0.20736098
vt 0.91329902 0.19259602
vt 0.90410799 0.19183201
vt 0.89756900 0.22023302
vt 0.90787399 0.21843803
vt 0.90059000 0.20050502
vt 0.89208001 0.19688803
vt 0.87723500 0.22184402
vt 0.88758099 0.22337502
vt 0.88609999 0.20402998
vt 0.87910599 0.19791502
vt 0.85740697 0.21698302
vt 0.86678100 0.22169203
vt 0.87124902 0.20282799
vt 0.86645401 0.19481301
vt 0.84751099 0.21355200
vt 0.85749000 0.19701499
vt 0.82899499 0.21925497
vt 0.83280700 0.21471500
vt 0.82435298 0.20609099
vt 0.82065398 0.20930499
vt 0.81731898 0.19623500
vt 0.81231397 0.19935501
vt 0.71986800 0.39213300
vt 0.70967400 0.39211202
vt 0.71986902 0.38856101
vt 0.70967501 0.38854003
vt 0.69948399 0.38852400
vt 0.69948298 0.39209598
vt 0.71987599 0.38498998
vt 0.70968097 0.38496900
vt 0.71988398 0.38141698
vt 0.70968997 0.38139898
vt 0.69949698 0.38138098
vt 0.69949102 0.38495398
vt 0.81189799 0.18537599
vt 0.80740398 0.18726897
vt 0.80820203 0.17379099
vt 0.80249399 0.17518401
vt 0.68929499 0.39208502
vt 0.68929797 0.38851398
vt 0.67911798 0.38850701
vt 0.67911202 0.39207703
vt 0.68930501 0.38494301
vt 0.68931502 0.38137400
vt 0.67913300 0.38136601
vt 0.67912698 0.38493699
vt 0.80634397 0.16175801
vt 0.80149502 0.16214699
vt 0.80634803 0.14957899
vt 0.80049700 0.14911002
vt 0.66893601 0.39207202
vt 0.66894603 0.38850200
vt 0.65878499 0.38849801
vt 0.65876800 0.39206600
vt 0.66895902 0.38493299
vt 0.66897398 0.38136500
vt 0.65881598 0.38136297
vt 0.65880501 0.38493001
vt 0.80823600 0.13755101
vt 0.80350697 0.13639599
vt 0.81194001 0.12596899
vt 0.80651700 0.12368298
vt 0.64861202 0.39205700
vt 0.64863998 0.38849097
vt 0.63851398 0.38847601
vt 0.63847202 0.39204001
vt 0.64866900 0.38492399
vt 0.64869899 0.38135701
vt 0.63858300 0.38135099
vt 0.63855702 0.38491100
vt 0.81738800 0.11512399
vt 0.81324100 0.11253798
vt 0.82442898 0.10527200
vt 0.81996602 0.10139400
vt 0.62835002 0.39200902
vt 0.62841302 0.38844901
vt 0.61834198 0.38839602
vt 0.61825103 0.39195198
vt 0.62847602 0.38488603
vt 0.62853903 0.38132101
vt 0.61849600 0.38129097
vt 0.61843300 0.38483602
vt 0.83290499 0.09667099
vt 0.82974601 0.09290898
vt 0.84259301 0.08951497
vt 0.83952600 0.08442301
vt 0.60817999 0.39185899
vt 0.60830802 0.38830698
vt 0.59831601 0.38815200
vt 0.59813601 0.39169902
vt 0.60843801 0.38475102
vt 0.60856700 0.38119203
vt 0.59863901 0.38109201
vt 0.59849900 0.38459897
vt 0.85326701 0.08399999
vt 0.85140502 0.07942802
vt 0.86465400 0.08024001
vt 0.86328399 0.07443303
vt 0.58812100 0.39144301
vt 0.58837003 0.38789898
vt 0.57846701 0.38744098
vt 0.57811803 0.39099801
vt 0.58862901 0.38435203
vt 0.58889300 0.38080299
vt 0.57914698 0.38051498
vt 0.57884699 0.38389301
vt 0.87648100 0.07835001
vt 0.87609899 0.07341701
vt 0.88845301 0.07835400
vt 0.88891399 0.07240099
vt 0.56810701 0.39026999
vt 0.56860399 0.38667101
vt 0.55869502 0.38571000
vt 0.55809200 0.38940001
vt 0.56917602 0.38310999
vt 0.56978601 0.37956703
vt 0.56042498 0.37861902
vt 0.55956000 0.38216400
vt 0.90027499 0.08027500
vt 0.90140998 0.07546300
vt 0.91166002 0.08404303
vt 0.91390699 0.07852602
vt 0.96291101 0.39106399
vt 0.95295399 0.39183700
vt 0.96239698 0.38735598
vt 0.95249701 0.38821602
vt 0.94265300 0.38890499
vt 0.94299102 0.39248002
vt 0.96157598 0.38375401
vt 0.95195800 0.38461798
vt 0.96075398 0.38015199
vt 0.95137799 0.38103098
vt 0.94200200 0.38190901
vt 0.94229001 0.38533002
vt 0.92232001 0.08958602
vt 0.92486101 0.08536702
vt 0.93200302 0.09674799
vt 0.93581599 0.09220803
vt 0.93301600 0.39286202
vt 0.93276799 0.38930398
vt 0.92284000 0.38950700
vt 0.92301899 0.39306402
vt 0.93251997 0.38573802
vt 0.93227202 0.38216799
vt 0.92254198 0.38242698
vt 0.92266703 0.38594198
vt 0.94045800 0.10537201
vt 0.94415599 0.10215801
vt 0.94749099 0.11522800
vt 0.95249701 0.11210799
vt 0.91299200 0.39316601
vt 0.91286403 0.38960701
vt 0.90284598 0.38963401
vt 0.90293598 0.39319599
vt 0.91274601 0.38604200
vt 0.91263199 0.38247502
vt 0.90272301 0.38252300
vt 0.90276802 0.38606900
vt 0.95291299 0.12608701
vt 0.95740598 0.12419403
vt 0.95660901 0.13767201
vt 0.96231598 0.13627899
vt 0.89285302 0.39318299
vt 0.89279199 0.38961899
vt 0.88270700 0.38957399
vt 0.88274598 0.39313900
vt 0.89274299 0.38605303
vt 0.89269900 0.38248402
vt 0.88267499 0.38244599
vt 0.88267899 0.38600600
vt 0.95846599 0.14970499
vt 0.96331501 0.14931601
vt 0.95846200 0.16188401
vt 0.96431398 0.16235399
vt 0.87261897 0.39307803
vt 0.87259603 0.38951099
vt 0.86246401 0.38943499
vt 0.86247599 0.39300400
vt 0.87258297 0.38594198
vt 0.87257600 0.38237298
vt 0.86247802 0.38229901
vt 0.86246300 0.38586599
vt 0.95657402 0.17391199
vt 0.96130401 0.17506701
vt 0.95287102 0.18549401
vt 0.95829302 0.18778002
vt 0.85231900 0.39292401
vt 0.85231602 0.38935399
vt 0.84215498 0.38927001
vt 0.84215301 0.39284098
vt 0.85232198 0.38578397
vt 0.85233301 0.38221401
vt 0.84218901 0.38213003
vt 0.84216702 0.38569999
vt 0.94742203 0.19633901
vt 0.95156902 0.19892401
vt 0.94038200 0.20618999
vt 0.94484502 0.21006900
vt 0.83197898 0.39275801
vt 0.83198500 0.38918698
vt 0.82180601 0.38910401
vt 0.82179803 0.39267600
vt 0.83199900 0.38561600
vt 0.83201802 0.38204598
vt 0.82184601 0.38196099
vt 0.82182199 0.38553399
vt 0.93190497 0.21479201
vt 0.93506402 0.21855402
vt 0.92221802 0.22194701
vt 0.92528403 0.22703898
vt 0.81161302 0.39259797
vt 0.81162202 0.38902599
vt 0.80143398 0.38895100
vt 0.80142498 0.39252400
vt 0.81163901 0.38545501
vt 0.81165898 0.38188398
vt 0.80147201 0.38180703
vt 0.80145001 0.38538003
vt 0.91154301 0.22746301
vt 0.91340500 0.23203498
vt 0.90015602 0.23122299
vt 0.90152597 0.23703003
vt 0.79123402 0.39245403
vt 0.79124200 0.38888103
vt 0.78104800 0.38881701
vt 0.78104001 0.39239001
vt 0.79125798 0.38530999
vt 0.79127699 0.38173997
vt 0.78108197 0.38167298
vt 0.78106302 0.38524598
vt 0.88832903 0.23311299
vt 0.88871098 0.23804599
vt 0.87635702 0.23310900
vt 0.87589598 0.23906201
vt 0.77084601 0.39233202
vt 0.77085298 0.38875902
vt 0.76065600 0.38870698
vt 0.76065099 0.39227998
vt 0.77086598 0.38518798
vt 0.77088302 0.38161701
vt 0.76068300 0.38156199
vt 0.76066798 0.38513601
vt 0.86453497 0.23118800
vt 0.86339998 0.23599899
vt 0.85315001 0.22741997
vt 0.85090399 0.23293698
vt 0.75045502 0.39223403
vt 0.75045902 0.38866103
vt 0.74026102 0.38862199
vt 0.74025899 0.39219397
vt 0.75046903 0.38508999
vt 0.75048298 0.38151902
vt 0.74028301 0.38147700
vt 0.74027002 0.38505000
vt 0.84249002 0.22187698
vt 0.83994901 0.22609597
vt 0.73007202 0.38501698
vt 0.73008299 0.38144702
vt 0.73006397 0.38858801
vt 0.73006302 0.39216101
vt 0.46020100 0.30796897
vt 0.47154599 0.30726498
vt 0.44879901 0.30859298
vt 0.48282200 0.30646598
vt 0.49401301 0.30555898
vt 0.50510597 0.30452698
vt 0.51615000 0.30343401
vt 0.06830910 0.30166698
vt 0.07936580 0.30320197
vt 0.05731180 0.30002499
vt 0.09054140 0.30452502
vt 0.10181800 0.30566502
vt 0.11317700 0.30665398
vt 0.12460300 0.30751503
vt 0.13607800 0.30827099
vt 0.14759400 0.30893600
vt 0.15913799 0.30952299
vt 0.17070600 0.31004101
vt 0.18229000 0.31049699
vt 0.19388799 0.31089699
vt 0.20549500 0.31124401
vt 0.21710999 0.31154102
vt 0.22872999 0.31179100
vt 0.24035300 0.31199503
vt 0.25197801 0.31215400
vt 0.26360500 0.31226999
vt 0.27523100 0.31234401
vt 0.28685701 0.31237501
vt 0.29848000 0.31236601
vt 0.31010100 0.31231600
vt 0.32171801 0.31222600
vt 0.33333099 0.31209701
vt 0.34493700 0.31192899
vt 0.35653701 0.31172198
vt 0.36812699 0.31147701
vt 0.37970799 0.31119400
vt 0.39127600 0.31087101
vt 0.40282801 0.31050801
vt 0.41436201 0.31010300
vt 0.42587200 0.30965197
vt 0.43735400 0.30915099
vt 0.91152102 0.55994600
vt 0.90138501 0.55976796
vt 0.92166400 0.56014204
vt 0.93181300 0.56035697
vt 0.94196802 0.56058800
vt 0.95213002 0.56083000
vt 0.96229601 0.56107801
vt 0.56740302 0.55864400
vt 0.55723000 0.55884200
vt 0.57757401 0.55846202
vt 0.58773899 0.55831701
vt 0.59789598 0.55820203
vt 0.60804498 0.55811203
vt 0.61818701 0.55804503
vt 0.62832201 0.55799699
vt 0.63845098 0.55796599
vt 0.64857399 0.55794901
vt 0.65869403 0.55794501
vt 0.66881001 0.55795097
vt 0.67892301 0.55796599
vt 0.68903500 0.55798900
vt 0.69914502 0.55801904
vt 0.70925403 0.55805397
vt 0.71936202 0.55809599
vt 0.72947001 0.55814201
vt 0.73957700 0.55819297
vt 0.74968398 0.55824900
vt 0.75979102 0.55831003
vt 0.76989698 0.55837500
vt 0.78000402 0.55844402
vt 0.79011202 0.55851901
vt 0.80021900 0.55859804
vt 0.81032699 0.55868196
vt 0.82043600 0.55877197
vt 0.83054602 0.55886698
vt 0.84065801 0.55896902
vt 0.85077101 0.55907798
vt 0.86088699 0.55919504
vt 0.87100500 0.55931997
vt 0.88112700 0.55945700
vt 0.89125401 0.55960500
vt 0.39924100 0.40742999
vt 0.26547101 0.46007901
f 4/4 1/1 2/2
f 2/2 3/3 4/4
f 3/3 2/2 5/5
f 5/5 6/6 3/3
f 8/8 3/3 6/6
f 6/6 7/7 8/8
f 9/9 4/4 3/3
f 3/3 8/8 9/9
f 6/6 5/5 10/10
f 10/10 11/11 6/6
f 11/11 10/10 12/12
f 12/12 13/13 11/11
f 15/15 11/11 13/13
f 13/13 14/14 15/15
f 7/7 6/6 11/11
f 11/11 15/15 7/7
f 13/13 12/12 16/16
f 16/16 17/17 13/13
f 17/17 16/16 18/18
f 18/18 19/19 17/17
f 21/21 17/17 19/19
f 19/19 20/20 21/21
f 14/14 13/13 17/17
f 17/17 21/21 14/14
f 19/19 18/18 22/22
f 22/22 23/23 19/19
f 23/23 22/22 24/24
f 24/24 25/25 23/23
f 27/27 23/23 25/25
f 25/25 26/26 27/27
f 20/20 19/19 23/23
f 23/23 27/27 20/20
f 25/25 24/24 28/28
f 28/28 29/29 25/25
f 29/29 28/28 30/30
f 30/30 31/31 29/29
f 33/33 29/29 31/31
f 31/31 32/32 33/33
f 26/26 25/25 29/29
f 29/29 33/33 26/26
f 31/31 30/30 34/34
f 34/34 35/35 31/31
f 35/35 34/34 36/36
f 36/36 37/37 35/35
f 39/39 35/35 37/37
f 37/37 38/38 39/39
f 32/32 31/31 35/35
f 35/35 39/39 32/32
f 37/37 36/36 40/40
f 40/40 41/41 37/37
f 41/41 40/40 42/42
f 42/42 43/43 41/41
f 45/45 41/41 43/43
f 43/43 44/44 45/45
f 38/38 37/37 41/41
f 41/41 45/45 38/38
f 43/43 42/42 46/46
f 46/46 47/47 43/43
f 47/47 46/46 48/48
f 48/48 49/49 47/47
f 51/51 47/47 49/49
f 49/49 50/50 51/51
f 44/44 43/43 47/47
f 47/47 51/51 44/44
f 49/49 48/48 52/52
f 52/52 53/53 49/49
f 53/53 52/52 54/54
f 54/54 55/55 53/53
f 57/57 53/53 55/55
f 55/55 56/56 57/57
f 50/50 49/49 53/53
f 53/53 57/57 50/50
f 55/55 54/54 58/58
f 58/58 59/59 55/55
f 59/59 58/58 60/60
f 60/60 61/61 59/59
f 63/63 59/59 61/61
f 61/61 62/62 63/63
f 56/56 55/55 59/59
f 59/59 63/63 56/56
f 61/61 60/60 64/64
f 64/64 65/65 61/61
f 65/65 64/64 66/66
f 66/66 67/67 65/65
f 69/69 65/65 67/67
f 67/67 68/68 69/69
f 62/62 61/61 65/65
f 65/65 69/69 62/62
f 67/67 66/66 70/70
f 70/70 71/71 67/67
f 71/71 70/70 72/72
f 72/72 73/73 71/71
f 75/75 71/71 73/73
f 73/73 74/74 75/75
f 68/68 67/67 71/71
f 71/71 75/75 68/68
f 73/73 72/72 76/76
f 76/76 77/77 73/73
f 77/77 76/76 78/78
f 78/78 79/79 77/77
f 81/81 77/77 79/79
f 79/79 80/80 81/81
f 74/74 73/73 77/77
f 77/77 81/81 74/74
f 79/79 78/78 82/82
f 82/82 83/83 79/79
f 83/83 82/82 84/84
f 84/84 85/85 83/83
f 87/87 83/83 85/85
f 85/85 86/86 87/87
f 80/80 79/79 83/83
f 83/83 87/87 80/80
f 85/85 84/84 88/88
f 88/88 89/89 85/85
f 89/89 88/88 90/90
f 90/90 91/91 89/89
f 93/93 89/89 91/91
f 91/91 92/92 93/93
f 86/86 85/85 89/89
f 89/89 93/93 86/86
f 91/91 90/90 94/94
f 94/94 95/95 91/91
f 95/95 94/94 96/96
f 96/96 97/97 95/95
f 99/99 95/95 97/97
f 97/97 98/98 99/99
f 92/92 91/91 95/95
f 95/95 99/99 92/92
f 97/97 96/96 100/100
f 100/100 101/101 97/97
f 101/101 100/100 102/102
f 102/102 103/103 101/101
f 105/105 101/101 103/103
f 103/103 104/104 105/105
f 98/98 97/97 101/101
f 101/101 105/105 98/98
f 103/103 102/102 106/106
f 106/106 107/107 103/103
f 107/107 106/106 108/108
f 108/108 109/109 107/107
f 111/111 107/107 109/109
f 109/109 110/110 111/111
f 104/104 103/103 107/107
f 107/107 111/111 104/104
f 109/109 108/108 112/112
f 112/112 113/113 109/109
f 113/113 112/112 114/114
f 114/114 115/115 113/113
f 117/117 113/113 115/115
f 115/115 116/116 117/117
f 110/110 109/109 113/113
f 113/113 117/117 110/110
f 121/121 118/118 119/119
f 119/119 120/120 121/121
f 120/120 119/119 1/1
f 1/1 4/4 120/120
f 122/122 120/120 4/4
f 4/4 9/9 122/122
f 123/123 121/121 120/120
f 120/120 122/122 123/123
f 125/125 9/9 8/8
f 8/8 124/124 125/125
f 124/124 8/8 7/7
f 7/7 126/126 124/124
f 128/128 124/124 126/126
f 126/126 127/127 128/128
f 129/129 125/125 124/124
f 124/124 128/128 129/129
f 126/126 7/7 15/15
f 15/15 130/130 126/126
f 130/130 15/15 14/14
f 14/14 131/131 130/130
f 133/133 130/130 131/131
f 131/131 132/132 133/133
f 127/127 126/126 130/130
f 130/130 133/133 127/127
f 131/131 14/14 21/21
f 21/21 134/134 131/131
f 134/134 21/21 20/20
f 20/20 135/135 134/134
f 137/137 134/134 135/135
f 135/135 136/136 137/137
f 132/132 131/131 134/134
f 134/134 137/137 132/132
f 135/135 20/20 27/27
f 27/27 138/138 135/135
f 138/138 27/27 26/26
f 26/26 139/139 138/138
f 141/141 138/138 139/139
f 139/139 140/140 141/141
f 136/136 135/135 138/138
f 138/138 141/141 136/136
f 139/139 26/26 33/33
f 33/33 142/142 139/139
f 142/142 33/33 32/32
f 32/32 143/143 142/142
f 145/145 142/142 143/143
f 143/143 144/144 145/145
f 140/140 139/139 142/142
f 142/142 145/145 140/140
f 143/143 32/32 39/39
f 39/39 146/146 143/143
f 146/146 39/39 38/38
f 38/38 147/147 146/146
f 149/149 146/146 147/147
f 147/147 148/148 149/149
f 144/144 143/143 146/146
f 146/146 149/149 144/144
f 147/147 38/38 45/45
f 45/45 150/150 147/147
f 150/150 45/45 44/44
f 44/44 151/151 150/150
f 153/153 150/150 151/151
f 151/151 152/152 153/153
f 148/148 147/147 150/150
f 150/150 153/153 148/148
f 151/151 44/44 51/51
f 51/51 154/154 151/151
f 154/154 51/51 50/50
f 50/50 155/155 154/154
f 157/157 154/154 155/155
f 155/155 156/156 157/157
f 152/152 151/151 154/154
f 154/154 157/157 152/152
f 155/155 50/50 57/57
f 57/57 158/158 155/155
f 158/158 57/57 56/56
f 56/56 159/159 158/158
f 161/161 158/158 159/159
f 159/159 160/160 161/161
f 156/156 155/155 158/158
f 158/158 161/161 156/156
f 159/159 56/56 63/63
f 63/63 162/162 159/159
f 162/162 63/63 62/62
f 62/62 163/163 162/162
f 165/165 162/162 163/163
f 163/163 164/164 165/165
f 160/160 159/159 162/162
f 162/162 165/165 160/160
f 163/163 62/62 69/69
f 69/69 166/166 163/163
f 166/166 69/69 68/68
f 68/68 167/167 166/166
f 169/169 166/166 167/167
f 167/167 168/168 169/169
f 164/164 163/163 166/166
f 166/166 169/169 164/164
f 167/167 68/68 75/75
f 75/75 170/170 167/167
f 170/170 75/75 74/74
f 74/74 171/171 170/170
f 173/173 170/170 171/171
f 171/171 172/172 173/173
f 168/168 167/167 170/170
f 170/170 173/173 168/168
f 171/171 74/74 81/81
f 81/81 174/174 171/171
f 174/174 81/81 80/80
f 80/80 175/175 174/174
f 177/177 174/174 175/175
f 175/175 176/176 177/177
f 172/172 171/171 174/174
f 174/174 177/177 172/172
f 175/175 80/80 87/87
f 87/87 178/178 175/175
f 178/178 87/87 86/86
f 86/86 179/179 178/178
f 181/181 178/178 179/179
f 179/179 180/180 181/181
f 176/176 175/175 178/178
f 178/178 181/181 176/176
f 179/179 86/86 93/93
f 93/93 182/182 179/179
f 182/182 93/93 92/92
f 92/92 183/183 182/182
f 185/185 182/182 183/183
f 183/183 184/184 185/185
f 180/180 179/179 182/182
f 182/182 185/185 180/180
f 183/183 92/92 99/99
f 99/99 186/186 183/183
f 186/186 99/99 98/98
f 98/98 187/187 186/186
f 189/189 186/186 187/187
f 187/187 188/188 189/189
f 184/184 183/183 186/186
f 186/186 189/189 184/184
f 187/187 98/98 105/105
f 105/105 190/190 187/187
f 190/190 105/105 104/104
f 104/104 191/191 190/190
f 193/193 190/190 191/191
f 191/191 192/192 193/193
f 188/188 187/187 190/190
f 190/190 193/193 188/188
f 191/191 104/104 111/111
f 111/111 194/194 191/191
f 194/194 111/111 110/110
f 110/110 195/195 194/194
f 197/197 194/194 195/195
f 195/195 196/196 197/197
f 192/192 191/191 194/194
f 194/194 197/197 192/192
f 195/195 110/110 117/117
f 117/117 198/198 195/195
f 198/198 117/117 116/116
f 116/116 199/199 198/198
f 201/201 198/198 199/199
f 199/199 200/200 201/201
f 196/196 195/195 198/198
f 198/198 201/201 196/196
f 203/203 123/123 122/122
f 122/122 202/202 203/203
f 202/202 122/122 9/9
f 9/9 125/125 202/202
f 204/204 202/202 125/125
f 125/125 129/129 204/204
f 205/205 203/203 202/202
f 202/202 204/204 205/205
f 207/207 129/129 128/128
f 128/128 206/206 207/207
f 206/206 128/128 127/127
f 127/127 208/208 206/206
f 210/210 206/206 208/208
f 208/208 209/209 210/210
f 211/211 207/207 206/206
f 206/206 210/210 211/211
f 208/208 127/127 133/133
f 133/133 212/212 208/208
f 212/212 133/133 132/132
f 132/132 213/213 212/212
f 215/215 212/212 213/213
f 213/213 214/214 215/215
f 209/209 208/208 212/212
f 212/212 215/215 209/209
f 213/213 132/132 137/137
f 137/137 216/216 213/213
f 216/216 137/137 136/136
f 136/136 217/217 216/216
f 219/219 216/216 217/217
f 217/217 218/218 219/219
f 214/214 213/213 216/216
f 216/216 219/219 214/214
f 217/217 136/136 141/141
f 141/141 220/220 217/217
f 220/220 141/141 140/140
f 140/140 221/221 220/220
f 223/223 220/220 221/221
f 221/221 222/222 223/223
f 218/218 217/217 220/220
f 220/220 223/223 218/218
f 221/221 140/140 145/145
f 145/145 224/224 221/221
f 224/224 145/145 144/144
f 144/144 225/225 224/224
f 227/227 224/224 225/225
f 225/225 226/226 227/227
f 222/222 221/221 224/224
f 224/224 227/227 222/222
f 225/225 144/144 149/149
f 149/149 228/228 225/225
f 228/228 149/149 148/148
f 148/148 229/229 228/228
f 231/231 228/228 229/229
f 229/229 230/230 231/231
f 226/226 225/225 228/228
f 228/228 231/231 226/226
f 229/229 148/148 153/153
f 153/153 232/232 229/229
f 232/232 153/153 152/152
f 152/152 233/233 232/232
f 235/235 232/232 233/233
f 233/233 234/234 235/235
f 230/230 229/229 232/232
f 232/232 235/235 230/230
f 233/233 152/152 157/157
f 157/157 236/236 233/233
f 236/236 157/157 156/156
f 156/156 237/237 236/236
f 239/239 236/236 237/237
f 237/237 238/238 239/239
f 234/234 233/233 236/236
f 236/236 239/239 234/234
f 237/237 156/156 161/161
f 161/161 240/240 237/237
f 240/240 161/161 160/160
f 160/160 241/241 240/240
f 243/243 240/240 241/241
f 241/241 242/242 243/243
f 238/238 237/237 240/240
f 240/240 243/243 238/238
f 241/241 160/160 165/165
f 165/165 244/244 241/241
f 244/244 165/165 164/164
f 164/164 245/245 244/244
f 247/247 244/244 245/245
f 245/245 246/246 247/247
f 242/242 241/241 244/244
f 244/244 247/247 242/242
f 245/245 164/164 169/169
f 169/169 248/248 245/245
f 248/248 169/169 168/168
f 168/168 249/249 248/248
f 251/251 248/248 249/249
f 249/249 250/250 251/251
f 246/246 245/245 248/248
f 248/248 251/251 246/246
f 249/249 168/168 173/173
f 173/173 252/252 249/249
f 252/252 173/173 172/172
f 172/172 253/253 252/252
f 255/255 252/252 253/253
f 253/253 254/254 255/255
f 250/250 249/249 252/252
f 252/252 255/255 250/250
f 253/253 172/172 177/177
f 177/177 256/256 253/253
f 256/256 177/177 176/176
f 176/176 257/257 256/256
f 259/259 256/256 257/257
f 257/257 258/258 259/259
f 254/254 253/253 256/256
f 256/256 259/259 254/254
f 257/257 176/176 181/181
f 181/181 260/260 257/257
f 260/260 181/181 180/180
f 180/180 261/261 260/260
f 263/263 260/260 261/261
f 261/261 262/262 263/263
f 258/258 257/257 260/260
f 260/260 263/263 258/258
f 261/261 180/180 185/185
f 185/185 264/264 261/261
f 264/264 185/185 184/184
f 184/184 265/265 264/264
f 267/267 264/264 265/265
f 265/265 266/266 267/267
f 262/262 261/261 264/264
f 264/264 267/267 262/262
f 265/265 184/184 189/189
f 189/189 268/268 265/265
f 268/268 189/189 188/188
f 188/188 269/269 268/268
f 271/271 268/268 269/269
f 269/269 270/270 271/271
f 266/266 265/265 268/268
f 268/268 271/271 266/266
f 269/269 188/188 193/193
f 193/193 272/272 269/269
f 272/272 193/193 192/192
f 192/192 273/273 272/272
f 275/275 272/272 273/273
f 273/273 274/274 275/275
f 270/270 269/269 272/272
f 272/272 275/275 270/270
f 273/273 192/192 197/197
f 197/197 276/276 273/273
f 276/276 197/197 196/196
f 196/196 277/277 276/276
f 279/279 276/276 277/277
f 277/277 278/278 279/279
f 274/274 273/273 276/276
f 276/276 279/279 274/274
f 277/277 196/196 201/201
f 201/201 280/280 277/277
f 280/280 201/201 200/200
f 200/200 281/281 280/280
f 283/283 280/280 281/281
f 281/281 282/282 283/283
f 278/278 277/277 280/280
f 280/280 283/283 278/278
f 285/285 205/205 204/204
f 204/204 284/284 285/285
f 284/284 204/204 129/129
f 129/129 207/207 284/284
f 286/286 284/284 207/207
f 207/207 211/211 286/286
f 287/287 285/285 284/284
f 284/284 286/286 287/287
f 289/289 211/211 210/210
f 210/210 288/288 289/289
f 288/288 210/210 209/209
f 209/209 290/290 288/288
f 292/292 288/288 290/290
f 290/290 291/291 292/292
f 293/293 289/289 288/288
f 288/288 292/292 293/293
f 290/290 209/209 215/215
f 215/215 294/294 290/290
f 294/294 215/215 214/214
f 214/214 295/295 294/294
f 297/297 294/294 295/295
f 295/295 296/296 297/297
f 291/291 290/290 294/294
f 294/294 297/297 291/291
f 295/295 214/214 219/219
f 219/219 298/298 295/295
f 298/298 219/219 218/218
f 218/218 299/299 298/298
f 301/301 298/298 299/299
f 299/299 300/300 301/301
f 296/296 295/295 298/298
f 298/298 301/301 296/296
f 299/299 218/218 223/223
f 223/223 302/302 299/299
f 302/302 223/223 222/222
f 222/222 303/303 302/302
f 305/305 302/302 303/303
f 303/303 304/304 305/305
f 300/300 299/299 302/302
f 302/302 305/305 300/300
f 303/303 222/222 227/227
f 227/227 306/306 303/303
f 306/306 227/227 226/226
f 226/226 307/307 306/306
f 309/309 306/306 307/307
f 307/307 308/308 309/309
f 304/304 303/303 306/306
f 306/306 309/309 304/304
f 307/307 226/226 231/231
f 231/231 310/310 307/307
f 310/310 231/231 230/230
f 230/230 311/311 310/310
f 313/313 310/310 311/311
f 311/311 312/312 313/313
f 308/308 307/307 310/310
f 310/310 313/313 308/308
f 311/311 230/230 235/235
f 235/235 314/314 311/311
f 314/314 235/235 234/234
f 234/234 315/315 314/314
f 317/317 314/314 315/315
f 315/315 316/316 317/317
f 312/312 311/311 314/314
f 314/314 317/317 312/312
f 315/315 234/234 239/239
f 239/239 318/318 315/315
f 318/318 239/239 238/238
f 238/238 319/319 318/318
f 321/321 318/318 319/319
f 319/319 320/320 321/321
f 316/316 315/315 318/318
f 318/318 321/321 316/316
f 319/319 238/238 243/243
f 243/243 322/322 319/319
f 322/322 243/243 242/242
f 242/242 323/323 322/322
f 325/325 322/322 323/323
f 323/323 324/324 325/325
f 320/320 319/319 322/322
f 322/322 325/325 320/320
f 323/323 242/242 247/247
f 247/247 326/326 323/323
f 326/326 247/247 246/246
f 246/246 327/327 326/326
f 329/329 326/326 327/327
f 327/327 328/328 329/329
f 324/324 323/323 326/326
f 326/326 329/329 324/324
f 327/327 246/246 251/251
f 251/251 330/330 327/327
f 330/330 251/251 250/250
f 250/250 331/331 330/330
f 333/333 330/330 331/331
f 331/331 332/332 333/333
f 328/328 327/327 330/330
f 330/330 333/333 328/328
f 331/331 250/250 255/255
f 255/255 334/334 331/331
f 334/334 255/255 254/254
f 254/254 335/335 334/334
f 337/337 334/334 335/335
f 335/335 336/336 337/337
f 332/332 331/331 334/334
f 334/334 337/337 332/332
f 335/335 254/254 259/259
f 259/259 338/338 335/335
f 338/338 259/259 258/258
f 258/258 339/339 338/338
f 341/341 338/338 339/339
f 339/339 340/340 341/341
f 336/336 335/335 338/338
f 338/338 341/341 336/336
f 339/339 258/258 263/263
f 263/263 342/342 339/339
f 342/342 263/263 262/262
f 262/262 343/343 342/342
f 345/345 342/342 343/343
f 343/343 344/344 345/345
f 340/340 339/339 342/342
f 342/342 345/345 340/340
f 343/343 262/262 267/267
f 267/267 346/346 343/343
f 346/346 267/267 266/266
f 266/266 347/347 346/346
f 349/349 346/346 347/347
f 347/347 348/348 349/349
f 344/344 343/343 346/346
f 346/346 349/349 344/344
f 347/347 266/266 271/271
f 271/271 350/350 347/347
f 350/350 271/271 270/270
f 270/270 351/351 350/350
f 353/353 350/350 351/351
f 351/351 352/352 353/353
f 348/348 347/347 350/350
f 350/350 353/353 348/348
f 351/351 270/270 275/275
f 275/275 354/354 351/351
f 354/354 275/275 274/274
f 274/274 355/355 354/354
f 357/357 354/354 355/355
f 355/355 356/356 357/357
f 352/352 351/351 354/354
f 354/354 357/357 352/352
f 355/355 274/274 279/279
f 279/279 358/358 355/355
f 358/358 279/279 278/278
f 278/278 359/359 358/358
f 361/361 358/358 359/359
f 359/359 360/360 361/361
f 356/356 355/355 358/358
f 358/358 361/361 356/356
f 359/359 278/278 283/283
f 283/283 362/362 359/359
f 362/362 283/283 282/282
f 282/282 363/363 362/362
f 365/365 362/362 363/363
f 363/363 364/364 365/365
f 360/360 359/359 362/362
f 362/362 365/365 360/360
f 367/367 287/287 286/286
f 286/286 366/366 367/367
f 366/366 286/286 211/211
f 211/211 289/289 366/366
f 368/368 366/366 289/289
f 289/289 293/293 368/368
f 369/369 367/367 366/366
f 366/366 368/368 369/369
f 373/373 370/370 371/371
f 371/371 372/372 373/373
f 372/372 371/371 374/374
f 374/374 375/375 372/372
f 377/377 372/372 375/375
f 375/375 376/376 377/377
f 378/378 373/373 372/372
f 372/372 377/377 378/378
f 375/375 374/374 379/379
f 379/379 380/380 375/375
f 380/380 379/379 381/381
f 381/381 382/382 380/380
f 384/384 380/380 382/382
f 382/382 383/383 384/384
f 376/376 375/375 380/380
f 380/380 384/384 376/376
f 382/382 381/381 385/385
f 385/385 386/386 382/382
f 386/386 385/385 387/387
f 387/387 388/388 386/386
f 390/390 386/386 388/388
f 388/388 389/389 390/390
f 383/383 382/382 386/386
f 386/386 390/390 383/383
f 388/388 387/387 391/391
f 391/391 392/392 388/388
f 392/392 391/391 393/393
f 393/393 394/394 392/392
f 396/396 392/392 394/394
f 394/394 395/395 396/396
f 389/389 388/388 392/392
f 392/392 396/396 389/389
f 394/394 393/393 397/397
f 397/397 398/398 394/394
f 398/398 397/397 399/399
f 399/399 400/400 398/398
f 402/402 398/398 400/400
f 400/400 401/401 402/402
f 395/395 394/394 398/398
f 398/398 402/402 395/395
f 400/400 399/399 403/403
f 403/403 404/404 400/400
f 404/404 403/403 405/405
f 405/405 406/406 404/404
f 408/408 404/404 406/406
f 406/406 407/407 408/408
f 401/401 400/400 404/404
f 404/404 408/408 401/401
f 406/406 405/405 409/409
f 409/409 410/410 406/406
f 410/410 409/409 411/411
f 411/411 412/412 410/410
f 414/414 410/410 412/412
f 412/412 413/413 414/414
f 407/407 406/406 410/410
f 410/410 414/414 407/407
f 412/412 411/411 415/415
f 415/415 416/416 412/412
f 416/416 415/415 417/417
f 417/417 418/418 416/416
f 420/420 416/416 418/418
f 418/418 419/419 420/420
f 413/413 412/412 416/416
f 416/416 420/420 413/413
f 418/418 417/417 421/421
f 421/421 422/422 418/418
f 422/422 421/421 423/423
f 423/423 424/424 422/422
f 426/426 422/422 424/424
f 424/424 425/425 426/426
f 419/419 418/418 422/422
f 422/422 426/426 419/419
f 424/424 423/423 427/427
f 427/427 428/428 424/424
f 428/428 427/427 429/429
f 429/429 430/430 428/428
f 432/432 428/428 430/430
f 430/430 431/431 432/432
f 425/425 424/424 428/428
f 428/428 432/432 425/425
f 430/430 429/429 433/433
f 433/433 434/434 430/430
f 434/434 433/433 435/435
f 435/435 436/436 434/434
f 438/438 434/434 436/436
f 436/436 437/437 438/438
f 431/431 430/430 434/434
f 434/434 438/438 431/431
f 436/436 435/435 439/439
f 439/439 440/440 436/436
f 440/440 439/439 441/441
f 441/441 442/442 440/440
f 444/444 440/440 442/442
f 442/442 443/443 444/444
f 437/437 436/436 440/440
f 440/440 444/444 437/437
f 442/442 441/441 445/445
f 445/445 446/446 442/442
f 446/446 445/445 447/447
f 447/447 448/448 446/446
f 450/450 446/446 448/448
f 448/448 449/449 450/450
f 443/443 442/442 446/446
f 446/446 450/450 443/443
f 448/448 447/447 451/451
f 451/451 452/452 448/448
f 452/452 451/451 453/453
f 453/453 454/454 452/452
f 456/456 452/452 454/454
f 454/454 455/455 456/456
f 449/449 448/448 452/452
f 452/452 456/456 449/449
f 454/454 453/453 457/457
f 457/457 458/458 454/454
f 457/457 459/459 460/460
f 460/460 458/458 457/457
f 460/460 455/455 454/454
f 454/454 458/458 460/460
f 464/464 461/461 462/462
f 462/462 463/463 464/464
f 463/463 462/462 465/465
f 465/465 466/466 463/463
f 468/468 463/463 466/466
f 466/466 467/467 468/468
f 459/459 464/464 463/463
f 463/463 468/468 459/459
f 466/466 465/465 469/469
f 469/469 470/470 466/466
f 470/470 469/469 471/471
f 471/471 472/472 470/470
f 474/474 470/470 472/472
f 472/472 473/473 474/474
f 467/467 466/466 470/470
f 470/470 474/474 467/467
f 472/472 471/471 475/475
f 475/475 476/476 472/472
f 476/476 475/475 477/477
f 477/477 478/478 476/476
f 480/480 476/476 478/478
f 478/478 479/479 480/480
f 473/473 472/472 476/476
f 476/476 480/480 473/473
f 478/478 477/477 481/481
f 481/481 482/482 478/478
f 482/482 481/481 483/483
f 483/483 484/484 482/482
f 486/486 482/482 484/484
f 484/484 485/485 486/486
f 479/479 478/478 482/482
f 482/482 486/486 479/479
f 490/490 487/487 488/488
f 488/488 489/489 490/490
f 489/489 488/488 370/370
f 370/370 373/373 489/489
f 491/491 489/489 373/373
f 373/373 378/378 491/491
f 492/492 490/490 489/489
f 489/489 491/491 492/492
f 496/496 493/493 494/494
f 494/494 495/495 496/496
f 495/495 494/494 497/497
f 497/497 498/498 495/495
f 500/500 495/495 498/498
f 498/498 499/499 500/500
f 501/501 496/496 495/495
f 495/495 500/500 501/501
f 498/498 497/497 502/502
f 502/502 503/503 498/498
f 503/503 502/502 504/504
f 504/504 505/505 503/503
f 507/507 503/503 505/505
f 505/505 506/506 507/507
f 499/499 498/498 503/503
f 503/503 507/507 499/499
f 505/505 504/504 508/508
f 508/508 509/509 505/505
f 509/509 508/508 510/510
f 510/510 511/511 509/509
f 513/513 509/509 511/511
f 511/511 512/512 513/513
f 506/506 505/505 509/509
f 509/509 513/513 506/506
f 511/511 510/510 514/514
f 514/514 515/515 511/511
f 515/515 514/514 516/516
f 516/516 517/517 515/515
f 519/519 515/515 517/517
f 517/517 518/518 519/519
f 512/512 511/511 515/515
f 515/515 519/519 512/512
f 517/517 516/516 520/520
f 520/520 521/521 517/517
f 521/521 520/520 522/522
f 522/522 523/523 521/521
f 525/525 521/521 523/523
f 523/523 524/524 525/525
f 518/518 517/517 521/521
f 521/521 525/525 518/518
f 523/523 522/522 526/526
f 526/526 527/527 523/523
f 527/527 526/526 528/528
f 528/528 529/529 527/527
f 531/531 527/527 529/529
f 529/529 530/530 531/531
f 524/524 523/523 527/527
f 527/527 531/531 524/524
f 529/529 528/528 532/532
f 532/532 533/533 529/529
f 533/533 532/532 534/534
f 534/534 535/535 533/533
f 537/537 533/533 535/535
f 535/535 536/536 537/537
f 530/530 529/529 533/533
f 533/533 537/537 530/530
f 535/535 534/534 538/538
f 538/538 539/539 535/535
f 539/539 538/538 540/540
f 540/540 541/541 539/539
f 543/543 539/539 541/541
f 541/541 542/542 543/543
f 536/536 535/535 539/539
f 539/539 543/543 536/536
f 541/541 540/540 544/544
f 544/544 545/545 541/541
f 545/545 544/544 546/546
f 546/546 547/547 545/545
f 549/549 545/545 547/547
f 547/547 548/548 549/549
f 542/542 541/541 545/545
f 545/545 549/549 542/542
f 547/547 546/546 550/550
f 550/550 551/551 547/547
f 551/551 550/550 552/552
f 552/552 553/553 551/551
f 555/555 551/551 553/553
f 553/553 554/554 555/555
f 548/548 547/547 551/551
f 551/551 555/555 548/548
f 553/553 552/552 556/556
f 556/556 557/557 553/553
f 557/557 556/556 558/558
f 558/558 559/559 557/557
f 561/561 557/557 559/559
f 559/559 560/560 561/561
f 554/554 553/553 557/557
f 557/557 561/561 554/554
f 559/559 558/558 562/562
f 562/562 563/563 559/559
f 563/563 562/562 564/564
f 564/564 565/565 563/563
f 567/567 563/563 565/565
f 565/565 566/566 567/567
f 560/560 559/559 563/563
f 563/563 567/567 560/560
f 565/565 564/564 568/568
f 568/568 569/569 565/565
f 569/569 568/568 570/570
f 570/570 571/571 569/569
f 573/573 569/569 571/571
f 571/571 572/572 573/573
f 566/566 565/565 569/569
f 569/569 573/573 566/566
f 571/571 570/570 574/574
f 574/574 575/575 571/571
f 575/575 574/574 576/576
f 576/576 577/577 575/575
f 579/579 575/575 577/577
f 577/577 578/578 579/579
f 572/572 571/571 575/575
f 575/575 579/579 572/572
f 583/583 580/580 581/581
f 581/581 582/582 583/583
f 582/582 581/581 584/584
f 584/584 585/585 582/582
f 587/587 582/582 585/585
f 585/585 586/586 587/587
f 588/588 583/583 582/582
f 582/582 587/587 588/588
f 585/585 584/584 589/589
f 589/589 590/590 585/585
f 590/590 589/589 591/591
f 591/591 592/592 590/590
f 594/594 590/590 592/592
f 592/592 593/593 594/594
f 586/586 585/585 590/590
f 590/590 594/594 586/586
f 592/592 591/591 595/595
f 595/595 596/596 592/592
f 596/596 595/595 597/597
f 597/597 598/598 596/596
f 600/600 596/596 598/598
f 598/598 599/599 600/600
f 593/593 592/592 596/596
f 596/596 600/600 593/593
f 598/598 597/597 601/601
f 601/601 602/602 598/598
f 602/602 601/601 603/603
f 603/603 604/604 602/602
f 606/606 602/602 604/604
f 604/604 605/605 606/606
f 599/599 598/598 602/602
f 602/602 606/606 599/599
f 604/604 603/603 607/607
f 607/607 608/608 604/604
f 608/608 607/607 609/609
f 609/609 610/610 608/608
f 612/612 608/608 610/610
f 610/610 611/611 612/612
f 605/605 604/604 608/608
f 608/608 612/612 605/605
f 610/610 609/609 613/613
f 613/613 614/614 610/610
f 614/614 613/613 493/493
f 493/493 496/496 614/614
f 615/615 614/614 496/496
f 496/496 501/501 615/615
f 611/611 610/610 614/614
f 614/614 615/615 611/611
f 617/617 501/501 500/500
f 500/500 616/616 617/617
f 616/616 500/500 499/499
f 499/499 618/618 616/616
f 620/620 616/616 618/618
f 618/618 619/619 620/620
f 621/621 617/617 616/616
f 616/616 620/620 621/621
f 618/618 499/499 507/507
f 507/507 622/622 618/618
f 622/622 507/507 506/506
f 506/506 623/623 622/622
f 625/625 622/622 623/623
f 623/623 624/624 625/625
f 619/619 618/618 622/622
f 622/622 625/625 619/619
f 623/623 506/506 513/513
f 513/513 626/626 623/623
f 626/626 513/513 512/512
f 512/512 627/627 626/626
f 629/629 626/626 627/627
f 627/627 628/628 629/629
f 624/624 623/623 626/626
f 626/626 629/629 624/624
f 627/627 512/512 519/519
f 519/519 630/630 627/627
f 630/630 519/519 518/518
f 518/518 631/631 630/630
f 633/633 630/630 631/631
f 631/631 632/632 633/633
f 628/628 627/627 630/630
f 630/630 633/633 628/628
f 631/631 518/518 525/525
f 525/525 634/634 631/631
f 634/634 525/525 524/524
f 524/524 635/635 634/634
f 637/637 634/634 635/635
f 635/635 636/636 637/637
f 632/632 631/631 634/634
f 634/634 637/637 632/632
f 635/635 524/524 531/531
f 531/531 638/638 635/635
f 638/638 531/531 530/530
f 530/530 639/639 638/638
f 641/641 638/638 639/639
f 639/639 640/640 641/641
f 636/636 635/635 638/638
f 638/638 641/641 636/636
f 639/639 530/530 537/537
f 537/537 642/642 639/639
f 642/642 537/537 536/536
f 536/536 643/643 642/642
f 645/645 642/642 643/643
f 643/643 644/644 645/645
f 640/640 639/639 642/642
f 642/642 645/645 640/640
f 643/643 536/536 543/543
f 543/543 646/646 643/643
f 646/646 543/543 542/542
f 542/542 647/647 646/646
f 649/649 646/646 647/647
f 647/647 648/648 649/649
f 644/644 643/643 646/646
f 646/646 649/649 644/644
f 647/647 542/542 549/549
f 549/549 650/650 647/647
f 650/650 549/549 548/548
f 548/548 651/651 650/650
f 653/653 650/650 651/651
f 651/651 652/652 653/653
f 648/648 647/647 650/650
f 650/650 653/653 648/648
f 651/651 548/548 555/555
f 555/555 654/654 651/651
f 654/654 555/555 554/554
f 554/554 655/655 654/654
f 657/657 654/654 655/655
f 655/655 656/656 657/657
f 652/652 651/651 654/654
f 654/654 657/657 652/652
f 655/655 554/554 561/561
f 561/561 658/658 655/655
f 658/658 561/561 560/560
f 560/560 659/659 658/658
f 661/661 658/658 659/659
f 659/659 660/660 661/661
f 656/656 655/655 658/658
f 658/658 661/661 656/656
f 659/659 560/560 567/567
f 567/567 662/662 659/659
f 662/662 567/567 566/566
f 566/566 663/663 662/662
f 665/665 662/662 663/663
f 663/663 664/664 665/665
f 660/660 659/659 662/662
f 662/662 665/665 660/660
f 663/663 566/566 573/573
f 573/573 666/666 663/663
f 666/666 573/573 572/572
f 572/572 667/667 666/666
f 669/669 666/666 667/667
f 667/667 668/668 669/669
f 664/664 663/663 666/666
f 666/666 669/669 664/664
f 667/667 572/572 579/579
f 579/579 670/670 667/667
f 670/670 579/579 578/578
f 578/578 671/671 670/670
f 673/673 670/670 671/671
f 671/671 672/672 673/673
f 668/668 667/667 670/670
f 670/670 673/673 668/668
f 675/675 588/588 587/587
f 587/587 674/674 675/675
f 674/674 587/587 586/586
f 586/586 676/676 674/674
f 678/678 674/674 676/676
f 676/676 677/677 678/678
f 679/679 675/675 674/674
f 674/674 678/678 679/679
f 676/676 586/586 594/594
f 594/594 680/680 676/676
f 680/680 594/594 593/593
f 593/593 681/681 680/680
f 683/683 680/680 681/681
f 681/681 682/682 683/683
f 677/677 676/676 680/680
f 680/680 683/683 677/677
f 681/681 593/593 600/600
f 600/600 684/684 681/681
f 684/684 600/600 599/599
f 599/599 685/685 684/684
f 687/687 684/684 685/685
f 685/685 686/686 687/687
f 682/682 681/681 684/684
f 684/684 687/687 682/682
f 685/685 599/599 606/606
f 606/606 688/688 685/685
f 688/688 606/606 605/605
f 605/605 689/689 688/688
f 691/691 688/688 689/689
f 689/689 690/690 691/691
f 686/686 685/685 688/688
f 688/688 691/691 686/686
f 689/689 605/605 612/612
f 612/612 692/692 689/689
f 692/692 612/612 611/611
f 611/611 693/693 692/692
f 695/695 692/692 693/693
f 693/693 694/694 695/695
f 690/690 689/689 692/692
f 692/692 695/695 690/690
f 693/693 611/611 615/615
f 615/615 696/696 693/693
f 696/696 615/615 501/501
f 501/501 617/617 696/696
f 697/697 696/696 617/617
f 617/617 621/621 697/697
f 694/694 693/693 696/696
f 696/696 697/697 694/694
f 699/699 621/621 620/620
f 620/620 698/698 699/699
f 698/698 620/620 619/619
f 619/619 700/700 698/698
f 702/702 698/698 700/700
f 700/700 701/701 702/702
f 703/703 699/699 698/698
f 698/698 702/702 703/703
f 700/700 619/619 625/625
f 625/625 704/704 700/700
f 704/704 625/625 624/624
f 624/624 705/705 704/704
f 707/707 704/704 705/705
f 705/705 706/706 707/707
f 701/701 700/700 704/704
f 704/704 707/707 701/701
f 705/705 624/624 629/629
f 629/629 708/708 705/705
f 708/708 629/629 628/628
f 628/628 709/709 708/708
f 711/711 708/708 709/709
f 709/709 710/710 711/711
f 706/706 705/705 708/708
f 708/708 711/711 706/706
f 709/709 628/628 633/633
f 633/633 712/712 709/709
f 712/712 633/633 632/632
f 632/632 713/713 712/712
f 715/715 712/712 713/713
f 713/713 714/714 715/715
f 710/710 709/709 712/712
f 712/712 715/715 710/710
f 713/713 632/632 637/637
f 637/637 716/716 713/713
f 716/716 637/637 636/636
f 636/636 717/717 716/716
f 719/719 716/716 717/717
f 717/717 718/718 719/719
f 714/714 713/713 716/716
f 716/716 719/719 714/714
f 717/717 636/636 641/641
f 641/641 720/720 717/717
f 720/720 641/641 640/640
f 640/640 721/721 720/720
f 723/723 720/720 721/721
f 721/721 722/722 723/723
f 718/718 717/717 720/720
f 720/720 723/723 718/718
f 721/721 640/640 645/645
f 645/645 724/724 721/721
f 724/724 645/645 644/644
f 644/644 725/725 724/724
f 727/727 724/724 725/725
f 725/725 726/726 727/727
f 722/722 721/721 724/724
f 724/724 727/727 722/722
f 725/725 644/644 649/649
f 649/649 728/728 725/725
f 728/728 649/649 648/648
f 648/648 729/729 728/728
f 731/731 728/728 729/729
f 729/729 730/730 731/731
f 726/726 725/725 728/728
f 728/728 731/731 726/726
f 729/729 648/648 653/653
f 653/653 732/732 729/729
f 732/732 653/653 652/652
f 652/652 733/733 732/732
f 735/735 732/732 733/733
f 733/733 734/734 735/735
f 730/730 729/729 732/732
f 732/732 735/735 730/730
f 733/733 652/652 657/657
f 657/657 736/736 733/733
f 736/736 657/657 656/656
f 656/656 737/737 736/736
f 739/739 736/736 737/737
f 737/737 738/738 739/739
f 734/734 733/733 736/736
f 736/736 739/739 734/734
f 737/737 656/656 661/661
f 661/661 740/740 737/737
f 740/740 661/661 660/660
f 660/660 741/741 740/740
f 743/743 740/740 741/741
f 741/741 742/742 743/743
f 738/738 737/737 740/740
f 740/740 743/743 738/738
f 741/741 660/660 665/665
f 665/665 744/744 741/741
f 744/744 665/665 664/664
f 664/664 745/745 744/744
f 747/747 744/744 745/745
f 745/745 746/746 747/747
f 742/742 741/741 744/744
f 744/744 747/747 742/742
f 745/745 664/664 669/669
f 669/669 748/748 745/745
f 748/748 669/669 668/668
f 668/668 749/749 748/748
f 751/751 748/748 749/749
f 749/749 750/750 751/751
f 746/746 745/745 748/748
f 748/748 751/751 746/746
f 749/749 668/668 673/673
f 673/673 752/752 749/749
f 752/752 673/673 672/672
f 672/672 753/753 752/752
f 755/755 752/752 753/753
f 753/753 754/754 755/755
f 750/750 749/749 752/752
f 752/752 755/755 750/750
f 757/757 679/679 678/678
f 678/678 756/756 757/757
f 756/756 678/678 677/677
f 677/677 758/758 756/756
f 760/760 756/756 758/758
f 758/758 759/759 760/760
f 761/761 757/757 756/756
f 756/756 760/760 761/761
f 758/758 677/677 683/683
f 683/683 762/762 758/758
f 762/762 683/683 682/682
f 682/682 763/763 762/762
f 765/765 762/762 763/763
f 763/763 764/764 765/765
f 759/759 758/758 762/762
f 762/762 765/765 759/759
f 763/763 682/682 687/687
f 687/687 766/766 763/763
f 766/766 687/687 686/686
f 686/686 767/767 766/766
f 769/769 766/766 767/767
f 767/767 768/768 769/769
f 764/764 763/763 766/766
f 766/766 769/769 764/764
f 767/767 686/686 691/691
f 691/691 770/770 767/767
f 770/770 691/691 690/690
f 690/690 771/771 770/770
f 773/773 770/770 771/771
f 771/771 772/772 773/773
f 768/768 767/767 770/770
f 770/770 773/773 768/768
f 771/771 690/690 695/695
f 695/695 774/774 771/771
f 774/774 695/695 694/694
f 694/694 775/775 774/774
f 777/777 774/774 775/775
f 775/775 776/776 777/777
f 772/772 771/771 774/774
f 774/774 777/777 772/772
f 775/775 694/694 697/697
f 697/697 778/778 775/775
f 778/778 697/697 621/621
f 621/621 699/699 778/778
f 779/779 778/778 699/699
f 699/699 703/703 779/779
f 776/776 775/775 778/778
f 778/778 779/779 776/776
f 781/781 703/703 702/702
f 702/702 780/780 781/781
f 780/780 702/702 701/701
f 701/701 782/782 780/780
f 784/784 780/780 782/782
f 782/782 783/783 784/784
f 785/785 781/781 780/780
f 780/780 784/784 785/785
f 782/782 701/701 707/707
f 707/707 786/786 782/782
f 786/786 707/707 706/706
f 706/706 787/787 786/786
f 789/789 786/786 787/787
f 787/787 788/788 789/789
f 783/783 782/782 786/786
f 786/786 789/789 783/783
f 787/787 706/706 711/711
f 711/711 790/790 787/787
f 790/790 711/711 710/710
f 710/710 791/791 790/790
f 793/793 790/790 791/791
f 791/791 792/792 793/793
f 788/788 787/787 790/790
f 790/790 793/793 788/788
f 791/791 710/710 715/715
f 715/715 794/794 791/791
f 794/794 715/715 714/714
f 714/714 795/795 794/794
f 797/797 794/794 795/795
f 795/795 796/796 797/797
f 792/792 791/791 794/794
f 794/794 797/797 792/792
f 795/795 714/714 719/719
f 719/719 798/798 795/795
f 798/798 719/719 718/718
f 718/718 799/799 798/798
f 801/801 798/798 799/799
f 799/799 800/800 801/801
f 796/796 795/795 798/798
f 798/798 801/801 796/796
f 799/799 718/718 723/723
f 723/723 802/802 799/799
f 802/802 723/723 722/722
f 722/722 803/803 802/802
f 805/805 802/802 803/803
f 803/803 804/804 805/805
f 800/800 799/799 802/802
f 802/802 805/805 800/800
f 803/803 722/722 727/727
f 727/727 806/806 803/803
f 806/806 727/727 726/726
f 726/726 807/807 806/806
f 809/809 806/806 807/807
f 807/807 808/808 809/809
f 804/804 803/803 806/806
f 806/806 809/809 804/804
f 807/807 726/726 731/731
f 731/731 810/810 807/807
f 810/810 731/731 730/730
f 730/730 811/811 810/810
f 813/813 810/810 811/811
f 811/811 812/812 813/813
f 808/808 807/807 810/810
f 810/810 813/813 808/808
f 811/811 730/730 735/735
f 735/735 814/814 811/811
f 814/814 735/735 734/734
f 734/734 815/815 814/814
f 817/817 814/814 815/815
f 815/815 816/816 817/817
f 812/812 811/811 814/814
f 814/814 817/817 812/812
f 815/815 734/734 739/739
f 739/739 818/818 815/815
f 818/818 739/739 738/738
f 738/738 819/819 818/818
f 821/821 818/818 819/819
f 819/819 820/820 821/821
f 816/816 815/815 818/818
f 818/818 821/821 816/816
f 819/819 738/738 743/743
f 743/743 822/822 819/819
f 822/822 743/743 742/742
f 742/742 823/823 822/822
f 825/825 822/822 823/823
f 823/823 824/824 825/825
f 820/820 819/819 822/822
f 822/822 825/825 820/820
f 823/823 742/742 747/747
f 747/747 826/826 823/823
f 826/826 747/747 746/746
f 746/746 827/827 826/826
f 829/829 826/826 827/827
f 827/827 828/828 829/829
f 824/824 823/823 826/826
f 826/826 829/829 824/824
f 827/827 746/746 751/751
f 751/751 830/830 827/827
f 830/830 751/751 750/750
f 750/750 831/831 830/830
f 833/833 830/830 831/831
f 831/831 832/832 833/833
f 828/828 827/827 830/830
f 830/830 833/833 828/828
f 831/831 750/750 755/755
f 755/755 834/834 831/831
f 834/834 755/755 754/754
f 754/754 835/835 834/834
f 837/837 834/834 835/835
f 835/835 836/836 837/837
f 832/832 831/831 834/834
f 834/834 837/837 832/832
f 839/839 761/761 760/760
f 760/760 838/838 839/839
f 838/838 760/760 759/759
f 759/759 840/840 838/838
f 842/842 838/838 840/840
f 840/840 841/841 842/842
f 843/843 839/839 838/838
f 838/838 842/842 843/843
f 840/840 759/759 765/765
f 765/765 844/844 840/840
f 844/844 765/765 764/764
f 764/764 845/845 844/844
f 847/847 844/844 845/845
f 845/845 846/846 847/847
f 841/841 840/840 844/844
f 844/844 847/847 841/841
f 845/845 764/764 769/769
f 769/769 848/848 845/845
f 848/848 769/769 768/768
f 768/768 849/849 848/848
f 851/851 848/848 849/849
f 849/849 850/850 851/851
f 846/846 845/845 848/848
f 848/848 851/851 846/846
f 849/849 768/768 773/773
f 773/773 852/852 849/849
f 852/852 773/773 772/772
f 772/772 853/853 852/852
f 855/855 852/852 853/853
f 853/853 854/854 855/855
f 850/850 849/849 852/852
f 852/852 855/855 850/850
f 853/853 772/772 777/777
f 777/777 856/856 853/853
f 856/856 777/777 776/776
f 776/776 857/857 856/856
f 859/859 856/856 857/857
f 857/857 858/858 859/859
f 854/854 853/853 856/856
f 856/856 859/859 854/854
f 857/857 776/776 779/779
f 779/779 860/860 857/857
f 860/860 779/779 703/703
f 703/703 781/781 860/860
f 861/861 860/860 781/781
f 781/781 785/785 861/861
f 858/858 857/857 860/860
f 860/860 861/861 858/858
f 863/863 785/785 784/784
f 784/784 862/862 863/863
f 862/862 784/784 783/783
f 783/783 864/864 862/862
f 866/866 862/862 864/864
f 864/864 865/865 866/866
f 867/867 863/863 862/862
f 862/862 866/866 867/867
f 864/864 783/783 789/789
f 789/789 868/868 864/864
f 868/868 789/789 788/788
f 788/788 869/869 868/868
f 871/871 868/868 869/869
f 869/869 870/870 871/871
f 865/865 864/864 868/868
f 868/868 871/871 865/865
f 869/869 788/788 793/793
f 793/793 872/872 869/869
f 872/872 793/793 792/792
f 792/792 873/873 872/872
f 875/875 872/872 873/873
f 873/873 874/874 875/875
f 870/870 869/869 872/872
f 872/872 875/875 870/870
f 873/873 792/792 797/797
f 797/797 876/876 873/873
f 876/876 797/797 796/796
f 796/796 877/877 876/876
f 879/879 876/876 877/877
f 877/877 878/878 879/879
f 874/874 873/873 876/876
f 876/876 879/879 874/874
f 877/877 796/796 801/801
f 801/801 880/880 877/877
f 880/880 801/801 800/800
f 800/800 881/881 880/880
f 883/883 880/880 881/881
f 881/881 882/882 883/883
f 878/878 877/877 880/880
f 880/880 883/883 878/878
f 881/881 800/800 805/805
f 805/805 884/884 881/881
f 884/884 805/805 804/804
f 804/804 885/885 884/884
f 887/887 884/884 885/885
f 885/885 886/886 887/887
f 882/882 881/881 884/884
f 884/884 887/887 882/882
f 885/885 804/804 809/809
f 809/809 888/888 885/885
f 888/888 809/809 808/808
f 808/808 889/889 888/888
f 891/891 888/888 889/889
f 889/889 890/890 891/891
f 886/886 885/885 888/888
f 888/888 891/891 886/886
f 889/889 808/808 813/813
f 813/813 892/892 889/889
f 892/892 813/813 812/812
f 812/812 893/893 892/892
f 895/895 892/892 893/893
f 893/893 894/894 895/895
f 890/890 889/889 892/892
f 892/892 895/895 890/890
f 893/893 812/812 817/817
f 817/817 896/896 893/893
f 896/896 817/817 816/816
f 816/816 897/897 896/896
f 899/899 896/896 897/897
f 897/897 898/898 899/899
f 894/894 893/893 896/896
f 896/896 899/899 894/894
f 897/897 816/816 821/821
f 821/821 900/900 897/897
f 900/900 821/821 820/820
f 820/820 901/901 900/900
f 903/903 900/900 901/901
f 901/901 902/902 903/903
f 898/898 897/897 900/900
f 900/900 903/903 898/898
f 901/901 820/820 825/825
f 825/825 904/904 901/901
f 904/904 825/825 824/824
f 824/824 905/905 904/904
f 907/907 904/904 905/905
f 905/905 906/906 907/907
f 902/902 901/901 904/904
f 904/904 907/907 902/902
f 905/905 824/824 829/829
f 829/829 908/908 905/905
f 908/908 829/829 828/828
f 828/828 909/909 908/908
f 911/911 908/908 909/909
f 909/909 910/910 911/911
f 906/906 905/905 908/908
f 908/908 911/911 906/906
f 909/909 828/828 833/833
f 833/833 912/912 909/909
f 912/912 833/833 832/832
f 832/832 913/913 912/912
f 915/915 912/912 913/913
f 913/913 914/914 915/915
f 910/910 909/909 912/912
f 912/912 915/915 910/910
f 913/913 832/832 837/837
f 837/837 916/916 913/913
f 916/916 837/837 836/836
f 836/836 917/917 916/916
f 919/919 916/916 917/917
f 917/917 918/918 919/919
f 914/914 913/913 916/916
f 916/916 919/919 914/914
f 921/921 843/843 842/842
f 842/842 920/920 921/921
f 920/920 842/842 841/841
f 841/841 922/922 920/920
f 924/924 920/920 922/922
f 922/922 923/923 924/924
f 925/925 921/921 920/920
f 920/920 924/924 925/925
f 922/922 841/841 847/847
f 847/847 926/926 922/922
f 926/926 847/847 846/846
f 846/846 927/927 926/926
f 929/929 926/926 927/927
f 927/927 928/928 929/929
f 923/923 922/922 926/926
f 926/926 929/929 923/923
f 927/927 846/846 851/851
f 851/851 930/930 927/927
f 930/930 851/851 850/850
f 850/850 931/931 930/930
f 933/933 930/930 931/931
f 931/931 932/932 933/933
f 928/928 927/927 930/930
f 930/930 933/933 928/928
f 931/931 850/850 855/855
f 855/855 934/934 931/931
f 934/934 855/855 854/854
f 854/854 935/935 934/934
f 937/937 934/934 935/935
f 935/935 936/936 937/937
f 932/932 931/931 934/934
f 934/934 937/937 932/932
f 935/935 854/854 859/859
f 859/859 938/938 935/935
f 938/938 859/859 858/858
f 858/858 939/939 938/938
f 941/941 938/938 939/939
f 939/939 940/940 941/941
f 936/936 935/935 938/938
f 938/938 941/941 936/936
f 939/939 858/858 861/861
f 861/861 942/942 939/939
f 942/942 861/861 785/785
f 785/785 863/863 942/942
f 943/943 942/942 863/863
f 863/863 867/867 943/943
f 940/940 939/939 942/942
f 942/942 943/943 940/940
f 945/945 867/867 866/866
f 866/866 944/944 945/945
f 944/944 866/866 865/865
f 865/865 946/946 944/944
f 948/948 944/944 946/946
f 946/946 947/947 948/948
f 949/949 945/945 944/944
f 944/944 948/948 949/949
f 946/946 865/865 871/871
f 871/871 950/950 946/946
f 950/950 871/871 870/870
f 870/870 951/951 950/950
f 953/953 950/950 951/951
f 951/951 952/952 953/953
f 947/947 946/946 950/950
f 950/950 953/953 947/947
f 951/951 870/870 875/875
f 875/875 954/954 951/951
f 954/954 875/875 874/874
f 874/874 955/955 954/954
f 957/957 954/954 955/955
f 955/955 956/956 957/957
f 952/952 951/951 954/954
f 954/954 957/957 952/952
f 955/955 874/874 879/879
f 879/879 958/958 955/955
f 958/958 879/879 878/878
f 878/878 959/959 958/958
f 961/961 958/958 959/959
f 959/959 960/960 961/961
f 956/956 955/955 958/958
f 958/958 961/961 956/956
f 959/959 878/878 883/883
f 883/883 962/962 959/959
f 962/962 883/883 882/882
f 882/882 963/963 962/962
f 965/965 962/962 963/963
f 963/963 964/964 965/965
f 960/960 959/959 962/962
f 962/962 965/965 960/960
f 963/963 882/882 887/887
f 887/887 966/966 963/963
f 966/966 887/887 886/886
f 886/886 967/967 966/966
f 969/969 966/966 967/967
f 967/967 968/968 969/969
f 964/964 963/963 966/966
f 966/966 969/969 964/964
f 967/967 886/886 891/891
f 891/891 970/970 967/967
f 970/970 891/891 890/890
f 890/890 971/971 970/970
f 973/973 970/970 971/971
f 971/971 972/972 973/973
f 968/968 967/967 970/970
f 970/970 973/973 968/968
f 971/971 890/890 895/895
f 895/895 974/974 971/971
f 974/974 895/895 894/894
f 894/894 975/975 974/974
f 977/977 974/974 975/975
f 975/975 976/976 977/977
f 972/972 971/971 974/974
f 974/974 977/977 972/972
f 975/975 894/894 899/899
f 899/899 978/978 975/975
f 978/978 899/899 898/898
f 898/898 979/979 978/978
f 981/981 978/978 979/979
f 979/979 980/980 981/981
f 976/976 975/975 978/978
f 978/978 981/981 976/976
f 979/979 898/898 903/903
f 903/903 982/982 979/979
f 982/982 903/903 902/902
f 902/902 983/983 982/982
f 985/985 982/982 983/983
f 983/983 984/984 985/985
f 980/980 979/979 982/982
f 982/982 985/985 980/980
f 983/983 902/902 907/907
f 907/907 986/986 983/983
f 986/986 907/907 906/906
f 906/906 987/987 986/986
f 989/989 986/986 987/987
f 987/987 988/988 989/989
f 984/984 983/983 986/986
f 986/986 989/989 984/984
f 987/987 906/906 911/911
f 911/911 990/990 987/987
f 990/990 911/911 910/910
f 910/910 991/991 990/990
f 993/993 990/990 991/991
f 991/991 992/992 993/993
f 988/988 987/987 990/990
f 990/990 993/993 988/988
f 991/991 910/910 915/915
f 915/915 994/994 991/991
f 994/994 915/915 914/914
f 914/914 995/995 994/994
f 997/997 994/994 995/995
f 995/995 996/996 997/997
f 992/992 991/991 994/994
f 994/994 997/997 992/992
f 995/995 914/914 919/919
f 919/919 998/998 995/995
f 998/998 919/919 918/918
f 918/918 999/999 998/998
f 1001/1001 998/998 999/999
f 999/999 1000/1000 1001/1001
f 996/996 995/995 998/998
f 998/998 1001/1001 996/996
f 1003/1003 925/925 924/924
f 924/924 1002/1002 1003/1003
f 1002/1002 924/924 923/923
f 923/923 1004/1004 1002/1002
f 1006/1006 1002/1002 1004/1004
f 1004/1004 1005/1005 1006/1006
f 1007/1007 1003/1003 1002/1002
f 1002/1002 1006/1006 1007/1007
f 1004/1004 923/923 929/929
f 929/929 1008/1008 1004/1004
f 1008/1008 929/929 928/928
f 928/928 1009/1009 1008/1008
f 1011/1011 1008/1008 1009/1009
f 1009/1009 1010/1010 1011/1011
f 1005/1005 1004/1004 1008/1008
f 1008/1008 1011/1011 1005/1005
f 1009/1009 928/928 933/933
f 933/933 1012/1012 1009/1009
f 1012/1012 933/933 932/932
f 932/932 1013/1013 1012/1012
f 1015/1015 1012/1012 1013/1013
f 1013/1013 1014/1014 1015/1015
f 1010/1010 1009/1009 1012/1012
f 1012/1012 1015/1015 1010/1010
f 1013/1013 932/932 937/937
f 937/937 1016/1016 1013/1013
f 1016/1016 937/937 936/936
f 936/936 1017/1017 1016/1016
f 1019/1019 1016/1016 1017/1017
f 1017/1017 1018/1018 1019/1019
f 1014/1014 1013/1013 1016/1016
f 1016/1016 1019/1019 1014/1014
f 1017/1017 936/936 941/941
f 941/941 1020/1020 1017/1017
f 1020/1020 941/941 940/940
f 940/940 1021/1021 1020/1020
f 1023/1023 1020/1020 1021/1021
f 1021/1021 1022/1022 1023/1023
f 1018/1018 1017/1017 1020/1020
f 1020/1020 1023/1023 1018/1018
f 1021/1021 940/940 943/943
f 943/943 1024/1024 1021/1021
f 1024/1024 943/943 867/867
f 867/867 945/945 1024/1024
f 1025/1025 1024/1024 945/945
f 945/945 949/949 1025/1025
f 1022/1022 1021/1021 1024/1024
f 1024/1024 1025/1025 1022/1022
f 1027/1027 949/949 948/948
f 948/948 1026/1026 1027/1027
f 1026/1026 948/948 947/947
f 947/947 1028/1028 1026/1026
f 1030/1030 1026/1026 1028/1028
f 1028/1028 1029/1029 1030/1030
f 1031/1031 1027/1027 1026/1026
f 1026/1026 1030/1030 1031/1031
f 1028/1028 947/947 953/953
f 953/953 1032/1032 1028/1028
f 1032/1032 953/953 952/952
f 952/952 1033/1033 1032/1032
f 1035/1035 1032/1032 1033/1033
f 1033/1033 1034/1034 1035/1035
f 1029/1029 1028/1028 1032/1032
f 1032/1032 1035/1035 1029/1029
f 1033/1033 952/952 957/957
f 957/957 1036/1036 1033/1033
f 1036/1036 957/957 956/956
f 956/956 1037/1037 1036/1036
f 1039/1039 1036/1036 1037/1037
f 1037/1037 1038/1038 1039/1039
f 1034/1034 1033/1033 1036/1036
f 1036/1036 1039/1039 1034/1034
f 1037/1037 956/956 961/961
f 961/961 1040/1040 1037/1037
f 1040/1040 961/961 960/960
f 960/960 1041/1041 1040/1040
f 1043/1043 1040/1040 1041/1041
f 1041/1041 1042/1042 1043/1043
f 1038/1038 1037/1037 1040/1040
f 1040/1040 1043/1043 1038/1038
f 1041/1041 960/960 965/965
f 965/965 1044/1044 1041/1041
f 1044/1044 965/965 964/964
f 964/964 1045/1045 1044/1044
f 1047/1047 1044/1044 1045/1045
f 1045/1045 1046/1046 1047/1047
f 1042/1042 1041/1041 1044/1044
f 1044/1044 1047/1047 1042/1042
f 1045/1045 964/964 969/969
f 969/969 1048/1048 1045/1045
f 1048/1048 969/969 968/968
f 968/968 1049/1049 1048/1048
f 1051/1051 1048/1048 1049/1049
f 1049/1049 1050/1050 1051/1051
f 1046/1046 1045/1045 1048/1048
f 1048/1048 1051/1051 1046/1046
f 1049/1049 968/968 973/973
f 973/973 1052/1052 1049/1049
f 1052/1052 973/973 972/972
f 972/972 1053/1053 1052/1052
f 1055/1055 1052/1052 1053/1053
f 1053/1053 1054/1054 1055/1055
f 1050/1050 1049/1049 1052/1052
f 1052/1052 1055/1055 1050/1050
f 1053/1053 972/972 977/977
f 977/977 1056/1056 1053/1053
f 1056/1056 977/977 976/976
f 976/976 1057/1057 1056/1056
f 1059/1059 1056/1056 1057/1057
f 1057/1057 1058/1058 1059/1059
f 1054/1054 1053/1053 1056/1056
f 1056/1056 1059/1059 1054/1054
f 1057/1057 976/976 981/981
f 981/981 1060/1060 1057/1057
f 1060/1060 981/981 980/980
f 980/980 1061/1061 1060/1060
f 1063/1063 1060/1060 1061/1061
f 1061/1061 1062/1062 1063/1063
f 1058/1058 1057/1057 1060/1060
f 1060/1060 1063/1063 1058/1058
f 1061/1061 980/980 985/985
f 985/985 1064/1064 1061/1061
f 1064/1064 985/985 984/984
f 984/984 1065/1065 1064/1064
f 1067/1067 1064/1064 1065/1065
f 1065/1065 1066/1066 1067/1067
f 1062/1062 1061/1061 1064/1064
f 1064/1064 1067/1067 1062/1062
f 1065/1065 984/984 989/989
f 989/989 1068/1068 1065/1065
f 1068/1068 989/989 988/988
f 988/988 1069/1069 1068/1068
f 1071/1071 1068/1068 1069/1069
f 1069/1069 1070/1070 1071/1071
f 1066/1066 1065/1065 1068/1068
f 1068/1068 1071/1071 1066/1066
f 1069/1069 988/988 993/993
f 993/993 1072/1072 1069/1069
f 1072/1072 993/993 992/992
f 992/992 1073/1073 1072/1072
f 1075/1075 1072/1072 1073/1073
f 1073/1073 1074/1074 1075/1075
f 1070/1070 1069/1069 1072/1072
f 1072/1072 1075/1075 1070/1070
f 1073/1073 992/992 997/997
f 997/997 1076/1076 1073/1073
f 1076/1076 997/997 996/996
f 996/996 1077/1077 1076/1076
f 1079/1079 1076/1076 1077/1077
f 1077/1077 1078/1078 1079/1079
f 1074/1074 1073/1073 1076/1076
f 1076/1076 1079/1079 1074/1074
f 1077/1077 996/996 1001/1001
f 1001/1001 1080/1080 1077/1077
f 1080/1080 1001/1001 1000/1000
f 1000/1000 1081/1081 1080/1080
f 1083/1083 1080/1080 1081/1081
f 1081/1081 1082/1082 1083/1083
f 1078/1078 1077/1077 1080/1080
f 1080/1080 1083/1083 1078/1078
f 1085/1085 1007/1007 1006/1006
f 1006/1006 1084/1084 1085/1085
f 1084/1084 1006/1006 1005/1005
f 1005/1005 1086/1086 1084/1084
f 1088/1088 1084/1084 1086/1086
f 1086/1086 1087/1087 1088/1088
f 1089/1089 1085/1085 1084/1084
f 1084/1084 1088/1088 1089/1089
f 1086/1086 1005/1005 1011/1011
f 1011/1011 1090/1090 1086/1086
f 1090/1090 1011/1011 1010/1010
f 1010/1010 1091/1091 1090/1090
f 1093/1093 1090/1090 1091/1091
f 1091/1091 1092/1092 1093/1093
f 1087/1087 1086/1086 1090/1090
f 1090/1090 1093/1093 1087/1087
f 1091/1091 1010/1010 1015/1015
f 1015/1015 1094/1094 1091/1091
f 1094/1094 1015/1015 1014/1014
f 1014/1014 1095/1095 1094/1094
f 1097/1097 1094/1094 1095/1095
f 1095/1095 1096/1096 1097/1097
f 1092/1092 1091/1091 1094/1094
f 1094/1094 1097/1097 1092/1092
f 1095/1095 1014/1014 1019/1019
f 1019/1019 1098/1098 1095/1095
f 1098/1098 1019/1019 1018/1018
f 1018/1018 1099/1099 1098/1098
f 1101/1101 1098/1098 1099/1099
f 1099/1099 1100/1100 1101/1101
f 1096/1096 1095/1095 1098/1098
f 1098/1098 1101/1101 1096/1096
f 1099/1099 1018/1018 1023/1023
f 1023/1023 1102/1102 1099/1099
f 1102/1102 1023/1023 1022/1022
f 1022/1022 1103/1103 1102/1102
f 1105/1105 1102/1102 1103/1103
f 1103/1103 1104/1104 1105/1105
f 1100/1100 1099/1099 1102/1102
f 1102/1102 1105/1105 1100/1100
f 1103/1103 1022/1022 1025/1025
f 1025/1025 1106/1106 1103/1103
f 1106/1106 1025/1025 949/949
f 949/949 1027/1027 1106/1106
f 1107/1107 1106/1106 1027/1027
f 1027/1027 1031/1031 1107/1107
f 1104/1104 1103/1103 1106/1106
f 1106/1106 1107/1107 1104/1104
f 1109/1109 1031/1031 1030/1030
f 1030/1030 1108/1108 1109/1109
f 1108/1108 1030/1030 1029/1029
f 1029/1029 1110/1110 1108/1108
f 1112/1112 1108/1108 1110/1110
f 1110/1110 1111/1111 1112/1112
f 1113/1113 1109/1109 1108/1108
f 1108/1108 1112/1112 1113/1113
f 1110/1110 1029/1029 1035/1035
f 1035/1035 1114/1114 1110/1110
f 1114/1114 1035/1035 1034/1034
f 1034/1034 1115/1115 1114/1114
f 1117/1117 1114/1114 1115/1115
f 1115/1115 1116/1116 1117/1117
f 1111/1111 1110/1110 1114/1114
f 1114/1114 1117/1117 1111/1111
f 1115/1115 1034/1034 1039/1039
f 1039/1039 1118/1118 1115/1115
f 1118/1118 1039/1039 1038/1038
f 1038/1038 1119/1119 1118/1118
f 1121/1121 1118/1118 1119/1119
f 1119/1119 1120/1120 1121/1121
f 1116/1116 1115/1115 1118/1118
f 1118/1118 1121/1121 1116/1116
f 1119/1119 1038/1038 1043/1043
f 1043/1043 1122/1122 1119/1119
f 1122/1122 1043/1043 1042/1042
f 1042/1042 1123/1123 1122/1122
f 1125/1125 1122/1122 1123/1123
f 1123/1123 1124/1124 1125/1125
f 1120/1120 1119/1119 1122/1122
f 1122/1122 1125/1125 1120/1120
f 1123/1123 1042/1042 1047/1047
f 1047/1047 1126/1126 1123/1123
f 1126/1126 1047/1047 1046/1046
f 1046/1046 1127/1127 1126/1126
f 1129/1129 1126/1126 1127/1127
f 1127/1127 1128/1128 1129/1129
f 1124/1124 1123/1123 1126/1126
f 1126/1126 1129/1129 1124/1124
f 1127/1127 1046/1046 1051/1051
f 1051/1051 1130/1130 1127/1127
f 1130/1130 1051/1051 1050/1050
f 1050/1050 1131/1131 1130/1130
f 1133/1133 1130/1130 1131/1131
f 1131/1131 1132/1132 1133/1133
f 1128/1128 1127/1127 1130/1130
f 1130/1130 1133/1133 1128/1128
f 1131/1131 1050/1050 1055/1055
f 1055/1055 1134/1134 1131/1131
f 1134/1134 1055/1055 1054/1054
f 1054/1054 1135/1135 1134/1134
f 1137/1137 1134/1134 1135/1135
f 1135/1135 1136/1136 1137/1137
f 1132/1132 1131/1131 1134/1134
f 1134/1134 1137/1137 1132/1132
f 1135/1135 1054/1054 1059/1059
f 1059/1059 1138/1138 1135/1135
f 1138/1138 1059/1059 1058/1058
f 1058/1058 1139/1139 1138/1138
f 1141/1141 1138/1138 1139/1139
f 1139/1139 1140/1140 1141/1141
f 1136/1136 1135/1135 1138/1138
f 1138/1138 1141/1141 1136/1136
f 1139/1139 1058/1058 1063/1063
f 1063/1063 1142/1142 1139/1139
f 1142/1142 1063/1063 1062/1062
f 1062/1062 1143/1143 1142/1142
f 1145/1145 1142/1142 1143/1143
f 1143/1143 1144/1144 1145/1145
f 1140/1140 1139/1139 1142/1142
f 1142/1142 1145/1145 1140/1140
f 1143/1143 1062/1062 1067/1067
f 1067/1067 1146/1146 1143/1143
f 1146/1146 1067/1067 1066/1066
f 1066/1066 1147/1147 1146/1146
f 1149/1149 1146/1146 1147/1147
f 1147/1147 1148/1148 1149/1149
f 1144/1144 1143/1143 1146/1146
f 1146/1146 1149/1149 1144/1144
f 1147/1147 1066/1066 1071/1071
f 1071/1071 1150/1150 1147/1147
f 1150/1150 1071/1071 1070/1070
f 1070/1070 1151/1151 1150/1150
f 1153/1153 1150/1150 1151/1151
f 1151/1151 1152/1152 1153/1153
f 1148/1148 1147/1147 1150/1150
f 1150/1150 1153/1153 1148/1148
f 1151/1151 1070/1070 1075/1075
f 1075/1075 1154/1154 1151/1151
f 1154/1154 1075/1075 1074/1074
f 1074/1074 1155/1155 1154/1154
f 1157/1157 1154/1154 1155/1155
f 1155/1155 1156/1156 1157/1157
f 1152/1152 1151/1151 1154/1154
f 1154/1154 1157/1157 1152/1152
f 1155/1155 1074/1074 1079/1079
f 1079/1079 1158/1158 1155/1155
f 1158/1158 1079/1079 1078/1078
f 1078/1078 1159/1159 1158/1158
f 1161/1161 1158/1158 1159/1159
f 1159/1159 1160/1160 1161/1161
f 1156/1156 1155/1155 1158/1158
f 1158/1158 1161/1161 1156/1156
f 1159/1159 1078/1078 1083/1083
f 1083/1083 1162/1162 1159/1159
f 1162/1162 1083/1083 1082/1082
f 1082/1082 1163/1163 1162/1162
f 1165/1165 1162/1162 1163/1163
f 1163/1163 1164/1164 1165/1165
f 1160/1160 1159/1159 1162/1162
f 1162/1162 1165/1165 1160/1160
f 1167/1167 1089/1089 1088/1088
f 1088/1088 1166/1166 1167/1167
f 1166/1166 1088/1088 1087/1087
f 1087/1087 1168/1168 1166/1166
f 1170/1170 1166/1166 1168/1168
f 1168/1168 1169/1169 1170/1170
f 1171/1171 1167/1167 1166/1166
f 1166/1166 1170/1170 1171/1171
f 1168/1168 1087/1087 1093/1093
f 1093/1093 1172/1172 1168/1168
f 1172/1172 1093/1093 1092/1092
f 1092/1092 1173/1173 1172/1172
f 1175/1175 1172/1172 1173/1173
f 1173/1173 1174/1174 1175/1175
f 1169/1169 1168/1168 1172/1172
f 1172/1172 1175/1175 1169/1169
f 1173/1173 1092/1092 1097/1097
f 1097/1097 1176/1176 1173/1173
f 1176/1176 1097/1097 1096/1096
f 1096/1096 1177/1177 1176/1176
f 1179/1179 1176/1176 1177/1177
f 1177/1177 1178/1178 1179/1179
f 1174/1174 1173/1173 1176/1176
f 1176/1176 1179/1179 1174/1174
f 1177/1177 1096/1096 1101/1101
f 1101/1101 1180/1180 1177/1177
f 1180/1180 1101/1101 1100/1100
f 1100/1100 1181/1181 1180/1180
f 1183/1183 1180/1180 1181/1181
f 1181/1181 1182/1182 1183/1183
f 1178/1178 1177/1177 1180/1180
f 1180/1180 1183/1183 1178/1178
f 1181/1181 1100/1100 1105/1105
f 1105/1105 1184/1184 1181/1181
f 1184/1184 1105/1105 1104/1104
f 1104/1104 1185/1185 1184/1184
f 1187/1187 1184/1184 1185/1185
f 1185/1185 1186/1186 1187/1187
f 1182/1182 1181/1181 1184/1184
f 1184/1184 1187/1187 1182/1182
f 1185/1185 1104/1104 1107/1107
f 1107/1107 1188/1188 1185/1185
f 1188/1188 1107/1107 1031/1031
f 1031/1031 1109/1109 1188/1188
f 1189/1189 1188/1188 1109/1109
f 1109/1109 1113/1113 1189/1189
f 1186/1186 1185/1185 1188/1188
f 1188/1188 1189/1189 1186/1186
f 1193/1193 1190/1190 1191/1191
f 1191/1191 1192/1192 1193/1193
f 1192/1192 1191/1191 1194/1194
f 1194/1194 1195/1195 1192/1192
f 1197/1197 1192/1192 1195/1195
f 1195/1195 1196/1196 1197/1197
f 1198/1198 1193/1193 1192/1192
f 1192/1192 1197/1197 1198/1198
f 1195/1195 1194/1194 1199/1199
f 1199/1199 1200/1200 1195/1195
f 1200/1200 1199/1199 1201/1201
f 1201/1201 1202/1202 1200/1200
f 1204/1204 1200/1200 1202/1202
f 1202/1202 1203/1203 1204/1204
f 1196/1196 1195/1195 1200/1200
f 1200/1200 1204/1204 1196/1196
f 1202/1202 1201/1201 1205/1205
f 1205/1205 1206/1206 1202/1202
f 1206/1206 1205/1205 1207/1207
f 1207/1207 1208/1208 1206/1206
f 1210/1210 1206/1206 1208/1208
f 1208/1208 1209/1209 1210/1210
f 1203/1203 1202/1202 1206/1206
f 1206/1206 1210/1210 1203/1203
f 1208/1208 1207/1207 1211/1211
f 1211/1211 1212/1212 1208/1208
f 1212/1212 1211/1211 1213/1213
f 1213/1213 1214/1214 1212/1212
f 1216/1216 1212/1212 1214/1214
f 1214/1214 1215/1215 1216/1216
f 1209/1209 1208/1208 1212/1212
f 1212/1212 1216/1216 1209/1209
f 1214/1214 1213/1213 1217/1217
f 1217/1217 1218/1218 1214/1214
f 1218/1218 1217/1217 1219/1219
f 1219/1219 1220/1220 1218/1218
f 1222/1222 1218/1218 1220/1220
f 1220/1220 1221/1221 1222/1222
f 1215/1215 1214/1214 1218/1218
f 1218/1218 1222/1222 1215/1215
f 1220/1220 1219/1219 1223/1223
f 1223/1223 1224/1224 1220/1220
f 1224/1224 1223/1223 1225/1225
f 1225/1225 1226/1226 1224/1224
f 1228/1228 1224/1224 1226/1226
f 1226/1226 1227/1227 1228/1228
f 1221/1221 1220/1220 1224/1224
f 1224/1224 1228/1228 1221/1221
f 1226/1226 1225/1225 1229/1229
f 1229/1229 1230/1230 1226/1226
f 1230/1230 1229/1229 1231/1231
f 1231/1231 1232/1232 1230/1230
f 1234/1234 1230/1230 1232/1232
f 1232/1232 1233/1233 1234/1234
f 1227/1227 1226/1226 1230/1230
f 1230/1230 1234/1234 1227/1227
f 1232/1232 1231/1231 1235/1235
f 1235/1235 1236/1236 1232/1232
f 1236/1236 1235/1235 1237/1237
f 1237/1237 1238/1238 1236/1236
f 1240/1240 1236/1236 1238/1238
f 1238/1238 1239/1239 1240/1240
f 1233/1233 1232/1232 1236/1236
f 1236/1236 1240/1240 1233/1233
f 1238/1238 1237/1237 1241/1241
f 1241/1241 1242/1242 1238/1238
f 1242/1242 1241/1241 1243/1243
f 1243/1243 1244/1244 1242/1242
f 1246/1246 1242/1242 1244/1244
f 1244/1244 1245/1245 1246/1246
f 1239/1239 1238/1238 1242/1242
f 1242/1242 1246/1246 1239/1239
f 1244/1244 1243/1243 1247/1247
f 1247/1247 1248/1248 1244/1244
f 1248/1248 1247/1247 1249/1249
f 1249/1249 1250/1250 1248/1248
f 1252/1252 1248/1248 1250/1250
f 1250/1250 1251/1251 1252/1252
f 1245/1245 1244/1244 1248/1248
f 1248/1248 1252/1252 1245/1245
f 1250/1250 1249/1249 1253/1253
f 1253/1253 1254/1254 1250/1250
f 1254/1254 1253/1253 1255/1255
f 1255/1255 1256/1256 1254/1254
f 1258/1258 1254/1254 1256/1256
f 1256/1256 1257/1257 1258/1258
f 1251/1251 1250/1250 1254/1254
f 1254/1254 1258/1258 1251/1251
f 1256/1256 1255/1255 1259/1259
f 1259/1259 1260/1260 1256/1256
f 1260/1260 1259/1259 1261/1261
f 1261/1261 1262/1262 1260/1260
f 1264/1264 1260/1260 1262/1262
f 1262/1262 1263/1263 1264/1264
f 1257/1257 1256/1256 1260/1260
f 1260/1260 1264/1264 1257/1257
f 1262/1262 1261/1261 1265/1265
f 1265/1265 1266/1266 1262/1262
f 1266/1266 1265/1265 1267/1267
f 1267/1267 1268/1268 1266/1266
f 1270/1270 1266/1266 1268/1268
f 1268/1268 1269/1269 1270/1270
f 1263/1263 1262/1262 1266/1266
f 1266/1266 1270/1270 1263/1263
f 1268/1268 1267/1267 1271/1271
f 1271/1271 1272/1272 1268/1268
f 1272/1272 1271/1271 1273/1273
f 1273/1273 1274/1274 1272/1272
f 1276/1276 1272/1272 1274/1274
f 1274/1274 1275/1275 1276/1276
f 1269/1269 1268/1268 1272/1272
f 1272/1272 1276/1276 1269/1269
f 1274/1274 1273/1273 1277/1277
f 1277/1277 1278/1278 1274/1274
f 1278/1278 1277/1277 1279/1279
f 1279/1279 1280/1280 1278/1278
f 1282/1282 1278/1278 1280/1280
f 1280/1280 1281/1281 1282/1282
f 1275/1275 1274/1274 1278/1278
f 1278/1278 1282/1282 1275/1275
f 1280/1280 1279/1279 1283/1283
f 1283/1283 1284/1284 1280/1280
f 1284/1284 1283/1283 1285/1285
f 1285/1285 1286/1286 1284/1284
f 1288/1288 1284/1284 1286/1286
f 1286/1286 1287/1287 1288/1288
f 1281/1281 1280/1280 1284/1284
f 1284/1284 1288/1288 1281/1281
f 1286/1286 1285/1285 1289/1289
f 1289/1289 1290/1290 1286/1286
f 1290/1290 1289/1289 1291/1291
f 1291/1291 1292/1292 1290/1290
f 1294/1294 1290/1290 1292/1292
f 1292/1292 1293/1293 1294/1294
f 1287/1287 1286/1286 1290/1290
f 1290/1290 1294/1294 1287/1287
f 1292/1292 1291/1291 1295/1295
f 1295/1295 1296/1296 1292/1292
f 1296/1296 1295/1295 1297/1297
f 1297/1297 1298/1298 1296/1296
f 1300/1300 1296/1296 1298/1298
f 1298/1298 1299/1299 1300/1300
f 1293/1293 1292/1292 1296/1296
f 1296/1296 1300/1300 1293/1293
f 1298/1298 1297/1297 1301/1301
f 1301/1301 1302/1302 1298/1298
f 1302/1302 1301/1301 1303/1303
f 1303/1303 1304/1304 1302/1302
f 1306/1306 1302/1302 1304/1304
f 1304/1304 1305/1305 1306/1306
f 1299/1299 1298/1298 1302/1302
f 1302/1302 1306/1306 1299/1299
f 1310/1310 1307/1307 1308/1308
f 1308/1308 1309/1309 1310/1310
f 1309/1309 1308/1308 1190/1190
f 1190/1190 1193/1193 1309/1309
f 1311/1311 1309/1309 1193/1193
f 1193/1193 1198/1198 1311/1311
f 1312/1312 1310/1310 1309/1309
f 1309/1309 1311/1311 1312/1312
f 1316/1316 1313/1313 1314/1314
f 1314/1314 1315/1315 1316/1316
f 1314/1314 1317/1317 1318/1318
f 1318/1318 1315/1315 1314/1314
f 1318/1318 1319/1319 1316/1316
f 1316/1316 1315/1315 1318/1318
f 1323/1323 1320/1320 1321/1321
f 1321/1321 1322/1322 1323/1323
f 1321/1321 1313/1313 1316/1316
f 1316/1316 1322/1322 1321/1321
f 1316/1316 1319/1319 1323/1323
f 1323/1323 1322/1322 1316/1316
f 1327/1327 1324/1324 1325/1325
f 1325/1325 1326/1326 1327/1327
f 1325/1325 1320/1320 1323/1323
f 1323/1323 1326/1326 1325/1325
f 1323/1323 1319/1319 1327/1327
f 1327/1327 1326/1326 1323/1323
f 1331/1331 1328/1328 1329/1329
f 1329/1329 1330/1330 1331/1331
f 1329/1329 1324/1324 1327/1327
f 1327/1327 1330/1330 1329/1329
f 1327/1327 1319/1319 1331/1331
f 1331/1331 1330/1330 1327/1327
f 1335/1335 1332/1332 1333/1333
f 1333/1333 1334/1334 1335/1335
f 1333/1333 1328/1328 1331/1331
f 1331/1331 1334/1334 1333/1333
f 1331/1331 1319/1319 1335/1335
f 1335/1335 1334/1334 1331/1331
f 1339/1339 1336/1336 1337/1337
f 1337/1337 1338/1338 1339/1339
f 1337/1337 1332/1332 1335/1335
f 1335/1335 1338/1338 1337/1337
f 1335/1335 1319/1319 1339/1339
f 1339/1339 1338/1338 1335/1335
f 1343/1343 1340/1340 1341/1341
f 1341/1341 1342/1342 1343/1343
f 1341/1341 1336/1336 1339/1339
f 1339/1339 1342/1342 1341/1341
f 1339/1339 1319/1319 1343/1343
f 1343/1343 1342/1342 1339/1339
f 1347/1347 1344/1344 1345/1345
f 1345/1345 1346/1346 1347/1347
f 1345/1345 1340/1340 1343/1343
f 1343/1343 1346/1346 1345/1345
f 1343/1343 1319/1319 1347/1347
f 1347/1347 1346/1346 1343/1343
f 1351/1351 1348/1348 1349/1349
f 1349/1349 1350/1350 1351/1351
f 1349/1349 1344/1344 1347/1347
f 1347/1347 1350/1350 1349/1349
f 1347/1347 1319/1319 1351/1351
f 1351/1351 1350/1350 1347/1347
f 1355/1355 1352/1352 1353/1353
f 1353/1353 1354/1354 1355/1355
f 1353/1353 1348/1348 1351/1351
f 1351/1351 1354/1354 1353/1353
f 1351/1351 1319/1319 1355/1355
f 1355/1355 1354/1354 1351/1351
f 1359/1359 1356/1356 1357/1357
f 1357/1357 1358/1358 1359/1359
f 1357/1357 1352/1352 1355/1355
f 1355/1355 1358/1358 1357/1357
f 1355/1355 1319/1319 1359/1359
f 1359/1359 1358/1358 1355/1355
f 1363/1363 1360/1360 1361/1361
f 1361/1361 1362/1362 1363/1363
f 1361/1361 1356/1356 1359/1359
f 1359/1359 1362/1362 1361/1361
f 1359/1359 1319/1319 1363/1363
f 1363/1363 1362/1362 1359/1359
f 1367/1367 1364/1364 1365/1365
f 1365/1365 1366/1366 1367/1367
f 1365/1365 1360/1360 1363/1363
f 1363/1363 1366/1366 1365/1365
f 1363/1363 1319/1319 1367/1367
f 1367/1367 1366/1366 1363/1363
f 1371/1371 1368/1368 1369/1369
f 1369/1369 1370/1370 1371/1371
f 1369/1369 1364/1364 1367/1367
f 1367/1367 1370/1370 1369/1369
f 1367/1367 1319/1319 1371/1371
f 1371/1371 1370/1370 1367/1367
f 1375/1375 1372/1372 1373/1373
f 1373/1373 1374/1374 1375/1375
f 1373/1373 1368/1368 1371/1371
f 1371/1371 1374/1374 1373/1373
f 1371/1371 1319/1319 1375/1375
f 1375/1375 1374/1374 1371/1371
f 1379/1379 1376/1376 1377/1377
f 1377/1377 1378/1378 1379/1379
f 1377/1377 1372/1372 1375/1375
f 1375/1375 1378/1378 1377/1377
f 1375/1375 1319/1319 1379/1379
f 1379/1379 1378/1378 1375/1375
f 1383/1383 1380/1380 1381/1381
f 1381/1381 1382/1382 1383/1383
f 1381/1381 1376/1376 1379/1379
f 1379/1379 1382/1382 1381/1381
f 1379/1379 1319/1319 1383/1383
f 1383/1383 1382/1382 1379/1379
f 1387/1387 1384/1384 1385/1385
f 1385/1385 1386/1386 1387/1387
f 1385/1385 1380/1380 1383/1383
f 1383/1383 1386/1386 1385/1385
f 1383/1383 1319/1319 1387/1387
f 1387/1387 1386/1386 1383/1383
f 1391/1391 1388/1388 1389/1389
f 1389/1389 1390/1390 1391/1391
f 1389/1389 1384/1384 1387/1387
f 1387/1387 1390/1390 1389/1389
f 1387/1387 1319/1319 1391/1391
f 1391/1391 1390/1390 1387/1387
f 1318/1318 1317/1317 1392/1392
f 1392/1392 1393/1393 1318/1318
f 1392/1392 1388/1388 1391/1391
f 1391/1391 1393/1393 1392/1392
f 1391/1391 1319/1319 1318/1318
f 1318/1318 1393/1393 1391/1391
f 1397/1397 1394/1394 1395/1395
f 1395/1395 1396/1396 1397/1397
f 1396/1396 1395/1395 1317/1317
f 1317/1317 1314/1314 1396/1396
f 1398/1398 1396/1396 1314/1314
f 1314/1314 1313/1313 1398/1398
f 1399/1399 1397/1397 1396/1396
f 1396/1396 1398/1398 1399/1399
f 1403/1403 1400/1400 1401/1401
f 1401/1401 1402/1402 1403/1403
f 1402/1402 1401/1401 1404/1404
f 1404/1404 1405/1405 1402/1402
f 1407/1407 1402/1402 1405/1405
f 1405/1405 1406/1406 1407/1407
f 1408/1408 1403/1403 1402/1402
f 1402/1402 1407/1407 1408/1408
f 1191/1191 1190/1190 1409/1409
f 1409/1409 1410/1410 1191/1191
f 1410/1410 1409/1409 1411/1411
f 1411/1411 1412/1412 1410/1410
f 1414/1414 1410/1410 1412/1412
f 1412/1412 1413/1413 1414/1414
f 1194/1194 1191/1191 1410/1410
f 1410/1410 1414/1414 1194/1194
f 1412/1412 1411/1411 1415/1415
f 1415/1415 1416/1416 1412/1412
f 1416/1416 1415/1415 1417/1417
f 1417/1417 1418/1418 1416/1416
f 1420/1420 1416/1416 1418/1418
f 1418/1418 1419/1419 1420/1420
f 1413/1413 1412/1412 1416/1416
f 1416/1416 1420/1420 1413/1413
f 1422/1422 1399/1399 1398/1398
f 1398/1398 1421/1421 1422/1422
f 1421/1421 1398/1398 1313/1313
f 1313/1313 1321/1321 1421/1421
f 1423/1423 1421/1421 1321/1321
f 1321/1321 1320/1320 1423/1423
f 1424/1424 1422/1422 1421/1421
f 1421/1421 1423/1423 1424/1424
f 1426/1426 1408/1408 1407/1407
f 1407/1407 1425/1425 1426/1426
f 1425/1425 1407/1407 1406/1406
f 1406/1406 1427/1427 1425/1425
f 1429/1429 1425/1425 1427/1427
f 1427/1427 1428/1428 1429/1429
f 1430/1430 1426/1426 1425/1425
f 1425/1425 1429/1429 1430/1430
f 1199/1199 1194/1194 1414/1414
f 1414/1414 1431/1431 1199/1199
f 1431/1431 1414/1414 1413/1413
f 1413/1413 1432/1432 1431/1431
f 1434/1434 1431/1431 1432/1432
f 1432/1432 1433/1433 1434/1434
f 1201/1201 1199/1199 1431/1431
f 1431/1431 1434/1434 1201/1201
f 1432/1432 1413/1413 1420/1420
f 1420/1420 1435/1435 1432/1432
f 1435/1435 1420/1420 1419/1419
f 1419/1419 1436/1436 1435/1435
f 1438/1438 1435/1435 1436/1436
f 1436/1436 1437/1437 1438/1438
f 1433/1433 1432/1432 1435/1435
f 1435/1435 1438/1438 1433/1433
f 1440/1440 1424/1424 1423/1423
f 1423/1423 1439/1439 1440/1440
f 1439/1439 1423/1423 1320/1320
f 1320/1320 1325/1325 1439/1439
f 1441/1441 1439/1439 1325/1325
f 1325/1325 1324/1324 1441/1441
f 1442/1442 1440/1440 1439/1439
f 1439/1439 1441/1441 1442/1442
f 1444/1444 1430/1430 1429/1429
f 1429/1429 1443/1443 1444/1444
f 1443/1443 1429/1429 1428/1428
f 1428/1428 1445/1445 1443/1443
f 1447/1447 1443/1443 1445/1445
f 1445/1445 1446/1446 1447/1447
f 1448/1448 1444/1444 1443/1443
f 1443/1443 1447/1447 1448/1448
f 1205/1205 1201/1201 1434/1434
f 1434/1434 1449/1449 1205/1205
f 1449/1449 1434/1434 1433/1433
f 1433/1433 1450/1450 1449/1449
f 1452/1452 1449/1449 1450/1450
f 1450/1450 1451/1451 1452/1452
f 1207/1207 1205/1205 1449/1449
f 1449/1449 1452/1452 1207/1207
f 1450/1450 1433/1433 1438/1438
f 1438/1438 1453/1453 1450/1450
f 1453/1453 1438/1438 1437/1437
f 1437/1437 1454/1454 1453/1453
f 1456/1456 1453/1453 1454/1454
f 1454/1454 1455/1455 1456/1456
f 1451/1451 1450/1450 1453/1453
f 1453/1453 1456/1456 1451/1451
f 1458/1458 1442/1442 1441/1441
f 1441/1441 1457/1457 1458/1458
f 1457/1457 1441/1441 1324/1324
f 1324/1324 1329/1329 1457/1457
f 1459/1459 1457/1457 1329/1329
f 1329/1329 1328/1328 1459/1459
f 1460/1460 1458/1458 1457/1457
f 1457/1457 1459/1459 1460/1460
f 1462/1462 1448/1448 1447/1447
f 1447/1447 1461/1461 1462/1462
f 1461/1461 1447/1447 1446/1446
f 1446/1446 1463/1463 1461/1461
f 1465/1465 1461/1461 1463/1463
f 1463/1463 1464/1464 1465/1465
f 1466/1466 1462/1462 1461/1461
f 1461/1461 1465/1465 1466/1466
f 1211/1211 1207/1207 1452/1452
f 1452/1452 1467/1467 1211/1211
f 1467/1467 1452/1452 1451/1451
f 1451/1451 1468/1468 1467/1467
f 1470/1470 1467/1467 1468/1468
f 1468/1468 1469/1469 1470/1470
f 1213/1213 1211/1211 1467/1467
f 1467/1467 1470/1470 1213/1213
f 1468/1468 1451/1451 1456/1456
f 1456/1456 1471/1471 1468/1468
f 1471/1471 1456/1456 1455/1455
f 1455/1455 1472/1472 1471/1471
f 1474/1474 1471/1471 1472/1472
f 1472/1472 1473/1473 1474/1474
f 1469/1469 1468/1468 1471/1471
f 1471/1471 1474/1474 1469/1469
f 1476/1476 1460/1460 1459/1459
f 1459/1459 1475/1475 1476/1476
f 1475/1475 1459/1459 1328/1328
f 1328/1328 1333/1333 1475/1475
f 1477/1477 1475/1475 1333/1333
f 1333/1333 1332/1332 1477/1477
f 1478/1478 1476/1476 1475/1475
f 1475/1475 1477/1477 1478/1478
f 1480/1480 1466/1466 1465/1465
f 1465/1465 1479/1479 1480/1480
f 1479/1479 1465/1465 1464/1464
f 1464/1464 1481/1481 1479/1479
f 1483/1483 1479/1479 1481/1481
f 1481/1481 1482/1482 1483/1483
f 1484/1484 1480/1480 1479/1479
f 1479/1479 1483/1483 1484/1484
f 1217/1217 1213/1213 1470/1470
f 1470/1470 1485/1485 1217/1217
f 1485/1485 1470/1470 1469/1469
f 1469/1469 1486/1486 1485/1485
f 1488/1488 1485/1485 1486/1486
f 1486/1486 1487/1487 1488/1488
f 1219/1219 1217/1217 1485/1485
f 1485/1485 1488/1488 1219/1219
f 1486/1486 1469/1469 1474/1474
f 1474/1474 1489/1489 1486/1486
f 1489/1489 1474/1474 1473/1473
f 1473/1473 1490/1490 1489/1489
f 1492/1492 1489/1489 1490/1490
f 1490/1490 1491/1491 1492/1492
f 1487/1487 1486/1486 1489/1489
f 1489/1489 1492/1492 1487/1487
f 1494/1494 1478/1478 1477/1477
f 1477/1477 1493/1493 1494/1494
f 1493/1493 1477/1477 1332/1332
f 1332/1332 1337/1337 1493/1493
f 1495/1495 1493/1493 1337/1337
f 1337/1337 1336/1336 1495/1495
f 1496/1496 1494/1494 1493/1493
f 1493/1493 1495/1495 1496/1496
f 1498/1498 1484/1484 1483/1483
f 1483/1483 1497/1497 1498/1498
f 1497/1497 1483/1483 1482/1482
f 1482/1482 1499/1499 1497/1497
f 1501/1501 1497/1497 1499/1499
f 1499/1499 1500/1500 1501/1501
f 1502/1502 1498/1498 1497/1497
f 1497/1497 1501/1501 1502/1502
f 1223/1223 1219/1219 1488/1488
f 1488/1488 1503/1503 1223/1223
f 1503/1503 1488/1488 1487/1487
f 1487/1487 1504/1504 1503/1503
f 1506/1506 1503/1503 1504/1504
f 1504/1504 1505/1505 1506/1506
f 1225/1225 1223/1223 1503/1503
f 1503/1503 1506/1506 1225/1225
f 1504/1504 1487/1487 1492/1492
f 1492/1492 1507/1507 1504/1504
f 1507/1507 1492/1492 1491/1491
f 1491/1491 1508/1508 1507/1507
f 1510/1510 1507/1507 1508/1508
f 1508/1508 1509/1509 1510/1510
f 1505/1505 1504/1504 1507/1507
f 1507/1507 1510/1510 1505/1505
f 1512/1512 1496/1496 1495/1495
f 1495/1495 1511/1511 1512/1512
f 1511/1511 1495/1495 1336/1336
f 1336/1336 1341/1341 1511/1511
f 1513/1513 1511/1511 1341/1341
f 1341/1341 1340/1340 1513/1513
f 1514/1514 1512/1512 1511/1511
f 1511/1511 1513/1513 1514/1514
f 1516/1516 1502/1502 1501/1501
f 1501/1501 1515/1515 1516/1516
f 1515/1515 1501/1501 1500/1500
f 1500/1500 1517/1517 1515/1515
f 1519/1519 1515/1515 1517/1517
f 1517/1517 1518/1518 1519/1519
f 1520/1520 1516/1516 1515/1515
f 1515/1515 1519/1519 1520/1520
f 1229/1229 1225/1225 1506/1506
f 1506/1506 1521/1521 1229/1229
f 1521/1521 1506/1506 1505/1505
f 1505/1505 1522/1522 1521/1521
f 1524/1524 1521/1521 1522/1522
f 1522/1522 1523/1523 1524/1524
f 1231/1231 1229/1229 1521/1521
f 1521/1521 1524/1524 1231/1231
f 1522/1522 1505/1505 1510/1510
f 1510/1510 1525/1525 1522/1522
f 1525/1525 1510/1510 1509/1509
f 1509/1509 1526/1526 1525/1525
f 1528/1528 1525/1525 1526/1526
f 1526/1526 1527/1527 1528/1528
f 1523/1523 1522/1522 1525/1525
f 1525/1525 1528/1528 1523/1523
f 1530/1530 1514/1514 1513/1513
f 1513/1513 1529/1529 1530/1530
f 1529/1529 1513/1513 1340/1340
f 1340/1340 1345/1345 1529/1529
f 1531/1531 1529/1529 1345/1345
f 1345/1345 1344/1344 1531/1531
f 1532/1532 1530/1530 1529/1529
f 1529/1529 1531/1531 1532/1532
f 1534/1534 1520/1520 1519/1519
f 1519/1519 1533/1533 1534/1534
f 1533/1533 1519/1519 1518/1518
f 1518/1518 1535/1535 1533/1533
f 1537/1537 1533/1533 1535/1535
f 1535/1535 1536/1536 1537/1537
f 1538/1538 1534/1534 1533/1533
f 1533/1533 1537/1537 1538/1538
f 1235/1235 1231/1231 1524/1524
f 1524/1524 1539/1539 1235/1235
f 1539/1539 1524/1524 1523/1523
f 1523/1523 1540/1540 1539/1539
f 1542/1542 1539/1539 1540/1540
f 1540/1540 1541/1541 1542/1542
f 1237/1237 1235/1235 1539/1539
f 1539/1539 1542/1542 1237/1237
f 1540/1540 1523/1523 1528/1528
f 1528/1528 1543/1543 1540/1540
f 1543/1543 1528/1528 1527/1527
f 1527/1527 1544/1544 1543/1543
f 1546/1546 1543/1543 1544/1544
f 1544/1544 1545/1545 1546/1546
f 1541/1541 1540/1540 1543/1543
f 1543/1543 1546/1546 1541/1541
f 1548/1548 1532/1532 1531/1531
f 1531/1531 1547/1547 1548/1548
f 1547/1547 1531/1531 1344/1344
f 1344/1344 1349/1349 1547/1547
f 1549/1549 1547/1547 1349/1349
f 1349/1349 1348/1348 1549/1549
f 1550/1550 1548/1548 1547/1547
f 1547/1547 1549/1549 1550/1550
f 1552/1552 1538/1538 1537/1537
f 1537/1537 1551/1551 1552/1552
f 1551/1551 1537/1537 1536/1536
f 1536/1536 1553/1553 1551/1551
f 1555/1555 1551/1551 1553/1553
f 1553/1553 1554/1554 1555/1555
f 1556/1556 1552/1552 1551/1551
f 1551/1551 1555/1555 1556/1556
f 1241/1241 1237/1237 1542/1542
f 1542/1542 1557/1557 1241/1241
f 1557/1557 1542/1542 1541/1541
f 1541/1541 1558/1558 1557/1557
f 1560/1560 1557/1557 1558/1558
f 1558/1558 1559/1559 1560/1560
f 1243/1243 1241/1241 1557/1557
f 1557/1557 1560/1560 1243/1243
f 1558/1558 1541/1541 1546/1546
f 1546/1546 1561/1561 1558/1558
f 1561/1561 1546/1546 1545/1545
f 1545/1545 1562/1562 1561/1561
f 1564/1564 1561/1561 1562/1562
f 1562/1562 1563/1563 1564/1564
f 1559/1559 1558/1558 1561/1561
f 1561/1561 1564/1564 1559/1559
f 1566/1566 1550/1550 1549/1549
f 1549/1549 1565/1565 1566/1566
f 1565/1565 1549/1549 1348/1348
f 1348/1348 1353/1353 1565/1565
f 1567/1567 1565/1565 1353/1353
f 1353/1353 1352/1352 1567/1567
f 1568/1568 1566/1566 1565/1565
f 1565/1565 1567/1567 1568/1568
f 1570/1570 1556/1556 1555/1555
f 1555/1555 1569/1569 1570/1570
f 1569/1569 1555/1555 1554/1554
f 1554/1554 1571/1571 1569/1569
f 1573/1573 1569/1569 1571/1571
f 1571/1571 1572/1572 1573/1573
f 1574/1574 1570/1570 1569/1569
f 1569/1569 1573/1573 1574/1574
f 1247/1247 1243/1243 1560/1560
f 1560/1560 1575/1575 1247/1247
f 1575/1575 1560/1560 1559/1559
f 1559/1559 1576/1576 1575/1575
f 1578/1578 1575/1575 1576/1576
f 1576/1576 1577/1577 1578/1578
f 1249/1249 1247/1247 1575/1575
f 1575/1575 1578/1578 1249/1249
f 1576/1576 1559/1559 1564/1564
f 1564/1564 1579/1579 1576/1576
f 1579/1579 1564/1564 1563/1563
f 1563/1563 1580/1580 1579/1579
f 1582/1582 1579/1579 1580/1580
f 1580/1580 1581/1581 1582/1582
f 1577/1577 1576/1576 1579/1579
f 1579/1579 1582/1582 1577/1577
f 1584/1584 1568/1568 1567/1567
f 1567/1567 1583/1583 1584/1584
f 1583/1583 1567/1567 1352/1352
f 1352/1352 1357/1357 1583/1583
f 1585/1585 1583/1583 1357/1357
f 1357/1357 1356/1356 1585/1585
f 1586/1586 1584/1584 1583/1583
f 1583/1583 1585/1585 1586/1586
f 1588/1588 1574/1574 1573/1573
f 1573/1573 1587/1587 1588/1588
f 1587/1587 1573/1573 1572/1572
f 1572/1572 1589/1589 1587/1587
f 1591/1591 1587/1587 1589/1589
f 1589/1589 1590/1590 1591/1591
f 1592/1592 1588/1588 1587/1587
f 1587/1587 1591/1591 1592/1592
f 1253/1253 1249/1249 1578/1578
f 1578/1578 1593/1593 1253/1253
f 1593/1593 1578/1578 1577/1577
f 1577/1577 1594/1594 1593/1593
f 1596/1596 1593/1593 1594/1594
f 1594/1594 1595/1595 1596/1596
f 1255/1255 1253/1253 1593/1593
f 1593/1593 1596/1596 1255/1255
f 1594/1594 1577/1577 1582/1582
f 1582/1582 1597/1597 1594/1594
f 1597/1597 1582/1582 1581/1581
f 1581/1581 1598/1598 1597/1597
f 1600/1600 1597/1597 1598/1598
f 1598/1598 1599/1599 1600/1600
f 1595/1595 1594/1594 1597/1597
f 1597/1597 1600/1600 1595/1595
f 1602/1602 1586/1586 1585/1585
f 1585/1585 1601/1601 1602/1602
f 1601/1601 1585/1585 1356/1356
f 1356/1356 1361/1361 1601/1601
f 1603/1603 1601/1601 1361/1361
f 1361/1361 1360/1360 1603/1603
f 1604/1604 1602/1602 1601/1601
f 1601/1601 1603/1603 1604/1604
f 1606/1606 1592/1592 1591/1591
f 1591/1591 1605/1605 1606/1606
f 1605/1605 1591/1591 1590/1590
f 1590/1590 1607/1607 1605/1605
f 1609/1609 1605/1605 1607/1607
f 1607/1607 1608/1608 1609/1609
f 1610/1610 1606/1606 1605/1605
f 1605/1605 1609/1609 1610/1610
f 1259/1259 1255/1255 1596/1596
f 1596/1596 1611/1611 1259/1259
f 1611/1611 1596/1596 1595/1595
f 1595/1595 1612/1612 1611/1611
f 1614/1614 1611/1611 1612/1612
f 1612/1612 1613/1613 1614/1614
f 1261/1261 1259/1259 1611/1611
f 1611/1611 1614/1614 1261/1261
f 1612/1612 1595/1595 1600/1600
f 1600/1600 1615/1615 1612/1612
f 1615/1615 1600/1600 1599/1599
f 1599/1599 1616/1616 1615/1615
f 1618/1618 1615/1615 1616/1616
f 1616/1616 1617/1617 1618/1618
f 1613/1613 1612/1612 1615/1615
f 1615/1615 1618/1618 1613/1613
f 1620/1620 1604/1604 1603/1603
f 1603/1603 1619/1619 1620/1620
f 1619/1619 1603/1603 1360/1360
f 1360/1360 1365/1365 1619/1619
f 1621/1621 1619/1619 1365/1365
f 1365/1365 1364/1364 1621/1621
f 1622/1622 1620/1620 1619/1619
f 1619/1619 1621/1621 1622/1622
f 1624/1624 1610/1610 1609/1609
f 1609/1609 1623/1623 1624/1624
f 1623/1623 1609/1609 1608/1608
f 1608/1608 1625/1625 1623/1623
f 1627/1627 1623/1623 1625/1625
f 1625/1625 1626/1626 1627/1627
f 1628/1628 1624/1624 1623/1623
f 1623/1623 1627/1627 1628/1628
f 1265/1265 1261/1261 1614/1614
f 1614/1614 1629/1629 1265/1265
f 1629/1629 1614/1614 1613/1613
f 1613/1613 1630/1630 1629/1629
f 1632/1632 1629/1629 1630/1630
f 1630/1630 1631/1631 1632/1632
f 1267/1267 1265/1265 1629/1629
f 1629/1629 1632/1632 1267/1267
f 1630/1630 1613/1613 1618/1618
f 1618/1618 1633/1633 1630/1630
f 1633/1633 1618/1618 1617/1617
f 1617/1617 1634/1634 1633/1633
f 1636/1636 1633/1633 1634/1634
f 1634/1634 1635/1635 1636/1636
f 1631/1631 1630/1630 1633/1633
f 1633/1633 1636/1636 1631/1631
f 1638/1638 1622/1622 1621/1621
f 1621/1621 1637/1637 1638/1638
f 1637/1637 1621/1621 1364/1364
f 1364/1364 1369/1369 1637/1637
f 1639/1639 1637/1637 1369/1369
f 1369/1369 1368/1368 1639/1639
f 1640/1640 1638/1638 1637/1637
f 1637/1637 1639/1639 1640/1640
f 1642/1642 1628/1628 1627/1627
f 1627/1627 1641/1641 1642/1642
f 1641/1641 1627/1627 1626/1626
f 1626/1626 1643/1643 1641/1641
f 1645/1645 1641/1641 1643/1643
f 1643/1643 1644/1644 1645/1645
f 1646/1646 1642/1642 1641/1641
f 1641/1641 1645/1645 1646/1646
f 1271/1271 1267/1267 1632/1632
f 1632/1632 1647/1647 1271/1271
f 1647/1647 1632/1632 1631/1631
f 1631/1631 1648/1648 1647/1647
f 1650/1650 1647/1647 1648/1648
f 1648/1648 1649/1649 1650/1650
f 1273/1273 1271/1271 1647/1647
f 1647/1647 1650/1650 1273/1273
f 1648/1648 1631/1631 1636/1636
f 1636/1636 1651/1651 1648/1648
f 1651/1651 1636/1636 1635/1635
f 1635/1635 1652/1652 1651/1651
f 1654/1654 1651/1651 1652/1652
f 1652/1652 1653/1653 1654/1654
f 1649/1649 1648/1648 1651/1651
f 1651/1651 1654/1654 1649/1649
f 1656/1656 1640/1640 1639/1639
f 1639/1639 1655/1655 1656/1656
f 1655/1655 1639/1639 1368/1368
f 1368/1368 1373/1373 1655/1655
f 1657/1657 1655/1655 1373/1373
f 1373/1373 1372/1372 1657/1657
f 1658/1658 1656/1656 1655/1655
f 1655/1655 1657/1657 1658/1658
f 1660/1660 1646/1646 1645/1645
f 1645/1645 1659/1659 1660/1660
f 1659/1659 1645/1645 1644/1644
f 1644/1644 1661/1661 1659/1659
f 1663/1663 1659/1659 1661/1661
f 1661/1661 1662/1662 1663/1663
f 1664/1664 1660/1660 1659/1659
f 1659/1659 1663/1663 1664/1664
f 1277/1277 1273/1273 1650/1650
f 1650/1650 1665/1665 1277/1277
f 1665/1665 1650/1650 1649/1649
f 1649/1649 1666/1666 1665/1665
f 1668/1668 1665/1665 1666/1666
f 1666/1666 1667/1667 1668/1668
f 1279/1279 1277/1277 1665/1665
f 1665/1665 1668/1668 1279/1279
f 1666/1666 1649/1649 1654/1654
f 1654/1654 1669/1669 1666/1666
f 1669/1669 1654/1654 1653/1653
f 1653/1653 1670/1670 1669/1669
f 1672/1672 1669/1669 1670/1670
f 1670/1670 1671/1671 1672/1672
f 1667/1667 1666/1666 1669/1669
f 1669/1669 1672/1672 1667/1667
f 1674/1674 1658/1658 1657/1657
f 1657/1657 1673/1673 1674/1674
f 1673/1673 1657/1657 1372/1372
f 1372/1372 1377/1377 1673/1673
f 1675/1675 1673/1673 1377/1377
f 1377/1377 1376/1376 1675/1675
f 1676/1676 1674/1674 1673/1673
f 1673/1673 1675/1675 1676/1676
f 1678/1678 1664/1664 1663/1663
f 1663/1663 1677/1677 1678/1678
f 1677/1677 1663/1663 1662/1662
f 1662/1662 1679/1679 1677/1677
f 1681/1681 1677/1677 1679/1679
f 1679/1679 1680/1680 1681/1681
f 1682/1682 1678/1678 1677/1677
f 1677/1677 1681/1681 1682/1682
f 1283/1283 1279/1279 1668/1668
f 1668/1668 1683/1683 1283/1283
f 1683/1683 1668/1668 1667/1667
f 1667/1667 1684/1684 1683/1683
f 1686/1686 1683/1683 1684/1684
f 1684/1684 1685/1685 1686/1686
f 1285/1285 1283/1283 1683/1683
f 1683/1683 1686/1686 1285/1285
f 1684/1684 1667/1667 1672/1672
f 1672/1672 1687/1687 1684/1684
f 1687/1687 1672/1672 1671/1671
f 1671/1671 1688/1688 1687/1687
f 1690/1690 1687/1687 1688/1688
f 1688/1688 1689/1689 1690/1690
f 1685/1685 1684/1684 1687/1687
f 1687/1687 1690/1690 1685/1685
f 1694/1694 1691/1691 1692/1692
f 1692/1692 1693/1693 1694/1694
f 1693/1693 1692/1692 1676/1676
f 1676/1676 1675/1675 1693/1693
f 1381/1381 1693/1693 1675/1675
f 1675/1675 1376/1376 1381/1381
f 1380/1380 1694/1694 1693/1693
f 1693/1693 1381/1381 1380/1380
f 1696/1696 1682/1682 1681/1681
f 1681/1681 1695/1695 1696/1696
f 1695/1695 1681/1681 1680/1680
f 1680/1680 1697/1697 1695/1695
f 1699/1699 1695/1695 1697/1697
f 1697/1697 1698/1698 1699/1699
f 1700/1700 1696/1696 1695/1695
f 1695/1695 1699/1699 1700/1700
f 1289/1289 1285/1285 1686/1686
f 1686/1686 1701/1701 1289/1289
f 1701/1701 1686/1686 1685/1685
f 1685/1685 1702/1702 1701/1701
f 1704/1704 1701/1701 1702/1702
f 1702/1702 1703/1703 1704/1704
f 1291/1291 1289/1289 1701/1701
f 1701/1701 1704/1704 1291/1291
f 1702/1702 1685/1685 1690/1690
f 1690/1690 1705/1705 1702/1702
f 1705/1705 1690/1690 1689/1689
f 1689/1689 1706/1706 1705/1705
f 1708/1708 1705/1705 1706/1706
f 1706/1706 1707/1707 1708/1708
f 1703/1703 1702/1702 1705/1705
f 1705/1705 1708/1708 1703/1703
f 1710/1710 1691/1691 1694/1694
f 1694/1694 1709/1709 1710/1710
f 1709/1709 1694/1694 1380/1380
f 1380/1380 1385/1385 1709/1709
f 1711/1711 1709/1709 1385/1385
f 1385/1385 1384/1384 1711/1711
f 1712/1712 1710/1710 1709/1709
f 1709/1709 1711/1711 1712/1712
f 1714/1714 1700/1700 1699/1699
f 1699/1699 1713/1713 1714/1714
f 1713/1713 1699/1699 1698/1698
f 1698/1698 1715/1715 1713/1713
f 1717/1717 1713/1713 1715/1715
f 1715/1715 1716/1716 1717/1717
f 1718/1718 1714/1714 1713/1713
f 1713/1713 1717/1717 1718/1718
f 1295/1295 1291/1291 1704/1704
f 1704/1704 1719/1719 1295/1295
f 1719/1719 1704/1704 1703/1703
f 1703/1703 1720/1720 1719/1719
f 1722/1722 1719/1719 1720/1720
f 1720/1720 1721/1721 1722/1722
f 1297/1297 1295/1295 1719/1719
f 1719/1719 1722/1722 1297/1297
f 1720/1720 1703/1703 1708/1708
f 1708/1708 1723/1723 1720/1720
f 1723/1723 1708/1708 1707/1707
f 1707/1707 1724/1724 1723/1723
f 1726/1726 1723/1723 1724/1724
f 1724/1724 1725/1725 1726/1726
f 1721/1721 1720/1720 1723/1723
f 1723/1723 1726/1726 1721/1721
f 1728/1728 1712/1712 1711/1711
f 1711/1711 1727/1727 1728/1728
f 1727/1727 1711/1711 1384/1384
f 1384/1384 1389/1389 1727/1727
f 1729/1729 1727/1727 1389/1389
f 1389/1389 1388/1388 1729/1729
f 1730/1730 1728/1728 1727/1727
f 1727/1727 1729/1729 1730/1730
f 1732/1732 1718/1718 1717/1717
f 1717/1717 1731/1731 1732/1732
f 1731/1731 1717/1717 1716/1716
f 1716/1716 1733/1733 1731/1731
f 1735/1735 1731/1731 1733/1733
f 1733/1733 1734/1734 1735/1735
f 1736/1736 1732/1732 1731/1731
f 1731/1731 1735/1735 1736/1736
f 1301/1301 1297/1297 1722/1722
f 1722/1722 1737/1737 1301/1301
f 1737/1737 1722/1722 1721/1721
f 1721/1721 1738/1738 1737/1737
f 1740/1740 1737/1737 1738/1738
f 1738/1738 1739/1739 1740/1740
f 1303/1303 1301/1301 1737/1737
f 1737/1737 1740/1740 1303/1303
f 1738/1738 1721/1721 1726/1726
f 1726/1726 1741/1741 1738/1738
f 1741/1741 1726/1726 1725/1725
f 1725/1725 1742/1742 1741/1741
f 1744/1744 1741/1741 1742/1742
f 1742/1742 1743/1743 1744/1744
f 1739/1739 1738/1738 1741/1741
f 1741/1741 1744/1744 1739/1739
f 1392/1392 1317/1317 1395/1395
f 1395/1395 1745/1745 1392/1392
f 1745/1745 1395/1395 1394/1394
f 1394/1394 1746/1746 1745/1745
f 1729/1729 1745/1745 1746/1746
f 1746/1746 1730/1730 1729/1729
f 1388/1388 1392/1392 1745/1745
f 1745/1745 1729/1729 1388/1388
f 1748/1748 1404/1404 1401/1401
f 1401/1401 1747/1747 1748/1748
f 1747/1747 1401/1401 1400/1400
f 1400/1400 1749/1749 1747/1747
f 1735/1735 1747/1747 1749/1749
f 1749/1749 1736/1736 1735/1735
f 1734/1734 1748/1748 1747/1747
f 1747/1747 1735/1735 1734/1734
f 1751/1751 1417/1417 1415/1415
f 1415/1415 1750/1750 1751/1751
f 1750/1750 1415/1415 1411/1411
f 1411/1411 1752/1752 1750/1750
f 1754/1754 1750/1750 1752/1752
f 1752/1752 1753/1753 1754/1754
f 1755/1755 1751/1751 1750/1750
f 1750/1750 1754/1754 1755/1755
f 1752/1752 1411/1411 1409/1409
f 1409/1409 1756/1756 1752/1752
f 1756/1756 1409/1409 1190/1190
f 1190/1190 1308/1308 1756/1756
f 1757/1757 1756/1756 1308/1308
f 1308/1308 1307/1307 1757/1757
f 1753/1753 1752/1752 1756/1756
f 1756/1756 1757/1757 1753/1753
f 1759/1759 1196/1196 1204/1204
f 1204/1204 1758/1758 1759/1759
f 1758/1758 1204/1204 1203/1203
f 1203/1203 1760/1760 1758/1758
f 1762/1762 1758/1758 1760/1760
f 1760/1760 1761/1761 1762/1762
f 1763/1763 1759/1759 1758/1758
f 1758/1758 1762/1762 1763/1763
f 1765/1765 1198/1198 1197/1197
f 1197/1197 1764/1764 1765/1765
f 1764/1764 1197/1197 1196/1196
f 1196/1196 1759/1759 1764/1764
f 1766/1766 1764/1764 1759/1759
f 1759/1759 1763/1763 1766/1766
f 1767/1767 1765/1765 1764/1764
f 1764/1764 1766/1766 1767/1767
f 1769/1769 1312/1312 1311/1311
f 1311/1311 1768/1768 1769/1769
f 1768/1768 1311/1311 1198/1198
f 1198/1198 1765/1765 1768/1768
f 1770/1770 1768/1768 1765/1765
f 1765/1765 1767/1767 1770/1770
f 1771/1771 1769/1769 1768/1768
f 1768/1768 1770/1770 1771/1771
f 1773/1773 1299/1299 1306/1306
f 1306/1306 1772/1772 1773/1773
f 1772/1772 1306/1306 1305/1305
f 1305/1305 1774/1774 1772/1772
f 1776/1776 1772/1772 1774/1774
f 1774/1774 1775/1775 1776/1776
f 1777/1777 1773/1773 1772/1772
f 1772/1772 1776/1776 1777/1777
f 1779/1779 1293/1293 1300/1300
f 1300/1300 1778/1778 1779/1779
f 1778/1778 1300/1300 1299/1299
f 1299/1299 1773/1773 1778/1778
f 1780/1780 1778/1778 1773/1773
f 1773/1773 1777/1777 1780/1780
f 1781/1781 1779/1779 1778/1778
f 1778/1778 1780/1780 1781/1781
f 1783/1783 1287/1287 1294/1294
f 1294/1294 1782/1782 1783/1783
f 1782/1782 1294/1294 1293/1293
f 1293/1293 1779/1779 1782/1782
f 1784/1784 1782/1782 1779/1779
f 1779/1779 1781/1781 1784/1784
f 1785/1785 1783/1783 1782/1782
f 1782/1782 1784/1784 1785/1785
f 1787/1787 1281/1281 1288/1288
f 1288/1288 1786/1786 1787/1787
f 1786/1786 1288/1288 1287/1287
f 1287/1287 1783/1783 1786/1786
f 1788/1788 1786/1786 1783/1783
f 1783/1783 1785/1785 1788/1788
f 1789/1789 1787/1787 1786/1786
f 1786/1786 1788/1788 1789/1789
f 1791/1791 1275/1275 1282/1282
f 1282/1282 1790/1790 1791/1791
f 1790/1790 1282/1282 1281/1281
f 1281/1281 1787/1787 1790/1790
f 1792/1792 1790/1790 1787/1787
f 1787/1787 1789/1789 1792/1792
f 1793/1793 1791/1791 1790/1790
f 1790/1790 1792/1792 1793/1793
f 1795/1795 1269/1269 1276/1276
f 1276/1276 1794/1794 1795/1795
f 1794/1794 1276/1276 1275/1275
f 1275/1275 1791/1791 1794/1794
f 1796/1796 1794/1794 1791/1791
f 1791/1791 1793/1793 1796/1796
f 1797/1797 1795/1795 1794/1794
f 1794/1794 1796/1796 1797/1797
f 1799/1799 1263/1263 1270/1270
f 1270/1270 1798/1798 1799/1799
f 1798/1798 1270/1270 1269/1269
f 1269/1269 1795/1795 1798/1798
f 1800/1800 1798/1798 1795/1795
f 1795/1795 1797/1797 1800/1800
f 1801/1801 1799/1799 1798/1798
f 1798/1798 1800/1800 1801/1801
f 1803/1803 1257/1257 1264/1264
f 1264/1264 1802/1802 1803/1803
f 1802/1802 1264/1264 1263/1263
f 1263/1263 1799/1799 1802/1802
f 1804/1804 1802/1802 1799/1799
f 1799/1799 1801/1801 1804/1804
f 1805/1805 1803/1803 1802/1802
f 1802/1802 1804/1804 1805/1805
f 1807/1807 1251/1251 1258/1258
f 1258/1258 1806/1806 1807/1807
f 1806/1806 1258/1258 1257/1257
f 1257/1257 1803/1803 1806/1806
f 1808/1808 1806/1806 1803/1803
f 1803/1803 1805/1805 1808/1808
f 1809/1809 1807/1807 1806/1806
f 1806/1806 1808/1808 1809/1809
f 1811/1811 1245/1245 1252/1252
f 1252/1252 1810/1810 1811/1811
f 1810/1810 1252/1252 1251/1251
f 1251/1251 1807/1807 1810/1810
f 1812/1812 1810/1810 1807/1807
f 1807/1807 1809/1809 1812/1812
f 1813/1813 1811/1811 1810/1810
f 1810/1810 1812/1812 1813/1813
f 1815/1815 1239/1239 1246/1246
f 1246/1246 1814/1814 1815/1815
f 1814/1814 1246/1246 1245/1245
f 1245/1245 1811/1811 1814/1814
f 1816/1816 1814/1814 1811/1811
f 1811/1811 1813/1813 1816/1816
f 1817/1817 1815/1815 1814/1814
f 1814/1814 1816/1816 1817/1817
f 1819/1819 1233/1233 1240/1240
f 1240/1240 1818/1818 1819/1819
f 1818/1818 1240/1240 1239/1239
f 1239/1239 1815/1815 1818/1818
f 1820/1820 1818/1818 1815/1815
f 1815/1815 1817/1817 1820/1820
f 1821/1821 1819/1819 1818/1818
f 1818/1818 1820/1820 1821/1821
f 1823/1823 1227/1227 1234/1234
f 1234/1234 1822/1822 1823/1823
f 1822/1822 1234/1234 1233/1233
f 1233/1233 1819/1819 1822/1822
f 1824/1824 1822/1822 1819/1819
f 1819/1819 1821/1821 1824/1824
f 1825/1825 1823/1823 1822/1822
f 1822/1822 1824/1824 1825/1825
f 1827/1827 1221/1221 1228/1228
f 1228/1228 1826/1826 1827/1827
f 1826/1826 1228/1228 1227/1227
f 1227/1227 1823/1823 1826/1826
f 1828/1828 1826/1826 1823/1823
f 1823/1823 1825/1825 1828/1828
f 1829/1829 1827/1827 1826/1826
f 1826/1826 1828/1828 1829/1829
f 1831/1831 1215/1215 1222/1222
f 1222/1222 1830/1830 1831/1831
f 1830/1830 1222/1222 1221/1221
f 1221/1221 1827/1827 1830/1830
f 1832/1832 1830/1830 1827/1827
f 1827/1827 1829/1829 1832/1832
f 1833/1833 1831/1831 1830/1830
f 1830/1830 1832/1832 1833/1833
f 1835/1835 1209/1209 1216/1216
f 1216/1216 1834/1834 1835/1835
f 1834/1834 1216/1216 1215/1215
f 1215/1215 1831/1831 1834/1834
f 1836/1836 1834/1834 1831/1831
f 1831/1831 1833/1833 1836/1836
f 1837/1837 1835/1835 1834/1834
f 1834/1834 1836/1836 1837/1837
f 1760/1760 1203/1203 1210/1210
f 1210/1210 1838/1838 1760/1760
f 1838/1838 1210/1210 1209/1209
f 1209/1209 1835/1835 1838/1838
f 1839/1839 1838/1838 1835/1835
f 1835/1835 1837/1837 1839/1839
f 1761/1761 1760/1760 1838/1838
f 1838/1838 1839/1839 1761/1761
f 1841/1841 1763/1763 1762/1762
f 1762/1762 1840/1840 1841/1841
f 1840/1840 1762/1762 1761/1761
f 1761/1761 1842/1842 1840/1840
f 10/10 1840/1840 1842/1842
f 1842/1842 12/12 10/10
f 5/5 1841/1841 1840/1840
f 1840/1840 10/10 5/5
f 1844/1844 1767/1767 1766/1766
f 1766/1766 1843/1843 1844/1844
f 1843/1843 1766/1766 1763/1763
f 1763/1763 1841/1841 1843/1843
f 2/2 1843/1843 1841/1841
f 1841/1841 5/5 2/2
f 1/1 1844/1844 1843/1843
f 1843/1843 2/2 1/1
f 1846/1846 1771/1771 1770/1770
f 1770/1770 1845/1845 1846/1846
f 1845/1845 1770/1770 1767/1767
f 1767/1767 1844/1844 1845/1845
f 119/119 1845/1845 1844/1844
f 1844/1844 1/1 119/119
f 118/118 1846/1846 1845/1845
f 1845/1845 119/119 118/118
f 1848/1848 1777/1777 1776/1776
f 1776/1776 1847/1847 1848/1848
f 1847/1847 1776/1776 1775/1775
f 1775/1775 1849/1849 1847/1847
f 112/112 1847/1847 1849/1849
f 1849/1849 114/114 112/112
f 108/108 1848/1848 1847/1847
f 1847/1847 112/112 108/108
f 1851/1851 1781/1781 1780/1780
f 1780/1780 1850/1850 1851/1851
f 1850/1850 1780/1780 1777/1777
f 1777/1777 1848/1848 1850/1850
f 106/106 1850/1850 1848/1848
f 1848/1848 108/108 106/106
f 102/102 1851/1851 1850/1850
f 1850/1850 106/106 102/102
f 1853/1853 1785/1785 1784/1784
f 1784/1784 1852/1852 1853/1853
f 1852/1852 1784/1784 1781/1781
f 1781/1781 1851/1851 1852/1852
f 100/100 1852/1852 1851/1851
f 1851/1851 102/102 100/100
f 96/96 1853/1853 1852/1852
f 1852/1852 100/100 96/96
f 1855/1855 1789/1789 1788/1788
f 1788/1788 1854/1854 1855/1855
f 1854/1854 1788/1788 1785/1785
f 1785/1785 1853/1853 1854/1854
f 94/94 1854/1854 1853/1853
f 1853/1853 96/96 94/94
f 90/90 1855/1855 1854/1854
f 1854/1854 94/94 90/90
f 1857/1857 1793/1793 1792/1792
f 1792/1792 1856/1856 1857/1857
f 1856/1856 1792/1792 1789/1789
f 1789/1789 1855/1855 1856/1856
f 88/88 1856/1856 1855/1855
f 1855/1855 90/90 88/88
f 84/84 1857/1857 1856/1856
f 1856/1856 88/88 84/84
f 1859/1859 1797/1797 1796/1796
f 1796/1796 1858/1858 1859/1859
f 1858/1858 1796/1796 1793/1793
f 1793/1793 1857/1857 1858/1858
f 82/82 1858/1858 1857/1857
f 1857/1857 84/84 82/82
f 78/78 1859/1859 1858/1858
f 1858/1858 82/82 78/78
f 1861/1861 1801/1801 1800/1800
f 1800/1800 1860/1860 1861/1861
f 1860/1860 1800/1800 1797/1797
f 1797/1797 1859/1859 1860/1860
f 76/76 1860/1860 1859/1859
f 1859/1859 78/78 76/76
f 72/72 1861/1861 1860/1860
f 1860/1860 76/76 72/72
f 1863/1863 1805/1805 1804/1804
f 1804/1804 1862/1862 1863/1863
f 1862/1862 1804/1804 1801/1801
f 1801/1801 1861/1861 1862/1862
f 70/70 1862/1862 1861/1861
f 1861/1861 72/72 70/70
f 66/66 1863/1863 1862/1862
f 1862/1862 70/70 66/66
f 1865/1865 1809/1809 1808/1808
f 1808/1808 1864/1864 1865/1865
f 1864/1864 1808/1808 1805/1805
f 1805/1805 1863/1863 1864/1864
f 64/64 1864/1864 1863/1863
f 1863/1863 66/66 64/64
f 60/60 1865/1865 1864/1864
f 1864/1864 64/64 60/60
f 1867/1867 1813/1813 1812/1812
f 1812/1812 1866/1866 1867/1867
f 1866/1866 1812/1812 1809/1809
f 1809/1809 1865/1865 1866/1866
f 58/58 1866/1866 1865/1865
f 1865/1865 60/60 58/58
f 54/54 1867/1867 1866/1866
f 1866/1866 58/58 54/54
f 1869/1869 1817/1817 1816/1816
f 1816/1816 1868/1868 1869/1869
f 1868/1868 1816/1816 1813/1813
f 1813/1813 1867/1867 1868/1868
f 52/52 1868/1868 1867/1867
f 1867/1867 54/54 52/52
f 48/48 1869/1869 1868/1868
f 1868/1868 52/52 48/48
f 1871/1871 1821/1821 1820/1820
f 1820/1820 1870/1870 1871/1871
f 1870/1870 1820/1820 1817/1817
f 1817/1817 1869/1869 1870/1870
f 46/46 1870/1870 1869/1869
f 1869/1869 48/48 46/46
f 42/42 1871/1871 1870/1870
f 1870/1870 46/46 42/42
f 1873/1873 1825/1825 1824/1824
f 1824/1824 1872/1872 1873/1873
f 1872/1872 1824/1824 1821/1821
f 1821/1821 1871/1871 1872/1872
f 40/40 1872/1872 1871/1871
f 1871/1871 42/42 40/40
f 36/36 1873/1873 1872/1872
f 1872/1872 40/40 36/36
f 1875/1875 1829/1829 1828/1828
f 1828/1828 1874/1874 1875/1875
f 1874/1874 1828/1828 1825/1825
f 1825/1825 1873/1873 1874/1874
f 34/34 1874/1874 1873/1873
f 1873/1873 36/36 34/34
f 30/30 1875/1875 1874/1874
f 1874/1874 34/34 30/30
f 1877/1877 1833/1833 1832/1832
f 1832/1832 1876/1876 1877/1877
f 1876/1876 1832/1832 1829/1829
f 1829/1829 1875/1875 1876/1876
f 28/28 1876/1876 1875/1875
f 1875/1875 30/30 28/28
f 24/24 1877/1877 1876/1876
f 1876/1876 28/28 24/24
f 1879/1879 1837/1837 1836/1836
f 1836/1836 1878/1878 1879/1879
f 1878/1878 1836/1836 1833/1833
f 1833/1833 1877/1877 1878/1878
f 22/22 1878/1878 1877/1877
f 1877/1877 24/24 22/22
f 18/18 1879/1879 1878/1878
f 1878/1878 22/22 18/18
f 1842/1842 1761/1761 1839/1839
f 1839/1839 1880/1880 1842/1842
f 1880/1880 1839/1839 1837/1837
f 1837/1837 1879/1879 1880/1880
f 16/16 1880/1880 1879/1879
f 1879/1879 18/18 16/16
f 12/12 1842/1842 1880/1880
f 1880/1880 16/16 12/12
f 1882/1882 383/383 390/390
f 390/390 1881/1881 1882/1882
f 1881/1881 390/390 389/389
f 389/389 1883/1883 1881/1881
f 1885/1885 1881/1881 1883/1883
f 1883/1883 1884/1884 1885/1885
f 1886/1886 1882/1882 1881/1881
f 1881/1881 1885/1885 1886/1886
f 1888/1888 376/376 384/384
f 384/384 1887/1887 1888/1888
f 1887/1887 384/384 383/383
f 383/383 1882/1882 1887/1887
f 1889/1889 1887/1887 1882/1882
f 1882/1882 1886/1886 1889/1889
f 1890/1890 1888/1888 1887/1887
f 1887/1887 1889/1889 1890/1890
f 1892/1892 378/378 377/377
f 377/377 1891/1891 1892/1892
f 1891/1891 377/377 376/376
f 376/376 1888/1888 1891/1891
f 1893/1893 1891/1891 1888/1888
f 1888/1888 1890/1890 1893/1893
f 1894/1894 1892/1892 1891/1891
f 1891/1891 1893/1893 1894/1894
f 1896/1896 492/492 491/491
f 491/491 1895/1895 1896/1896
f 1895/1895 491/491 378/378
f 378/378 1892/1892 1895/1895
f 1897/1897 1895/1895 1892/1892
f 1892/1892 1894/1894 1897/1897
f 1898/1898 1896/1896 1895/1895
f 1895/1895 1897/1897 1898/1898
f 1900/1900 479/479 486/486
f 486/486 1899/1899 1900/1900
f 1899/1899 486/486 485/485
f 485/485 1901/1901 1899/1899
f 1903/1903 1899/1899 1901/1901
f 1901/1901 1902/1902 1903/1903
f 1904/1904 1900/1900 1899/1899
f 1899/1899 1903/1903 1904/1904
f 1906/1906 473/473 480/480
f 480/480 1905/1905 1906/1906
f 1905/1905 480/480 479/479
f 479/479 1900/1900 1905/1905
f 1907/1907 1905/1905 1900/1900
f 1900/1900 1904/1904 1907/1907
f 1908/1908 1906/1906 1905/1905
f 1905/1905 1907/1907 1908/1908
f 1910/1910 467/467 474/474
f 474/474 1909/1909 1910/1910
f 1909/1909 474/474 473/473
f 473/473 1906/1906 1909/1909
f 1911/1911 1909/1909 1906/1906
f 1906/1906 1908/1908 1911/1911
f 1912/1912 1910/1910 1909/1909
f 1909/1909 1911/1911 1912/1912
f 1914/1914 459/459 468/468
f 468/468 1913/1913 1914/1914
f 1913/1913 468/468 467/467
f 467/467 1910/1910 1913/1913
f 1915/1915 1913/1913 1910/1910
f 1910/1910 1912/1912 1915/1915
f 1916/1916 1914/1914 1913/1913
f 1913/1913 1915/1915 1916/1916
f 1918/1918 455/455 460/460
f 460/460 1917/1917 1918/1918
f 1917/1917 460/460 459/459
f 459/459 1914/1914 1917/1917
f 1919/1919 1917/1917 1914/1914
f 1914/1914 1916/1916 1919/1919
f 1920/1920 1918/1918 1917/1917
f 1917/1917 1919/1919 1920/1920
f 1922/1922 449/449 456/456
f 456/456 1921/1921 1922/1922
f 1921/1921 456/456 455/455
f 455/455 1918/1918 1921/1921
f 1923/1923 1921/1921 1918/1918
f 1918/1918 1920/1920 1923/1923
f 1924/1924 1922/1922 1921/1921
f 1921/1921 1923/1923 1924/1924
f 1926/1926 443/443 450/450
f 450/450 1925/1925 1926/1926
f 1925/1925 450/450 449/449
f 449/449 1922/1922 1925/1925
f 1927/1927 1925/1925 1922/1922
f 1922/1922 1924/1924 1927/1927
f 1928/1928 1926/1926 1925/1925
f 1925/1925 1927/1927 1928/1928
f 1930/1930 437/437 444/444
f 444/444 1929/1929 1930/1930
f 1929/1929 444/444 443/443
f 443/443 1926/1926 1929/1929
f 1931/1931 1929/1929 1926/1926
f 1926/1926 1928/1928 1931/1931
f 1932/1932 1930/1930 1929/1929
f 1929/1929 1931/1931 1932/1932
f 1934/1934 431/431 438/438
f 438/438 1933/1933 1934/1934
f 1933/1933 438/438 437/437
f 437/437 1930/1930 1933/1933
f 1935/1935 1933/1933 1930/1930
f 1930/1930 1932/1932 1935/1935
f 1936/1936 1934/1934 1933/1933
f 1933/1933 1935/1935 1936/1936
f 1938/1938 425/425 432/432
f 432/432 1937/1937 1938/1938
f 1937/1937 432/432 431/431
f 431/431 1934/1934 1937/1937
f 1939/1939 1937/1937 1934/1934
f 1934/1934 1936/1936 1939/1939
f 1940/1940 1938/1938 1937/1937
f 1937/1937 1939/1939 1940/1940
f 1942/1942 419/419 426/426
f 426/426 1941/1941 1942/1942
f 1941/1941 426/426 425/425
f 425/425 1938/1938 1941/1941
f 1943/1943 1941/1941 1938/1938
f 1938/1938 1940/1940 1943/1943
f 1944/1944 1942/1942 1941/1941
f 1941/1941 1943/1943 1944/1944
f 1946/1946 413/413 420/420
f 420/420 1945/1945 1946/1946
f 1945/1945 420/420 419/419
f 419/419 1942/1942 1945/1945
f 1947/1947 1945/1945 1942/1942
f 1942/1942 1944/1944 1947/1947
f 1948/1948 1946/1946 1945/1945
f 1945/1945 1947/1947 1948/1948
f 1950/1950 407/407 414/414
f 414/414 1949/1949 1950/1950
f 1949/1949 414/414 413/413
f 413/413 1946/1946 1949/1949
f 1951/1951 1949/1949 1946/1946
f 1946/1946 1948/1948 1951/1951
f 1952/1952 1950/1950 1949/1949
f 1949/1949 1951/1951 1952/1952
f 1954/1954 401/401 408/408
f 408/408 1953/1953 1954/1954
f 1953/1953 408/408 407/407
f 407/407 1950/1950 1953/1953
f 1955/1955 1953/1953 1950/1950
f 1950/1950 1952/1952 1955/1955
f 1956/1956 1954/1954 1953/1953
f 1953/1953 1955/1955 1956/1956
f 1958/1958 395/395 402/402
f 402/402 1957/1957 1958/1958
f 1957/1957 402/402 401/401
f 401/401 1954/1954 1957/1957
f 1959/1959 1957/1957 1954/1954
f 1954/1954 1956/1956 1959/1959
f 1960/1960 1958/1958 1957/1957
f 1957/1957 1959/1959 1960/1960
f 1883/1883 389/389 396/396
f 396/396 1961/1961 1883/1883
f 1961/1961 396/396 395/395
f 395/395 1958/1958 1961/1961
f 1962/1962 1961/1961 1958/1958
f 1958/1958 1960/1960 1962/1962
f 1884/1884 1883/1883 1961/1961
f 1961/1961 1962/1962 1884/1884
f 1966/1966 1963/1963 1964/1964
f 1964/1964 1965/1965 1966/1966
f 1965/1965 1964/1964 1967/1967
f 1967/1967 1968/1968 1965/1965
f 1970/1970 1965/1965 1968/1968
f 1968/1968 1969/1969 1970/1970
f 1971/1971 1966/1966 1965/1965
f 1965/1965 1970/1970 1971/1971
f 1970/1970 1969/1969 1972/1972
f 1972/1972 1973/1973 1970/1970
f 1973/1973 1972/1972 1658/1658
f 1658/1658 1674/1674 1973/1973
f 1974/1974 1973/1973 1674/1674
f 1674/1674 1676/1676 1974/1974
f 1971/1971 1970/1970 1973/1973
f 1973/1973 1974/1974 1971/1971
f 1978/1978 1975/1975 1976/1976
f 1976/1976 1977/1977 1978/1978
f 1977/1977 1976/1976 1640/1640
f 1640/1640 1656/1656 1977/1977
f 1972/1972 1977/1977 1656/1656
f 1656/1656 1658/1658 1972/1972
f 1969/1969 1978/1978 1977/1977
f 1977/1977 1972/1972 1969/1969
f 1982/1982 1979/1979 1980/1980
f 1980/1980 1981/1981 1982/1982
f 1981/1981 1980/1980 1622/1622
f 1622/1622 1638/1638 1981/1981
f 1976/1976 1981/1981 1638/1638
f 1638/1638 1640/1640 1976/1976
f 1975/1975 1982/1982 1981/1981
f 1981/1981 1976/1976 1975/1975
f 1986/1986 1983/1983 1984/1984
f 1984/1984 1985/1985 1986/1986
f 1985/1985 1984/1984 1604/1604
f 1604/1604 1620/1620 1985/1985
f 1980/1980 1985/1985 1620/1620
f 1620/1620 1622/1622 1980/1980
f 1979/1979 1986/1986 1985/1985
f 1985/1985 1980/1980 1979/1979
f 1990/1990 1987/1987 1988/1988
f 1988/1988 1989/1989 1990/1990
f 1989/1989 1988/1988 1586/1586
f 1586/1586 1602/1602 1989/1989
f 1984/1984 1989/1989 1602/1602
f 1602/1602 1604/1604 1984/1984
f 1983/1983 1990/1990 1989/1989
f 1989/1989 1984/1984 1983/1983
f 1994/1994 1991/1991 1992/1992
f 1992/1992 1993/1993 1994/1994
f 1993/1993 1992/1992 1568/1568
f 1568/1568 1584/1584 1993/1993
f 1988/1988 1993/1993 1584/1584
f 1584/1584 1586/1586 1988/1988
f 1987/1987 1994/1994 1993/1993
f 1993/1993 1988/1988 1987/1987
f 1998/1998 1995/1995 1996/1996
f 1996/1996 1997/1997 1998/1998
f 1997/1997 1996/1996 1550/1550
f 1550/1550 1566/1566 1997/1997
f 1992/1992 1997/1997 1566/1566
f 1566/1566 1568/1568 1992/1992
f 1991/1991 1998/1998 1997/1997
f 1997/1997 1992/1992 1991/1991
f 2002/2002 1999/1999 2000/2000
f 2000/2000 2001/2001 2002/2002
f 2001/2001 2000/2000 1532/1532
f 1532/1532 1548/1548 2001/2001
f 1996/1996 2001/2001 1548/1548
f 1548/1548 1550/1550 1996/1996
f 1995/1995 2002/2002 2001/2001
f 2001/2001 1996/1996 1995/1995
f 2006/2006 2003/2003 2004/2004
f 2004/2004 2005/2005 2006/2006
f 2005/2005 2004/2004 1514/1514
f 1514/1514 1530/1530 2005/2005
f 2000/2000 2005/2005 1530/1530
f 1530/1530 1532/1532 2000/2000
f 1999/1999 2006/2006 2005/2005
f 2005/2005 2000/2000 1999/1999
f 2010/2010 2007/2007 2008/2008
f 2008/2008 2009/2009 2010/2010
f 2009/2009 2008/2008 1496/1496
f 1496/1496 1512/1512 2009/2009
f 2004/2004 2009/2009 1512/1512
f 1512/1512 1514/1514 2004/2004
f 2003/2003 2010/2010 2009/2009
f 2009/2009 2004/2004 2003/2003
f 2014/2014 2011/2011 2012/2012
f 2012/2012 2013/2013 2014/2014
f 2013/2013 2012/2012 1478/1478
f 1478/1478 1494/1494 2013/2013
f 2008/2008 2013/2013 1494/1494
f 1494/1494 1496/1496 2008/2008
f 2007/2007 2014/2014 2013/2013
f 2013/2013 2008/2008 2007/2007
f 2018/2018 2015/2015 2016/2016
f 2016/2016 2017/2017 2018/2018
f 2017/2017 2016/2016 1460/1460
f 1460/1460 1476/1476 2017/2017
f 2012/2012 2017/2017 1476/1476
f 1476/1476 1478/1478 2012/2012
f 2011/2011 2018/2018 2017/2017
f 2017/2017 2012/2012 2011/2011
f 2022/2022 2019/2019 2020/2020
f 2020/2020 2021/2021 2022/2022
f 2021/2021 2020/2020 1442/1442
f 1442/1442 1458/1458 2021/2021
f 2016/2016 2021/2021 1458/1458
f 1458/1458 1460/1460 2016/2016
f 2015/2015 2022/2022 2021/2021
f 2021/2021 2016/2016 2015/2015
f 2026/2026 2023/2023 2024/2024
f 2024/2024 2025/2025 2026/2026
f 2025/2025 2024/2024 1424/1424
f 1424/1424 1440/1440 2025/2025
f 2020/2020 2025/2025 1440/1440
f 1440/1440 1442/1442 2020/2020
f 2019/2019 2026/2026 2025/2025
f 2025/2025 2020/2020 2019/2019
f 2030/2030 2027/2027 2028/2028
f 2028/2028 2029/2029 2030/2030
f 2029/2029 2028/2028 1399/1399
f 1399/1399 1422/1422 2029/2029
f 2024/2024 2029/2029 1422/1422
f 1422/1422 1424/1424 2024/2024
f 2023/2023 2030/2030 2029/2029
f 2029/2029 2024/2024 2023/2023
f 2034/2034 2031/2031 2032/2032
f 2032/2032 2033/2033 2034/2034
f 2033/2033 2032/2032 1394/1394
f 1394/1394 1397/1397 2033/2033
f 2028/2028 2033/2033 1397/1397
f 1397/1397 1399/1399 2028/2028
f 2027/2027 2034/2034 2033/2033
f 2033/2033 2028/2028 2027/2027
f 2036/2036 1730/1730 1746/1746
f 1746/1746 2035/2035 2036/2036
f 2035/2035 1746/1746 1394/1394
f 1394/1394 2032/2032 2035/2035
f 2037/2037 2035/2035 2032/2032
f 2032/2032 2031/2031 2037/2037
f 2038/2038 2036/2036 2035/2035
f 2035/2035 2037/2037 2038/2038
f 2042/2042 2039/2039 2040/2040
f 2040/2040 2041/2041 2042/2042
f 2041/2041 2040/2040 1712/1712
f 1712/1712 1728/1728 2041/2041
f 2036/2036 2041/2041 1728/1728
f 1728/1728 1730/1730 2036/2036
f 2038/2038 2042/2042 2041/2041
f 2041/2041 2036/2036 2038/2038
f 2046/2046 2043/2043 2044/2044
f 2044/2044 2045/2045 2046/2046
f 2045/2045 2044/2044 1691/1691
f 1691/1691 1710/1710 2045/2045
f 2040/2040 2045/2045 1710/1710
f 1710/1710 1712/1712 2040/2040
f 2039/2039 2046/2046 2045/2045
f 2045/2045 2040/2040 2039/2039
f 2048/2048 1971/1971 1974/1974
f 1974/1974 2047/2047 2048/2048
f 2047/2047 1974/1974 1676/1676
f 1676/1676 1692/1692 2047/2047
f 2044/2044 2047/2047 1692/1692
f 1692/1692 1691/1691 2044/2044
f 2043/2043 2048/2048 2047/2047
f 2047/2047 2044/2044 2043/2043
f 2050/2050 1680/1680 1679/1679
f 1679/1679 2049/2049 2050/2050
f 2049/2049 1679/1679 1662/1662
f 1662/1662 2051/2051 2049/2049
f 2053/2053 2049/2049 2051/2051
f 2051/2051 2052/2052 2053/2053
f 2054/2054 2050/2050 2049/2049
f 2049/2049 2053/2053 2054/2054
f 2051/2051 1662/1662 1661/1661
f 1661/1661 2055/2055 2051/2051
f 2055/2055 1661/1661 1644/1644
f 1644/1644 2056/2056 2055/2055
f 2058/2058 2055/2055 2056/2056
f 2056/2056 2057/2057 2058/2058
f 2052/2052 2051/2051 2055/2055
f 2055/2055 2058/2058 2052/2052
f 2056/2056 1644/1644 1643/1643
f 1643/1643 2059/2059 2056/2056
f 2059/2059 1643/1643 1626/1626
f 1626/1626 2060/2060 2059/2059
f 2062/2062 2059/2059 2060/2060
f 2060/2060 2061/2061 2062/2062
f 2057/2057 2056/2056 2059/2059
f 2059/2059 2062/2062 2057/2057
f 2060/2060 1626/1626 1625/1625
f 1625/1625 2063/2063 2060/2060
f 2063/2063 1625/1625 1608/1608
f 1608/1608 2064/2064 2063/2063
f 2066/2066 2063/2063 2064/2064
f 2064/2064 2065/2065 2066/2066
f 2061/2061 2060/2060 2063/2063
f 2063/2063 2066/2066 2061/2061
f 2064/2064 1608/1608 1607/1607
f 1607/1607 2067/2067 2064/2064
f 2067/2067 1607/1607 1590/1590
f 1590/1590 2068/2068 2067/2067
f 2070/2070 2067/2067 2068/2068
f 2068/2068 2069/2069 2070/2070
f 2065/2065 2064/2064 2067/2067
f 2067/2067 2070/2070 2065/2065
f 2068/2068 1590/1590 1589/1589
f 1589/1589 2071/2071 2068/2068
f 2071/2071 1589/1589 1572/1572
f 1572/1572 2072/2072 2071/2071
f 2074/2074 2071/2071 2072/2072
f 2072/2072 2073/2073 2074/2074
f 2069/2069 2068/2068 2071/2071
f 2071/2071 2074/2074 2069/2069
f 2072/2072 1572/1572 1571/1571
f 1571/1571 2075/2075 2072/2072
f 2075/2075 1571/1571 1554/1554
f 1554/1554 2076/2076 2075/2075
f 2078/2078 2075/2075 2076/2076
f 2076/2076 2077/2077 2078/2078
f 2073/2073 2072/2072 2075/2075
f 2075/2075 2078/2078 2073/2073
f 2076/2076 1554/1554 1553/1553
f 1553/1553 2079/2079 2076/2076
f 2079/2079 1553/1553 1536/1536
f 1536/1536 2080/2080 2079/2079
f 2082/2082 2079/2079 2080/2080
f 2080/2080 2081/2081 2082/2082
f 2077/2077 2076/2076 2079/2079
f 2079/2079 2082/2082 2077/2077
f 2080/2080 1536/1536 1535/1535
f 1535/1535 2083/2083 2080/2080
f 2083/2083 1535/1535 1518/1518
f 1518/1518 2084/2084 2083/2083
f 2086/2086 2083/2083 2084/2084
f 2084/2084 2085/2085 2086/2086
f 2081/2081 2080/2080 2083/2083
f 2083/2083 2086/2086 2081/2081
f 2084/2084 1518/1518 1517/1517
f 1517/1517 2087/2087 2084/2084
f 2087/2087 1517/1517 1500/1500
f 1500/1500 2088/2088 2087/2087
f 2090/2090 2087/2087 2088/2088
f 2088/2088 2089/2089 2090/2090
f 2085/2085 2084/2084 2087/2087
f 2087/2087 2090/2090 2085/2085
f 2088/2088 1500/1500 1499/1499
f 1499/1499 2091/2091 2088/2088
f 2091/2091 1499/1499 1482/1482
f 1482/1482 2092/2092 2091/2091
f 2094/2094 2091/2091 2092/2092
f 2092/2092 2093/2093 2094/2094
f 2089/2089 2088/2088 2091/2091
f 2091/2091 2094/2094 2089/2089
f 2092/2092 1482/1482 1481/1481
f 1481/1481 2095/2095 2092/2092
f 2095/2095 1481/1481 1464/1464
f 1464/1464 2096/2096 2095/2095
f 2098/2098 2095/2095 2096/2096
f 2096/2096 2097/2097 2098/2098
f 2093/2093 2092/2092 2095/2095
f 2095/2095 2098/2098 2093/2093
f 2096/2096 1464/1464 1463/1463
f 1463/1463 2099/2099 2096/2096
f 2099/2099 1463/1463 1446/1446
f 1446/1446 2100/2100 2099/2099
f 2102/2102 2099/2099 2100/2100
f 2100/2100 2101/2101 2102/2102
f 2097/2097 2096/2096 2099/2099
f 2099/2099 2102/2102 2097/2097
f 2100/2100 1446/1446 1445/1445
f 1445/1445 2103/2103 2100/2100
f 2103/2103 1445/1445 1428/1428
f 1428/1428 2104/2104 2103/2103
f 2106/2106 2103/2103 2104/2104
f 2104/2104 2105/2105 2106/2106
f 2101/2101 2100/2100 2103/2103
f 2103/2103 2106/2106 2101/2101
f 2104/2104 1428/1428 1427/1427
f 1427/1427 2107/2107 2104/2104
f 2107/2107 1427/1427 1406/1406
f 1406/1406 2108/2108 2107/2107
f 2110/2110 2107/2107 2108/2108
f 2108/2108 2109/2109 2110/2110
f 2105/2105 2104/2104 2107/2107
f 2107/2107 2110/2110 2105/2105
f 2108/2108 1406/1406 1405/1405
f 1405/1405 2111/2111 2108/2108
f 2111/2111 1405/1405 1404/1404
f 1404/1404 2112/2112 2111/2111
f 2114/2114 2111/2111 2112/2112
f 2112/2112 2113/2113 2114/2114
f 2109/2109 2108/2108 2111/2111
f 2111/2111 2114/2114 2109/2109
f 2112/2112 1404/1404 1748/1748
f 1748/1748 2115/2115 2112/2112
f 2115/2115 1748/1748 1734/1734
f 1734/1734 2116/2116 2115/2115
f 2118/2118 2115/2115 2116/2116
f 2116/2116 2117/2117 2118/2118
f 2113/2113 2112/2112 2115/2115
f 2115/2115 2118/2118 2113/2113
f 2116/2116 1734/1734 1733/1733
f 1733/1733 2119/2119 2116/2116
f 2119/2119 1733/1733 1716/1716
f 1716/1716 2120/2120 2119/2119
f 2122/2122 2119/2119 2120/2120
f 2120/2120 2121/2121 2122/2122
f 2117/2117 2116/2116 2119/2119
f 2119/2119 2122/2122 2117/2117
f 2120/2120 1716/1716 1715/1715
f 1715/1715 2123/2123 2120/2120
f 2123/2123 1715/1715 1698/1698
f 1698/1698 2124/2124 2123/2123
f 2126/2126 2123/2123 2124/2124
f 2124/2124 2125/2125 2126/2126
f 2121/2121 2120/2120 2123/2123
f 2123/2123 2126/2126 2121/2121
f 2124/2124 1698/1698 1697/1697
f 1697/1697 2127/2127 2124/2124
f 2127/2127 1697/1697 1680/1680
f 1680/1680 2050/2050 2127/2127
f 2128/2128 2127/2127 2050/2050
f 2050/2050 2054/2054 2128/2128
f 2125/2125 2124/2124 2127/2127
f 2127/2127 2128/2128 2125/2125
f 2132/2132 2129/2129 2130/2130
f 2130/2130 2131/2131 2132/2132
f 2131/2131 2130/2130 2133/2133
f 2133/2133 2134/2134 2131/2131
f 1964/1964 2131/2131 2134/2134
f 2134/2134 1967/1967 1964/1964
f 1963/1963 2132/2132 2131/2131
f 2131/2131 1964/1964 1963/1963
f 2134/2134 2133/2133 2135/2135
f 2135/2135 2136/2136 2134/2134
f 2136/2136 2135/2135 2137/2137
f 2137/2137 2138/2138 2136/2136
f 2140/2140 2136/2136 2138/2138
f 2138/2138 2139/2139 2140/2140
f 1967/1967 2134/2134 2136/2136
f 2136/2136 2140/2140 1967/1967
f 2138/2138 2137/2137 2141/2141
f 2141/2141 2142/2142 2138/2138
f 2142/2142 2141/2141 2143/2143
f 2143/2143 2144/2144 2142/2142
f 2146/2146 2142/2142 2144/2144
f 2144/2144 2145/2145 2146/2146
f 2139/2139 2138/2138 2142/2142
f 2142/2142 2146/2146 2139/2139
f 2144/2144 2143/2143 2147/2147
f 2147/2147 2148/2148 2144/2144
f 2148/2148 2147/2147 2149/2149
f 2149/2149 2150/2150 2148/2148
f 2152/2152 2148/2148 2150/2150
f 2150/2150 2151/2151 2152/2152
f 2145/2145 2144/2144 2148/2148
f 2148/2148 2152/2152 2145/2145
f 2150/2150 2149/2149 2153/2153
f 2153/2153 2154/2154 2150/2150
f 2154/2154 2153/2153 2155/2155
f 2155/2155 2156/2156 2154/2154
f 2158/2158 2154/2154 2156/2156
f 2156/2156 2157/2157 2158/2158
f 2151/2151 2150/2150 2154/2154
f 2154/2154 2158/2158 2151/2151
f 2156/2156 2155/2155 2159/2159
f 2159/2159 2160/2160 2156/2156
f 2160/2160 2159/2159 2161/2161
f 2161/2161 2162/2162 2160/2160
f 2164/2164 2160/2160 2162/2162
f 2162/2162 2163/2163 2164/2164
f 2157/2157 2156/2156 2160/2160
f 2160/2160 2164/2164 2157/2157
f 2162/2162 2161/2161 2165/2165
f 2165/2165 2166/2166 2162/2162
f 2166/2166 2165/2165 2167/2167
f 2167/2167 2168/2168 2166/2166
f 2170/2170 2166/2166 2168/2168
f 2168/2168 2169/2169 2170/2170
f 2163/2163 2162/2162 2166/2166
f 2166/2166 2170/2170 2163/2163
f 2168/2168 2167/2167 2171/2171
f 2171/2171 2172/2172 2168/2168
f 2172/2172 2171/2171 2173/2173
f 2173/2173 2174/2174 2172/2172
f 2176/2176 2172/2172 2174/2174
f 2174/2174 2175/2175 2176/2176
f 2169/2169 2168/2168 2172/2172
f 2172/2172 2176/2176 2169/2169
f 2174/2174 2173/2173 2177/2177
f 2177/2177 2178/2178 2174/2174
f 2178/2178 2177/2177 2179/2179
f 2179/2179 2180/2180 2178/2178
f 2182/2182 2178/2178 2180/2180
f 2180/2180 2181/2181 2182/2182
f 2175/2175 2174/2174 2178/2178
f 2178/2178 2182/2182 2175/2175
f 2180/2180 2179/2179 2183/2183
f 2183/2183 2184/2184 2180/2180
f 2184/2184 2183/2183 2185/2185
f 2185/2185 2186/2186 2184/2184
f 2188/2188 2184/2184 2186/2186
f 2186/2186 2187/2187 2188/2188
f 2181/2181 2180/2180 2184/2184
f 2184/2184 2188/2188 2181/2181
f 2186/2186 2185/2185 2189/2189
f 2189/2189 2190/2190 2186/2186
f 2190/2190 2189/2189 2191/2191
f 2191/2191 2192/2192 2190/2190
f 2194/2194 2190/2190 2192/2192
f 2192/2192 2193/2193 2194/2194
f 2187/2187 2186/2186 2190/2190
f 2190/2190 2194/2194 2187/2187
f 2192/2192 2191/2191 2195/2195
f 2195/2195 2196/2196 2192/2192
f 2196/2196 2195/2195 2197/2197
f 2197/2197 2198/2198 2196/2196
f 2200/2200 2196/2196 2198/2198
f 2198/2198 2199/2199 2200/2200
f 2193/2193 2192/2192 2196/2196
f 2196/2196 2200/2200 2193/2193
f 2198/2198 2197/2197 2201/2201
f 2201/2201 2202/2202 2198/2198
f 2202/2202 2201/2201 2203/2203
f 2203/2203 2204/2204 2202/2202
f 2206/2206 2202/2202 2204/2204
f 2204/2204 2205/2205 2206/2206
f 2199/2199 2198/2198 2202/2202
f 2202/2202 2206/2206 2199/2199
f 2204/2204 2203/2203 2207/2207
f 2207/2207 2208/2208 2204/2204
f 2208/2208 2207/2207 2209/2209
f 2209/2209 2210/2210 2208/2208
f 2212/2212 2208/2208 2210/2210
f 2210/2210 2211/2211 2212/2212
f 2205/2205 2204/2204 2208/2208
f 2208/2208 2212/2212 2205/2205
f 2210/2210 2209/2209 2213/2213
f 2213/2213 2214/2214 2210/2210
f 2214/2214 2213/2213 2215/2215
f 2215/2215 2216/2216 2214/2214
f 2218/2218 2214/2214 2216/2216
f 2216/2216 2217/2217 2218/2218
f 2211/2211 2210/2210 2214/2214
f 2214/2214 2218/2218 2211/2211
f 2216/2216 2215/2215 2219/2219
f 2219/2219 2220/2220 2216/2216
f 2220/2220 2219/2219 2221/2221
f 2221/2221 2222/2222 2220/2220
f 2224/2224 2220/2220 2222/2222
f 2222/2222 2223/2223 2224/2224
f 2217/2217 2216/2216 2220/2220
f 2220/2220 2224/2224 2217/2217
f 2222/2222 2221/2221 2225/2225
f 2225/2225 2226/2226 2222/2222
f 2226/2226 2225/2225 2227/2227
f 2227/2227 2228/2228 2226/2226
f 2230/2230 2226/2226 2228/2228
f 2228/2228 2229/2229 2230/2230
f 2223/2223 2222/2222 2226/2226
f 2226/2226 2230/2230 2223/2223
f 2228/2228 2227/2227 2231/2231
f 2231/2231 2232/2232 2228/2228
f 2232/2232 2231/2231 2233/2233
f 2233/2233 2234/2234 2232/2232
f 2236/2236 2232/2232 2234/2234
f 2234/2234 2235/2235 2236/2236
f 2229/2229 2228/2228 2232/2232
f 2232/2232 2236/2236 2229/2229
f 2234/2234 2233/2233 2237/2237
f 2237/2237 2238/2238 2234/2234
f 2238/2238 2237/2237 2239/2239
f 2239/2239 2240/2240 2238/2238
f 2242/2242 2238/2238 2240/2240
f 2240/2240 2241/2241 2242/2242
f 2235/2235 2234/2234 2238/2238
f 2238/2238 2242/2242 2235/2235
f 2240/2240 2239/2239 2243/2243
f 2243/2243 2244/2244 2240/2240
f 2244/2244 2243/2243 2129/2129
f 2129/2129 2132/2132 2244/2244
f 2245/2245 2244/2244 2132/2132
f 2132/2132 1963/1963 2245/2245
f 2241/2241 2240/2240 2244/2244
f 2244/2244 2245/2245 2241/2241
f 2247/2247 2054/2054 2053/2053
f 2053/2053 2246/2246 2247/2247
f 2246/2246 2053/2053 2052/2052
f 2052/2052 2248/2248 2246/2246
f 2130/2130 2246/2246 2248/2248
f 2248/2248 2133/2133 2130/2130
f 2129/2129 2247/2247 2246/2246
f 2246/2246 2130/2130 2129/2129
f 2250/2250 2125/2125 2128/2128
f 2128/2128 2249/2249 2250/2250
f 2249/2249 2128/2128 2054/2054
f 2054/2054 2247/2247 2249/2249
f 2243/2243 2249/2249 2247/2247
f 2247/2247 2129/2129 2243/2243
f 2239/2239 2250/2250 2249/2249
f 2249/2249 2243/2243 2239/2239
f 2252/2252 2137/2137 2135/2135
f 2135/2135 2251/2251 2252/2252
f 2251/2251 2135/2135 2133/2133
f 2133/2133 2248/2248 2251/2251
f 2058/2058 2251/2251 2248/2248
f 2248/2248 2052/2052 2058/2058
f 2057/2057 2252/2252 2251/2251
f 2251/2251 2058/2058 2057/2057
f 2254/2254 2143/2143 2141/2141
f 2141/2141 2253/2253 2254/2254
f 2253/2253 2141/2141 2137/2137
f 2137/2137 2252/2252 2253/2253
f 2062/2062 2253/2253 2252/2252
f 2252/2252 2057/2057 2062/2062
f 2061/2061 2254/2254 2253/2253
f 2253/2253 2062/2062 2061/2061
f 2256/2256 2149/2149 2147/2147
f 2147/2147 2255/2255 2256/2256
f 2255/2255 2147/2147 2143/2143
f 2143/2143 2254/2254 2255/2255
f 2066/2066 2255/2255 2254/2254
f 2254/2254 2061/2061 2066/2066
f 2065/2065 2256/2256 2255/2255
f 2255/2255 2066/2066 2065/2065
f 2258/2258 2155/2155 2153/2153
f 2153/2153 2257/2257 2258/2258
f 2257/2257 2153/2153 2149/2149
f 2149/2149 2256/2256 2257/2257
f 2070/2070 2257/2257 2256/2256
f 2256/2256 2065/2065 2070/2070
f 2069/2069 2258/2258 2257/2257
f 2257/2257 2070/2070 2069/2069
f 2260/2260 2161/2161 2159/2159
f 2159/2159 2259/2259 2260/2260
f 2259/2259 2159/2159 2155/2155
f 2155/2155 2258/2258 2259/2259
f 2074/2074 2259/2259 2258/2258
f 2258/2258 2069/2069 2074/2074
f 2073/2073 2260/2260 2259/2259
f 2259/2259 2074/2074 2073/2073
f 2262/2262 2167/2167 2165/2165
f 2165/2165 2261/2261 2262/2262
f 2261/2261 2165/2165 2161/2161
f 2161/2161 2260/2260 2261/2261
f 2078/2078 2261/2261 2260/2260
f 2260/2260 2073/2073 2078/2078
f 2077/2077 2262/2262 2261/2261
f 2261/2261 2078/2078 2077/2077
f 2264/2264 2173/2173 2171/2171
f 2171/2171 2263/2263 2264/2264
f 2263/2263 2171/2171 2167/2167
f 2167/2167 2262/2262 2263/2263
f 2082/2082 2263/2263 2262/2262
f 2262/2262 2077/2077 2082/2082
f 2081/2081 2264/2264 2263/2263
f 2263/2263 2082/2082 2081/2081
f 2266/2266 2179/2179 2177/2177
f 2177/2177 2265/2265 2266/2266
f 2265/2265 2177/2177 2173/2173
f 2173/2173 2264/2264 2265/2265
f 2086/2086 2265/2265 2264/2264
f 2264/2264 2081/2081 2086/2086
f 2085/2085 2266/2266 2265/2265
f 2265/2265 2086/2086 2085/2085
f 2268/2268 2185/2185 2183/2183
f 2183/2183 2267/2267 2268/2268
f 2267/2267 2183/2183 2179/2179
f 2179/2179 2266/2266 2267/2267
f 2090/2090 2267/2267 2266/2266
f 2266/2266 2085/2085 2090/2090
f 2089/2089 2268/2268 2267/2267
f 2267/2267 2090/2090 2089/2089
f 2270/2270 2191/2191 2189/2189
f 2189/2189 2269/2269 2270/2270
f 2269/2269 2189/2189 2185/2185
f 2185/2185 2268/2268 2269/2269
f 2094/2094 2269/2269 2268/2268
f 2268/2268 2089/2089 2094/2094
f 2093/2093 2270/2270 2269/2269
f 2269/2269 2094/2094 2093/2093
f 2272/2272 2197/2197 2195/2195
f 2195/2195 2271/2271 2272/2272
f 2271/2271 2195/2195 2191/2191
f 2191/2191 2270/2270 2271/2271
f 2098/2098 2271/2271 2270/2270
f 2270/2270 2093/2093 2098/2098
f 2097/2097 2272/2272 2271/2271
f 2271/2271 2098/2098 2097/2097
f 2274/2274 2203/2203 2201/2201
f 2201/2201 2273/2273 2274/2274
f 2273/2273 2201/2201 2197/2197
f 2197/2197 2272/2272 2273/2273
f 2102/2102 2273/2273 2272/2272
f 2272/2272 2097/2097 2102/2102
f 2101/2101 2274/2274 2273/2273
f 2273/2273 2102/2102 2101/2101
f 2276/2276 2209/2209 2207/2207
f 2207/2207 2275/2275 2276/2276
f 2275/2275 2207/2207 2203/2203
f 2203/2203 2274/2274 2275/2275
f 2106/2106 2275/2275 2274/2274
f 2274/2274 2101/2101 2106/2106
f 2105/2105 2276/2276 2275/2275
f 2275/2275 2106/2106 2105/2105
f 2278/2278 2215/2215 2213/2213
f 2213/2213 2277/2277 2278/2278
f 2277/2277 2213/2213 2209/2209
f 2209/2209 2276/2276 2277/2277
f 2110/2110 2277/2277 2276/2276
f 2276/2276 2105/2105 2110/2110
f 2109/2109 2278/2278 2277/2277
f 2277/2277 2110/2110 2109/2109
f 2280/2280 2221/2221 2219/2219
f 2219/2219 2279/2279 2280/2280
f 2279/2279 2219/2219 2215/2215
f 2215/2215 2278/2278 2279/2279
f 2114/2114 2279/2279 2278/2278
f 2278/2278 2109/2109 2114/2114
f 2113/2113 2280/2280 2279/2279
f 2279/2279 2114/2114 2113/2113
f 2282/2282 2227/2227 2225/2225
f 2225/2225 2281/2281 2282/2282
f 2281/2281 2225/2225 2221/2221
f 2221/2221 2280/2280 2281/2281
f 2118/2118 2281/2281 2280/2280
f 2280/2280 2113/2113 2118/2118
f 2117/2117 2282/2282 2281/2281
f 2281/2281 2118/2118 2117/2117
f 2284/2284 2233/2233 2231/2231
f 2231/2231 2283/2283 2284/2284
f 2283/2283 2231/2231 2227/2227
f 2227/2227 2282/2282 2283/2283
f 2122/2122 2283/2283 2282/2282
f 2282/2282 2117/2117 2122/2122
f 2121/2121 2284/2284 2283/2283
f 2283/2283 2122/2122 2121/2121
f 2126/2126 2125/2125 2250/2250
f 2250/2250 2285/2285 2126/2126
f 2285/2285 2250/2250 2239/2239
f 2239/2239 2237/2237 2285/2285
f 2284/2284 2285/2285 2237/2237
f 2237/2237 2233/2233 2284/2284
f 2121/2121 2126/2126 2285/2285
f 2285/2285 2284/2284 2121/2121
f 2287/2287 1975/1975 1978/1978
f 1978/1978 2286/2286 2287/2287
f 2286/2286 1978/1978 1969/1969
f 1969/1969 1968/1968 2286/2286
f 2140/2140 2286/2286 1968/1968
f 1968/1968 1967/1967 2140/2140
f 2139/2139 2287/2287 2286/2286
f 2286/2286 2140/2140 2139/2139
f 2289/2289 1979/1979 1982/1982
f 1982/1982 2288/2288 2289/2289
f 2288/2288 1982/1982 1975/1975
f 1975/1975 2287/2287 2288/2288
f 2146/2146 2288/2288 2287/2287
f 2287/2287 2139/2139 2146/2146
f 2145/2145 2289/2289 2288/2288
f 2288/2288 2146/2146 2145/2145
f 2291/2291 1983/1983 1986/1986
f 1986/1986 2290/2290 2291/2291
f 2290/2290 1986/1986 1979/1979
f 1979/1979 2289/2289 2290/2290
f 2152/2152 2290/2290 2289/2289
f 2289/2289 2145/2145 2152/2152
f 2151/2151 2291/2291 2290/2290
f 2290/2290 2152/2152 2151/2151
f 2293/2293 1987/1987 1990/1990
f 1990/1990 2292/2292 2293/2293
f 2292/2292 1990/1990 1983/1983
f 1983/1983 2291/2291 2292/2292
f 2158/2158 2292/2292 2291/2291
f 2291/2291 2151/2151 2158/2158
f 2157/2157 2293/2293 2292/2292
f 2292/2292 2158/2158 2157/2157
f 2295/2295 1991/1991 1994/1994
f 1994/1994 2294/2294 2295/2295
f 2294/2294 1994/1994 1987/1987
f 1987/1987 2293/2293 2294/2294
f 2164/2164 2294/2294 2293/2293
f 2293/2293 2157/2157 2164/2164
f 2163/2163 2295/2295 2294/2294
f 2294/2294 2164/2164 2163/2163
f 2297/2297 1995/1995 1998/1998
f 1998/1998 2296/2296 2297/2297
f 2296/2296 1998/1998 1991/1991
f 1991/1991 2295/2295 2296/2296
f 2170/2170 2296/2296 2295/2295
f 2295/2295 2163/2163 2170/2170
f 2169/2169 2297/2297 2296/2296
f 2296/2296 2170/2170 2169/2169
f 2299/2299 1999/1999 2002/2002
f 2002/2002 2298/2298 2299/2299
f 2298/2298 2002/2002 1995/1995
f 1995/1995 2297/2297 2298/2298
f 2176/2176 2298/2298 2297/2297
f 2297/2297 2169/2169 2176/2176
f 2175/2175 2299/2299 2298/2298
f 2298/2298 2176/2176 2175/2175
f 2301/2301 2003/2003 2006/2006
f 2006/2006 2300/2300 2301/2301
f 2300/2300 2006/2006 1999/1999
f 1999/1999 2299/2299 2300/2300
f 2182/2182 2300/2300 2299/2299
f 2299/2299 2175/2175 2182/2182
f 2181/2181 2301/2301 2300/2300
f 2300/2300 2182/2182 2181/2181
f 2303/2303 2007/2007 2010/2010
f 2010/2010 2302/2302 2303/2303
f 2302/2302 2010/2010 2003/2003
f 2003/2003 2301/2301 2302/2302
f 2188/2188 2302/2302 2301/2301
f 2301/2301 2181/2181 2188/2188
f 2187/2187 2303/2303 2302/2302
f 2302/2302 2188/2188 2187/2187
f 2305/2305 2011/2011 2014/2014
f 2014/2014 2304/2304 2305/2305
f 2304/2304 2014/2014 2007/2007
f 2007/2007 2303/2303 2304/2304
f 2194/2194 2304/2304 2303/2303
f 2303/2303 2187/2187 2194/2194
f 2193/2193 2305/2305 2304/2304
f 2304/2304 2194/2194 2193/2193
f 2307/2307 2015/2015 2018/2018
f 2018/2018 2306/2306 2307/2307
f 2306/2306 2018/2018 2011/2011
f 2011/2011 2305/2305 2306/2306
f 2200/2200 2306/2306 2305/2305
f 2305/2305 2193/2193 2200/2200
f 2199/2199 2307/2307 2306/2306
f 2306/2306 2200/2200 2199/2199
f 2309/2309 2019/2019 2022/2022
f 2022/2022 2308/2308 2309/2309
f 2308/2308 2022/2022 2015/2015
f 2015/2015 2307/2307 2308/2308
f 2206/2206 2308/2308 2307/2307
f 2307/2307 2199/2199 2206/2206
f 2205/2205 2309/2309 2308/2308
f 2308/2308 2206/2206 2205/2205
f 2311/2311 2023/2023 2026/2026
f 2026/2026 2310/2310 2311/2311
f 2310/2310 2026/2026 2019/2019
f 2019/2019 2309/2309 2310/2310
f 2212/2212 2310/2310 2309/2309
f 2309/2309 2205/2205 2212/2212
f 2211/2211 2311/2311 2310/2310
f 2310/2310 2212/2212 2211/2211
f 2313/2313 2027/2027 2030/2030
f 2030/2030 2312/2312 2313/2313
f 2312/2312 2030/2030 2023/2023
f 2023/2023 2311/2311 2312/2312
f 2218/2218 2312/2312 2311/2311
f 2311/2311 2211/2211 2218/2218
f 2217/2217 2313/2313 2312/2312
f 2312/2312 2218/2218 2217/2217
f 2315/2315 2031/2031 2034/2034
f 2034/2034 2314/2314 2315/2315
f 2314/2314 2034/2034 2027/2027
f 2027/2027 2313/2313 2314/2314
f 2224/2224 2314/2314 2313/2313
f 2313/2313 2217/2217 2224/2224
f 2223/2223 2315/2315 2314/2314
f 2314/2314 2224/2224 2223/2223
f 2317/2317 2038/2038 2037/2037
f 2037/2037 2316/2316 2317/2317
f 2316/2316 2037/2037 2031/2031
f 2031/2031 2315/2315 2316/2316
f 2230/2230 2316/2316 2315/2315
f 2315/2315 2223/2223 2230/2230
f 2229/2229 2317/2317 2316/2316
f 2316/2316 2230/2230 2229/2229
f 2319/2319 2039/2039 2042/2042
f 2042/2042 2318/2318 2319/2319
f 2318/2318 2042/2042 2038/2038
f 2038/2038 2317/2317 2318/2318
f 2236/2236 2318/2318 2317/2317
f 2317/2317 2229/2229 2236/2236
f 2235/2235 2319/2319 2318/2318
f 2318/2318 2236/2236 2235/2235
f 2321/2321 2043/2043 2046/2046
f 2046/2046 2320/2320 2321/2321
f 2320/2320 2046/2046 2039/2039
f 2039/2039 2319/2319 2320/2320
f 2242/2242 2320/2320 2319/2319
f 2319/2319 2235/2235 2242/2242
f 2241/2241 2321/2321 2320/2320
f 2320/2320 2242/2242 2241/2241
f 2048/2048 2043/2043 2321/2321
f 2321/2321 2322/2322 2048/2048
f 2322/2322 2321/2321 2241/2241
f 2241/2241 2245/2245 2322/2322
f 1966/1966 2322/2322 2245/2245
f 2245/2245 1963/1963 1966/1966
f 1971/1971 2048/2048 2322/2322
f 2322/2322 1966/1966 1971/1971
f 2324/2324 324/324 329/329
f 329/329 2323/2323 2324/2324
f 2323/2323 329/329 328/328
f 328/328 2325/2325 2323/2323
f 2327/2327 2323/2323 2325/2325
f 2325/2325 2326/2326 2327/2327
f 2328/2328 2324/2324 2323/2323
f 2323/2323 2327/2327 2328/2328
f 2325/2325 328/328 333/333
f 333/333 2329/2329 2325/2325
f 2329/2329 333/333 332/332
f 332/332 2330/2330 2329/2329
f 2332/2332 2329/2329 2330/2330
f 2330/2330 2331/2331 2332/2332
f 2326/2326 2325/2325 2329/2329
f 2329/2329 2332/2332 2326/2326
f 2330/2330 332/332 337/337
f 337/337 2333/2333 2330/2330
f 2333/2333 337/337 336/336
f 336/336 2334/2334 2333/2333
f 2336/2336 2333/2333 2334/2334
f 2334/2334 2335/2335 2336/2336
f 2331/2331 2330/2330 2333/2333
f 2333/2333 2336/2336 2331/2331
f 2334/2334 336/336 341/341
f 341/341 2337/2337 2334/2334
f 2337/2337 341/341 340/340
f 340/340 2338/2338 2337/2337
f 2340/2340 2337/2337 2338/2338
f 2338/2338 2339/2339 2340/2340
f 2335/2335 2334/2334 2337/2337
f 2337/2337 2340/2340 2335/2335
f 2338/2338 340/340 345/345
f 345/345 2341/2341 2338/2338
f 2341/2341 345/345 344/344
f 344/344 2342/2342 2341/2341
f 2344/2344 2341/2341 2342/2342
f 2342/2342 2343/2343 2344/2344
f 2339/2339 2338/2338 2341/2341
f 2341/2341 2344/2344 2339/2339
f 2342/2342 344/344 349/349
f 349/349 2345/2345 2342/2342
f 2345/2345 349/349 348/348
f 348/348 2346/2346 2345/2345
f 2348/2348 2345/2345 2346/2346
f 2346/2346 2347/2347 2348/2348
f 2343/2343 2342/2342 2345/2345
f 2345/2345 2348/2348 2343/2343
f 2346/2346 348/348 353/353
f 353/353 2349/2349 2346/2346
f 2349/2349 353/353 352/352
f 352/352 2350/2350 2349/2349
f 2352/2352 2349/2349 2350/2350
f 2350/2350 2351/2351 2352/2352
f 2347/2347 2346/2346 2349/2349
f 2349/2349 2352/2352 2347/2347
f 2350/2350 352/352 357/357
f 357/357 2353/2353 2350/2350
f 2353/2353 357/357 356/356
f 356/356 2354/2354 2353/2353
f 2356/2356 2353/2353 2354/2354
f 2354/2354 2355/2355 2356/2356
f 2351/2351 2350/2350 2353/2353
f 2353/2353 2356/2356 2351/2351
f 2354/2354 356/356 361/361
f 361/361 2357/2357 2354/2354
f 2357/2357 361/361 360/360
f 360/360 2358/2358 2357/2357
f 2360/2360 2357/2357 2358/2358
f 2358/2358 2359/2359 2360/2360
f 2355/2355 2354/2354 2357/2357
f 2357/2357 2360/2360 2355/2355
f 2358/2358 360/360 365/365
f 365/365 2361/2361 2358/2358
f 2361/2361 365/365 364/364
f 364/364 2362/2362 2361/2361
f 2364/2364 2361/2361 2362/2362
f 2362/2362 2363/2363 2364/2364
f 2359/2359 2358/2358 2361/2361
f 2361/2361 2364/2364 2359/2359
f 2366/2366 369/369 368/368
f 368/368 2365/2365 2366/2366
f 2365/2365 368/368 293/293
f 293/293 2367/2367 2365/2365
f 2369/2369 2365/2365 2367/2367
f 2367/2367 2368/2368 2369/2369
f 2370/2370 2366/2366 2365/2365
f 2365/2365 2369/2369 2370/2370
f 2367/2367 293/293 292/292
f 292/292 2371/2371 2367/2367
f 2371/2371 292/292 291/291
f 291/291 2372/2372 2371/2371
f 2374/2374 2371/2371 2372/2372
f 2372/2372 2373/2373 2374/2374
f 2368/2368 2367/2367 2371/2371
f 2371/2371 2374/2374 2368/2368
f 2372/2372 291/291 297/297
f 297/297 2375/2375 2372/2372
f 2375/2375 297/297 296/296
f 296/296 2376/2376 2375/2375
f 2378/2378 2375/2375 2376/2376
f 2376/2376 2377/2377 2378/2378
f 2373/2373 2372/2372 2375/2375
f 2375/2375 2378/2378 2373/2373
f 2376/2376 296/296 301/301
f 301/301 2379/2379 2376/2376
f 2379/2379 301/301 300/300
f 300/300 2380/2380 2379/2379
f 2382/2382 2379/2379 2380/2380
f 2380/2380 2381/2381 2382/2382
f 2377/2377 2376/2376 2379/2379
f 2379/2379 2382/2382 2377/2377
f 2380/2380 300/300 305/305
f 305/305 2383/2383 2380/2380
f 2383/2383 305/305 304/304
f 304/304 2384/2384 2383/2383
f 2386/2386 2383/2383 2384/2384
f 2384/2384 2385/2385 2386/2386
f 2381/2381 2380/2380 2383/2383
f 2383/2383 2386/2386 2381/2381
f 2384/2384 304/304 309/309
f 309/309 2387/2387 2384/2384
f 2387/2387 309/309 308/308
f 308/308 2388/2388 2387/2387
f 2390/2390 2387/2387 2388/2388
f 2388/2388 2389/2389 2390/2390
f 2385/2385 2384/2384 2387/2387
f 2387/2387 2390/2390 2385/2385
f 2388/2388 308/308 313/313
f 313/313 2391/2391 2388/2388
f 2391/2391 313/313 312/312
f 312/312 2392/2392 2391/2391
f 2394/2394 2391/2391 2392/2392
f 2392/2392 2393/2393 2394/2394
f 2389/2389 2388/2388 2391/2391
f 2391/2391 2394/2394 2389/2389
f 2392/2392 312/312 317/317
f 317/317 2395/2395 2392/2392
f 2395/2395 317/317 316/316
f 316/316 2396/2396 2395/2395
f 2398/2398 2395/2395 2396/2396
f 2396/2396 2397/2397 2398/2398
f 2393/2393 2392/2392 2395/2395
f 2395/2395 2398/2398 2393/2393
f 2396/2396 316/316 321/321
f 321/321 2399/2399 2396/2396
f 2399/2399 321/321 320/320
f 320/320 2400/2400 2399/2399
f 2402/2402 2399/2399 2400/2400
f 2400/2400 2401/2401 2402/2402
f 2397/2397 2396/2396 2399/2399
f 2399/2399 2402/2402 2397/2397
f 2406/2406 2403/2403 2404/2404
f 2404/2404 2405/2405 2406/2406
f 2405/2405 2404/2404 2407/2407
f 2407/2407 2408/2408 2405/2405
f 2410/2410 2405/2405 2408/2408
f 2408/2408 2409/2409 2410/2410
f 2411/2411 2406/2406 2405/2405
f 2405/2405 2410/2410 2411/2411
f 2414/2414 2328/2328 2412/2412
f 2412/2412 2413/2413 2414/2414
f 2413/2413 2412/2412 2415/2415
f 2415/2415 2416/2416 2413/2413
f 2418/2418 2413/2413 2416/2416
f 2416/2416 2417/2417 2418/2418
f 2419/2419 2414/2414 2413/2413
f 2413/2413 2418/2418 2419/2419
f 2416/2416 2415/2415 2420/2420
f 2420/2420 2421/2421 2416/2416
f 2421/2421 2420/2420 2422/2422
f 2422/2422 2423/2423 2421/2421
f 2425/2425 2421/2421 2423/2423
f 2423/2423 2424/2424 2425/2425
f 2417/2417 2416/2416 2421/2421
f 2421/2421 2425/2425 2417/2417
f 2423/2423 2422/2422 2426/2426
f 2426/2426 2427/2427 2423/2423
f 2427/2427 2426/2426 2428/2428
f 2428/2428 2429/2429 2427/2427
f 2431/2431 2427/2427 2429/2429
f 2429/2429 2430/2430 2431/2431
f 2424/2424 2423/2423 2427/2427
f 2427/2427 2431/2431 2424/2424
f 2429/2429 2428/2428 2432/2432
f 2432/2432 2433/2433 2429/2429
f 2433/2433 2432/2432 2434/2434
f 2434/2434 2435/2435 2433/2433
f 2437/2437 2433/2433 2435/2435
f 2435/2435 2436/2436 2437/2437
f 2430/2430 2429/2429 2433/2433
f 2433/2433 2437/2437 2430/2430
f 2435/2435 2434/2434 2438/2438
f 2438/2438 2439/2439 2435/2435
f 2439/2439 2438/2438 2440/2440
f 2440/2440 2441/2441 2439/2439
f 2443/2443 2439/2439 2441/2441
f 2441/2441 2442/2442 2443/2443
f 2436/2436 2435/2435 2439/2439
f 2439/2439 2443/2443 2436/2436
f 2441/2441 2440/2440 2444/2444
f 2444/2444 2445/2445 2441/2441
f 2445/2445 2444/2444 2446/2446
f 2446/2446 2447/2447 2445/2445
f 2449/2449 2445/2445 2447/2447
f 2447/2447 2448/2448 2449/2449
f 2442/2442 2441/2441 2445/2445
f 2445/2445 2449/2449 2442/2442
f 2447/2447 2446/2446 2450/2450
f 2450/2450 2451/2451 2447/2447
f 2451/2451 2450/2450 2452/2452
f 2452/2452 2453/2453 2451/2451
f 2455/2455 2451/2451 2453/2453
f 2453/2453 2454/2454 2455/2455
f 2448/2448 2447/2447 2451/2451
f 2451/2451 2455/2455 2448/2448
f 2453/2453 2452/2452 2456/2456
f 2456/2456 2457/2457 2453/2453
f 2457/2457 2456/2456 2458/2458
f 2458/2458 2459/2459 2457/2457
f 2461/2461 2457/2457 2459/2459
f 2459/2459 2460/2460 2461/2461
f 2454/2454 2453/2453 2457/2457
f 2457/2457 2461/2461 2454/2454
f 2459/2459 2458/2458 2462/2462
f 2462/2462 2463/2463 2459/2459
f 2463/2463 2462/2462 2464/2464
f 2464/2464 2465/2465 2463/2463
f 2467/2467 2463/2463 2465/2465
f 2465/2465 2466/2466 2467/2467
f 2460/2460 2459/2459 2463/2463
f 2463/2463 2467/2467 2460/2460
f 2465/2465 2464/2464 2468/2468
f 2468/2468 2469/2469 2465/2465
f 2469/2469 2468/2468 2470/2470
f 2470/2470 2471/2471 2469/2469
f 2473/2473 2469/2469 2471/2471
f 2471/2471 2472/2472 2473/2473
f 2466/2466 2465/2465 2469/2469
f 2469/2469 2473/2473 2466/2466
f 2477/2477 2474/2474 2475/2475
f 2475/2475 2476/2476 2477/2477
f 2476/2476 2475/2475 2478/2478
f 2478/2478 2479/2479 2476/2476
f 2481/2481 2476/2476 2479/2479
f 2479/2479 2480/2480 2481/2481
f 2482/2482 2477/2477 2476/2476
f 2476/2476 2481/2481 2482/2482
f 2479/2479 2478/2478 2483/2483
f 2483/2483 2484/2484 2479/2479
f 2484/2484 2483/2483 2485/2485
f 2485/2485 2486/2486 2484/2484
f 2488/2488 2484/2484 2486/2486
f 2486/2486 2487/2487 2488/2488
f 2480/2480 2479/2479 2484/2484
f 2484/2484 2488/2488 2480/2480
f 2486/2486 2485/2485 2489/2489
f 2489/2489 2490/2490 2486/2486
f 2490/2490 2489/2489 2491/2491
f 2491/2491 2492/2492 2490/2490
f 2494/2494 2490/2490 2492/2492
f 2492/2492 2493/2493 2494/2494
f 2487/2487 2486/2486 2490/2490
f 2490/2490 2494/2494 2487/2487
f 2492/2492 2491/2491 2495/2495
f 2495/2495 2496/2496 2492/2492
f 2496/2496 2495/2495 2497/2497
f 2497/2497 2498/2498 2496/2496
f 2500/2500 2496/2496 2498/2498
f 2498/2498 2499/2499 2500/2500
f 2493/2493 2492/2492 2496/2496
f 2496/2496 2500/2500 2493/2493
f 2498/2498 2497/2497 2501/2501
f 2501/2501 2502/2502 2498/2498
f 2502/2502 2501/2501 2503/2503
f 2503/2503 2504/2504 2502/2502
f 2506/2506 2502/2502 2504/2504
f 2504/2504 2505/2505 2506/2506
f 2499/2499 2498/2498 2502/2502
f 2502/2502 2506/2506 2499/2499
f 2504/2504 2503/2503 2507/2507
f 2507/2507 2508/2508 2504/2504
f 2508/2508 2507/2507 2509/2509
f 2509/2509 2510/2510 2508/2508
f 2512/2512 2508/2508 2510/2510
f 2510/2510 2511/2511 2512/2512
f 2505/2505 2504/2504 2508/2508
f 2508/2508 2512/2512 2505/2505
f 2510/2510 2509/2509 2513/2513
f 2513/2513 2514/2514 2510/2510
f 2514/2514 2513/2513 2515/2515
f 2515/2515 2516/2516 2514/2514
f 2518/2518 2514/2514 2516/2516
f 2516/2516 2517/2517 2518/2518
f 2511/2511 2510/2510 2514/2514
f 2514/2514 2518/2518 2511/2511
f 2516/2516 2515/2515 2519/2519
f 2519/2519 2520/2520 2516/2516
f 2520/2520 2519/2519 2521/2521
f 2521/2521 2522/2522 2520/2520
f 2524/2524 2520/2520 2522/2522
f 2522/2522 2523/2523 2524/2524
f 2517/2517 2516/2516 2520/2520
f 2520/2520 2524/2524 2517/2517
f 2522/2522 2521/2521 2525/2525
f 2525/2525 2526/2526 2522/2522
f 2526/2526 2525/2525 2527/2527
f 2527/2527 2528/2528 2526/2526
f 2530/2530 2526/2526 2528/2528
f 2528/2528 2529/2529 2530/2530
f 2523/2523 2522/2522 2526/2526
f 2526/2526 2530/2530 2523/2523
f 2528/2528 2527/2527 2531/2531
f 2531/2531 2532/2532 2528/2528
f 2532/2532 2531/2531 2533/2533
f 2533/2533 2534/2534 2532/2532
f 2536/2536 2532/2532 2534/2534
f 2534/2534 2535/2535 2536/2536
f 2529/2529 2528/2528 2532/2532
f 2532/2532 2536/2536 2529/2529
f 2534/2534 2533/2533 2537/2537
f 2537/2537 2538/2538 2534/2534
f 2538/2538 2537/2537 2539/2539
f 2539/2539 2540/2540 2538/2538
f 2542/2542 2538/2538 2540/2540
f 2540/2540 2541/2541 2542/2542
f 2535/2535 2534/2534 2538/2538
f 2538/2538 2542/2542 2535/2535
f 2540/2540 2539/2539 2543/2543
f 2543/2543 2544/2544 2540/2540
f 2544/2544 2543/2543 2545/2545
f 2545/2545 2546/2546 2544/2544
f 2548/2548 2544/2544 2546/2546
f 2546/2546 2547/2547 2548/2548
f 2541/2541 2540/2540 2544/2544
f 2544/2544 2548/2548 2541/2541
f 2546/2546 2545/2545 2549/2549
f 2549/2549 2550/2550 2546/2546
f 2550/2550 2549/2549 2551/2551
f 2551/2551 2552/2552 2550/2550
f 2554/2554 2550/2550 2552/2552
f 2552/2552 2553/2553 2554/2554
f 2547/2547 2546/2546 2550/2550
f 2550/2550 2554/2554 2547/2547
f 2552/2552 2551/2551 2555/2555
f 2555/2555 2556/2556 2552/2552
f 2556/2556 2555/2555 2557/2557
f 2557/2557 2558/2558 2556/2556
f 2560/2560 2556/2556 2558/2558
f 2558/2558 2559/2559 2560/2560
f 2553/2553 2552/2552 2556/2556
f 2556/2556 2560/2560 2553/2553
f 2558/2558 2557/2557 2561/2561
f 2561/2561 2562/2562 2558/2558
f 2562/2562 2561/2561 2563/2563
f 2563/2563 2564/2564 2562/2562
f 2565/2565 2562/2562 2564/2564
f 2564/2564 453/453 2565/2565
f 2559/2559 2558/2558 2562/2562
f 2562/2562 2565/2565 2559/2559
f 2569/2569 2566/2566 2567/2567
f 2567/2567 2568/2568 2569/2569
f 2567/2567 453/453 2570/2570
f 2570/2570 2568/2568 2567/2567
f 2570/2570 2571/2571 2569/2569
f 2569/2569 2568/2568 2570/2570
f 2575/2575 2572/2572 2573/2573
f 2573/2573 2574/2574 2575/2575
f 2574/2574 2573/2573 2566/2566
f 2566/2566 2569/2569 2574/2574
f 2576/2576 2574/2574 2569/2569
f 2569/2569 2571/2571 2576/2576
f 2577/2577 2575/2575 2574/2574
f 2574/2574 2576/2576 2577/2577
f 2581/2581 2578/2578 2579/2579
f 2579/2579 2580/2580 2581/2581
f 2580/2580 2579/2579 2572/2572
f 2572/2572 2575/2575 2580/2580
f 2582/2582 2580/2580 2575/2575
f 2575/2575 2577/2577 2582/2582
f 2583/2583 2581/2581 2580/2580
f 2580/2580 2582/2582 2583/2583
f 2587/2587 2584/2584 2585/2585
f 2585/2585 2586/2586 2587/2587
f 2586/2586 2585/2585 2578/2578
f 2578/2578 2581/2581 2586/2586
f 2588/2588 2586/2586 2581/2581
f 2581/2581 2583/2583 2588/2588
f 2589/2589 2587/2587 2586/2586
f 2586/2586 2588/2588 2589/2589
f 2593/2593 2590/2590 2591/2591
f 2591/2591 2592/2592 2593/2593
f 2592/2592 2591/2591 2584/2584
f 2584/2584 2587/2587 2592/2592
f 2594/2594 2592/2592 2587/2587
f 2587/2587 2589/2589 2594/2594
f 2595/2595 2593/2593 2592/2592
f 2592/2592 2594/2594 2595/2595
f 2599/2599 2596/2596 2597/2597
f 2597/2597 2598/2598 2599/2599
f 2598/2598 2597/2597 2590/2590
f 2590/2590 2593/2593 2598/2598
f 2600/2600 2598/2598 2593/2593
f 2593/2593 2595/2595 2600/2600
f 2601/2601 2599/2599 2598/2598
f 2598/2598 2600/2600 2601/2601
f 2605/2605 2602/2602 2603/2603
f 2603/2603 2604/2604 2605/2605
f 2604/2604 2603/2603 2596/2596
f 2596/2596 2599/2599 2604/2604
f 2606/2606 2604/2604 2599/2599
f 2599/2599 2601/2601 2606/2606
f 2607/2607 2605/2605 2604/2604
f 2604/2604 2606/2606 2607/2607
f 2611/2611 2608/2608 2609/2609
f 2609/2609 2610/2610 2611/2611
f 2610/2610 2609/2609 2602/2602
f 2602/2602 2605/2605 2610/2610
f 2612/2612 2610/2610 2605/2605
f 2605/2605 2607/2607 2612/2612
f 2613/2613 2611/2611 2610/2610
f 2610/2610 2612/2612 2613/2613
f 2617/2617 2614/2614 2615/2615
f 2615/2615 2616/2616 2617/2617
f 2616/2616 2615/2615 2608/2608
f 2608/2608 2611/2611 2616/2616
f 2618/2618 2616/2616 2611/2611
f 2611/2611 2613/2613 2618/2618
f 2619/2619 2617/2617 2616/2616
f 2616/2616 2618/2618 2619/2619
f 2623/2623 2620/2620 2621/2621
f 2621/2621 2622/2622 2623/2623
f 2622/2622 2621/2621 2614/2614
f 2614/2614 2617/2617 2622/2622
f 2624/2624 2622/2622 2617/2617
f 2617/2617 2619/2619 2624/2624
f 2625/2625 2623/2623 2622/2622
f 2622/2622 2624/2624 2625/2625
f 2629/2629 2626/2626 2627/2627
f 2627/2627 2628/2628 2629/2629
f 2628/2628 2627/2627 2620/2620
f 2620/2620 2623/2623 2628/2628
f 2630/2630 2628/2628 2623/2623
f 2623/2623 2625/2625 2630/2630
f 2631/2631 2629/2629 2628/2628
f 2628/2628 2630/2630 2631/2631
f 2635/2635 2632/2632 2633/2633
f 2633/2633 2634/2634 2635/2635
f 2634/2634 2633/2633 2626/2626
f 2626/2626 2629/2629 2634/2634
f 2636/2636 2634/2634 2629/2629
f 2629/2629 2631/2631 2636/2636
f 2637/2637 2635/2635 2634/2634
f 2634/2634 2636/2636 2637/2637
f 2641/2641 2638/2638 2639/2639
f 2639/2639 2640/2640 2641/2641
f 2640/2640 2639/2639 2632/2632
f 2632/2632 2635/2635 2640/2640
f 2642/2642 2640/2640 2635/2635
f 2635/2635 2637/2637 2642/2642
f 2643/2643 2641/2641 2640/2640
f 2640/2640 2642/2642 2643/2643
f 2647/2647 2644/2644 2645/2645
f 2645/2645 2646/2646 2647/2647
f 2646/2646 2645/2645 2638/2638
f 2638/2638 2641/2641 2646/2646
f 2648/2648 2646/2646 2641/2641
f 2641/2641 2643/2643 2648/2648
f 2649/2649 2647/2647 2646/2646
f 2646/2646 2648/2648 2649/2649
f 2653/2653 2650/2650 2651/2651
f 2651/2651 2652/2652 2653/2653
f 2652/2652 2651/2651 2644/2644
f 2644/2644 2647/2647 2652/2652
f 2654/2654 2652/2652 2647/2647
f 2647/2647 2649/2649 2654/2654
f 2655/2655 2653/2653 2652/2652
f 2652/2652 2654/2654 2655/2655
f 2659/2659 2656/2656 2657/2657
f 2657/2657 2658/2658 2659/2659
f 2658/2658 2657/2657 2660/2660
f 2660/2660 2661/2661 2658/2658
f 2663/2663 2658/2658 2661/2661
f 2661/2661 2662/2662 2663/2663
f 2664/2664 2659/2659 2658/2658
f 2658/2658 2663/2663 2664/2664
f 2668/2668 2665/2665 2666/2666
f 2666/2666 2667/2667 2668/2668
f 2667/2667 2666/2666 2656/2656
f 2656/2656 2659/2659 2667/2667
f 2669/2669 2667/2667 2659/2659
f 2659/2659 2664/2664 2669/2669
f 2670/2670 2668/2668 2667/2667
f 2667/2667 2669/2669 2670/2670
f 2674/2674 2671/2671 2672/2672
f 2672/2672 2673/2673 2674/2674
f 2673/2673 2672/2672 2665/2665
f 2665/2665 2668/2668 2673/2673
f 2675/2675 2673/2673 2668/2668
f 2668/2668 2670/2670 2675/2675
f 2676/2676 2674/2674 2673/2673
f 2673/2673 2675/2675 2676/2676
f 2680/2680 2677/2677 2678/2678
f 2678/2678 2679/2679 2680/2680
f 2679/2679 2678/2678 2671/2671
f 2671/2671 2674/2674 2679/2679
f 2681/2681 2679/2679 2674/2674
f 2674/2674 2676/2676 2681/2681
f 2682/2682 2680/2680 2679/2679
f 2679/2679 2681/2681 2682/2682
f 2686/2686 2683/2683 2684/2684
f 2684/2684 2685/2685 2686/2686
f 2685/2685 2684/2684 2677/2677
f 2677/2677 2680/2680 2685/2685
f 2687/2687 2685/2685 2680/2680
f 2680/2680 2682/2682 2687/2687
f 2688/2688 2686/2686 2685/2685
f 2685/2685 2687/2687 2688/2688
f 2692/2692 2689/2689 2690/2690
f 2690/2690 2691/2691 2692/2692
f 2691/2691 2690/2690 2683/2683
f 2683/2683 2686/2686 2691/2691
f 2693/2693 2691/2691 2686/2686
f 2686/2686 2688/2688 2693/2693
f 2694/2694 2692/2692 2691/2691
f 2691/2691 2693/2693 2694/2694
f 2698/2698 2695/2695 2696/2696
f 2696/2696 2697/2697 2698/2698
f 2697/2697 2696/2696 2689/2689
f 2689/2689 2692/2692 2697/2697
f 2699/2699 2697/2697 2692/2692
f 2692/2692 2694/2694 2699/2699
f 2700/2700 2698/2698 2697/2697
f 2697/2697 2699/2699 2700/2700
f 2704/2704 2701/2701 2702/2702
f 2702/2702 2703/2703 2704/2704
f 2703/2703 2702/2702 2695/2695
f 2695/2695 2698/2698 2703/2703
f 2705/2705 2703/2703 2698/2698
f 2698/2698 2700/2700 2705/2705
f 2706/2706 2704/2704 2703/2703
f 2703/2703 2705/2705 2706/2706
f 2710/2710 2707/2707 2708/2708
f 2708/2708 2709/2709 2710/2710
f 2709/2709 2708/2708 2701/2701
f 2701/2701 2704/2704 2709/2709
f 2711/2711 2709/2709 2704/2704
f 2704/2704 2706/2706 2711/2711
f 2712/2712 2710/2710 2709/2709
f 2709/2709 2711/2711 2712/2712
f 2408/2408 2407/2407 2713/2713
f 2713/2713 2714/2714 2408/2408
f 2714/2714 2713/2713 2707/2707
f 2707/2707 2710/2710 2714/2714
f 2715/2715 2714/2714 2710/2710
f 2710/2710 2712/2712 2715/2715
f 2409/2409 2408/2408 2714/2714
f 2714/2714 2715/2715 2409/2409
f 2718/2718 2328/2328 2716/2716
f 2716/2716 2717/2717 2718/2718
f 2716/2716 2719/2719 2720/2720
f 2720/2720 2717/2717 2716/2716
f 2720/2720 2721/2721 2718/2718
f 2718/2718 2717/2717 2720/2720
f 2725/2725 2722/2722 2723/2723
f 2723/2723 2724/2724 2725/2725
f 2724/2724 2723/2723 2403/2403
f 2403/2403 2406/2406 2724/2724
f 2726/2726 2724/2724 2406/2406
f 2406/2406 2411/2411 2726/2726
f 2727/2727 2725/2725 2724/2724
f 2724/2724 2726/2726 2727/2727
f 2731/2731 2728/2728 2729/2729
f 2729/2729 2730/2730 2731/2731
f 2730/2730 2729/2729 2722/2722
f 2722/2722 2725/2725 2730/2730
f 2732/2732 2730/2730 2725/2725
f 2725/2725 2727/2727 2732/2732
f 2733/2733 2731/2731 2730/2730
f 2730/2730 2732/2732 2733/2733
f 2737/2737 2734/2734 2735/2735
f 2735/2735 2736/2736 2737/2737
f 2736/2736 2735/2735 2728/2728
f 2728/2728 2731/2731 2736/2736
f 2738/2738 2736/2736 2731/2731
f 2731/2731 2733/2733 2738/2738
f 2739/2739 2737/2737 2736/2736
f 2736/2736 2738/2738 2739/2739
f 2743/2743 2740/2740 2741/2741
f 2741/2741 2742/2742 2743/2743
f 2742/2742 2741/2741 2734/2734
f 2734/2734 2737/2737 2742/2742
f 2744/2744 2742/2742 2737/2737
f 2737/2737 2739/2739 2744/2744
f 2745/2745 2743/2743 2742/2742
f 2742/2742 2744/2744 2745/2745
f 2749/2749 2746/2746 2747/2747
f 2747/2747 2748/2748 2749/2749
f 2748/2748 2747/2747 2740/2740
f 2740/2740 2743/2743 2748/2748
f 2750/2750 2748/2748 2743/2743
f 2743/2743 2745/2745 2750/2750
f 2751/2751 2749/2749 2748/2748
f 2748/2748 2750/2750 2751/2751
f 2755/2755 2752/2752 2753/2753
f 2753/2753 2754/2754 2755/2755
f 2754/2754 2753/2753 2746/2746
f 2746/2746 2749/2749 2754/2754
f 2756/2756 2754/2754 2749/2749
f 2749/2749 2751/2751 2756/2756
f 2757/2757 2755/2755 2754/2754
f 2754/2754 2756/2756 2757/2757
f 2761/2761 2758/2758 2759/2759
f 2759/2759 2760/2760 2761/2761
f 2760/2760 2759/2759 2752/2752
f 2752/2752 2755/2755 2760/2760
f 2762/2762 2760/2760 2755/2755
f 2755/2755 2757/2757 2762/2762
f 2763/2763 2761/2761 2760/2760
f 2760/2760 2762/2762 2763/2763
f 2767/2767 2764/2764 2765/2765
f 2765/2765 2766/2766 2767/2767
f 2766/2766 2765/2765 2758/2758
f 2758/2758 2761/2761 2766/2766
f 2768/2768 2766/2766 2761/2761
f 2761/2761 2763/2763 2768/2768
f 2769/2769 2767/2767 2766/2766
f 2766/2766 2768/2768 2769/2769
f 2773/2773 2770/2770 2771/2771
f 2771/2771 2772/2772 2773/2773
f 2772/2772 2771/2771 2764/2764
f 2764/2764 2767/2767 2772/2772
f 2774/2774 2772/2772 2767/2767
f 2767/2767 2769/2769 2774/2774
f 2775/2775 2773/2773 2772/2772
f 2772/2772 2774/2774 2775/2775
f 2779/2779 2776/2776 2777/2777
f 2777/2777 2778/2778 2779/2779
f 2778/2778 2777/2777 2780/2780
f 2780/2780 2781/2781 2778/2778
f 2783/2783 2778/2778 2781/2781
f 2781/2781 2782/2782 2783/2783
f 2784/2784 2779/2779 2778/2778
f 2778/2778 2783/2783 2784/2784
f 2788/2788 2785/2785 2786/2786
f 2786/2786 2787/2787 2788/2788
f 2787/2787 2786/2786 2776/2776
f 2776/2776 2779/2779 2787/2787
f 2789/2789 2787/2787 2779/2779
f 2779/2779 2784/2784 2789/2789
f 2790/2790 2788/2788 2787/2787
f 2787/2787 2789/2789 2790/2790
f 2794/2794 2791/2791 2792/2792
f 2792/2792 2793/2793 2794/2794
f 2793/2793 2792/2792 2785/2785
f 2785/2785 2788/2788 2793/2793
f 2795/2795 2793/2793 2788/2788
f 2788/2788 2790/2790 2795/2795
f 2796/2796 2794/2794 2793/2793
f 2793/2793 2795/2795 2796/2796
f 2800/2800 2797/2797 2798/2798
f 2798/2798 2799/2799 2800/2800
f 2799/2799 2798/2798 2791/2791
f 2791/2791 2794/2794 2799/2799
f 2801/2801 2799/2799 2794/2794
f 2794/2794 2796/2796 2801/2801
f 2802/2802 2800/2800 2799/2799
f 2799/2799 2801/2801 2802/2802
f 2806/2806 2803/2803 2804/2804
f 2804/2804 2805/2805 2806/2806
f 2805/2805 2804/2804 2797/2797
f 2797/2797 2800/2800 2805/2805
f 2807/2807 2805/2805 2800/2800
f 2800/2800 2802/2802 2807/2807
f 2808/2808 2806/2806 2805/2805
f 2805/2805 2807/2807 2808/2808
f 2812/2812 2809/2809 2810/2810
f 2810/2810 2811/2811 2812/2812
f 2811/2811 2810/2810 2803/2803
f 2803/2803 2806/2806 2811/2811
f 2813/2813 2811/2811 2806/2806
f 2806/2806 2808/2808 2813/2813
f 2814/2814 2812/2812 2811/2811
f 2811/2811 2813/2813 2814/2814
f 2818/2818 2815/2815 2816/2816
f 2816/2816 2817/2817 2818/2818
f 2817/2817 2816/2816 2809/2809
f 2809/2809 2812/2812 2817/2817
f 2819/2819 2817/2817 2812/2812
f 2812/2812 2814/2814 2819/2819
f 2820/2820 2818/2818 2817/2817
f 2817/2817 2819/2819 2820/2820
f 2824/2824 2821/2821 2822/2822
f 2822/2822 2823/2823 2824/2824
f 2823/2823 2822/2822 2815/2815
f 2815/2815 2818/2818 2823/2823
f 2825/2825 2823/2823 2818/2818
f 2818/2818 2820/2820 2825/2825
f 2826/2826 2824/2824 2823/2823
f 2823/2823 2825/2825 2826/2826
f 2720/2720 2719/2719 2827/2827
f 2827/2827 2828/2828 2720/2720
f 2828/2828 2827/2827 2821/2821
f 2821/2821 2824/2824 2828/2828
f 2829/2829 2828/2828 2824/2824
f 2824/2824 2826/2826 2829/2829
f 2721/2721 2720/2720 2828/2828
f 2828/2828 2829/2829 2721/2721
f 2324/2324 2328/2328 2830/2830
f 2830/2830 2831/2831 2324/2324
f 2830/2830 320/320 325/325
f 325/325 2831/2831 2830/2830
f 325/325 324/324 2324/2324
f 2324/2324 2831/2831 325/325
f 2834/2834 2401/2401 2832/2832
f 2832/2832 2833/2833 2834/2834
f 2833/2833 2832/2832 2419/2419
f 2419/2419 2835/2835 2833/2833
f 2404/2404 2833/2833 2835/2835
f 2835/2835 2407/2407 2404/2404
f 2403/2403 2834/2834 2833/2833
f 2833/2833 2404/2404 2403/2403
f 2837/2837 2533/2533 2531/2531
f 2531/2531 2836/2836 2837/2837
f 2836/2836 2531/2531 2527/2527
f 2527/2527 2838/2838 2836/2836
f 2410/2410 2836/2836 2838/2838
f 2838/2838 2411/2411 2410/2410
f 2409/2409 2837/2837 2836/2836
f 2836/2836 2410/2410 2409/2409
f 2840/2840 2559/2559 2565/2565
f 2565/2565 2839/2839 2840/2840
f 2565/2565 453/453 2567/2567
f 2567/2567 2839/2839 2565/2565
f 2567/2567 2566/2566 2840/2840
f 2840/2840 2839/2839 2567/2567
f 2570/2570 453/453 451/451
f 451/451 2841/2841 2570/2570
f 451/451 447/447 2842/2842
f 2842/2842 2841/2841 451/451
f 2842/2842 2571/2571 2570/2570
f 2570/2570 2841/2841 2842/2842
f 2844/2844 2553/2553 2560/2560
f 2560/2560 2843/2843 2844/2844
f 2843/2843 2560/2560 2559/2559
f 2559/2559 2840/2840 2843/2843
f 2573/2573 2843/2843 2840/2840
f 2840/2840 2566/2566 2573/2573
f 2572/2572 2844/2844 2843/2843
f 2843/2843 2573/2573 2572/2572
f 2842/2842 447/447 445/445
f 445/445 2845/2845 2842/2842
f 2845/2845 445/445 441/441
f 441/441 2846/2846 2845/2845
f 2576/2576 2845/2845 2846/2846
f 2846/2846 2577/2577 2576/2576
f 2571/2571 2842/2842 2845/2845
f 2845/2845 2576/2576 2571/2571
f 2848/2848 2547/2547 2554/2554
f 2554/2554 2847/2847 2848/2848
f 2847/2847 2554/2554 2553/2553
f 2553/2553 2844/2844 2847/2847
f 2579/2579 2847/2847 2844/2844
f 2844/2844 2572/2572 2579/2579
f 2578/2578 2848/2848 2847/2847
f 2847/2847 2579/2579 2578/2578
f 2846/2846 441/441 439/439
f 439/439 2849/2849 2846/2846
f 2849/2849 439/439 435/435
f 435/435 2850/2850 2849/2849
f 2582/2582 2849/2849 2850/2850
f 2850/2850 2583/2583 2582/2582
f 2577/2577 2846/2846 2849/2849
f 2849/2849 2582/2582 2577/2577
f 2852/2852 2541/2541 2548/2548
f 2548/2548 2851/2851 2852/2852
f 2851/2851 2548/2548 2547/2547
f 2547/2547 2848/2848 2851/2851
f 2585/2585 2851/2851 2848/2848
f 2848/2848 2578/2578 2585/2585
f 2584/2584 2852/2852 2851/2851
f 2851/2851 2585/2585 2584/2584
f 2850/2850 435/435 433/433
f 433/433 2853/2853 2850/2850
f 2853/2853 433/433 429/429
f 429/429 2854/2854 2853/2853
f 2588/2588 2853/2853 2854/2854
f 2854/2854 2589/2589 2588/2588
f 2583/2583 2850/2850 2853/2853
f 2853/2853 2588/2588 2583/2583
f 2856/2856 2535/2535 2542/2542
f 2542/2542 2855/2855 2856/2856
f 2855/2855 2542/2542 2541/2541
f 2541/2541 2852/2852 2855/2855
f 2591/2591 2855/2855 2852/2852
f 2852/2852 2584/2584 2591/2591
f 2590/2590 2856/2856 2855/2855
f 2855/2855 2591/2591 2590/2590
f 2854/2854 429/429 427/427
f 427/427 2857/2857 2854/2854
f 2857/2857 427/427 423/423
f 423/423 2858/2858 2857/2857
f 2594/2594 2857/2857 2858/2858
f 2858/2858 2595/2595 2594/2594
f 2589/2589 2854/2854 2857/2857
f 2857/2857 2594/2594 2589/2589
f 2860/2860 2529/2529 2536/2536
f 2536/2536 2859/2859 2860/2860
f 2859/2859 2536/2536 2535/2535
f 2535/2535 2856/2856 2859/2859
f 2597/2597 2859/2859 2856/2856
f 2856/2856 2590/2590 2597/2597
f 2596/2596 2860/2860 2859/2859
f 2859/2859 2597/2597 2596/2596
f 2858/2858 423/423 421/421
f 421/421 2861/2861 2858/2858
f 2861/2861 421/421 417/417
f 417/417 2862/2862 2861/2861
f 2600/2600 2861/2861 2862/2862
f 2862/2862 2601/2601 2600/2600
f 2595/2595 2858/2858 2861/2861
f 2861/2861 2600/2600 2595/2595
f 2864/2864 2523/2523 2530/2530
f 2530/2530 2863/2863 2864/2864
f 2863/2863 2530/2530 2529/2529
f 2529/2529 2860/2860 2863/2863
f 2603/2603 2863/2863 2860/2860
f 2860/2860 2596/2596 2603/2603
f 2602/2602 2864/2864 2863/2863
f 2863/2863 2603/2603 2602/2602
f 2862/2862 417/417 415/415
f 415/415 2865/2865 2862/2862
f 2865/2865 415/415 411/411
f 411/411 2866/2866 2865/2865
f 2606/2606 2865/2865 2866/2866
f 2866/2866 2607/2607 2606/2606
f 2601/2601 2862/2862 2865/2865
f 2865/2865 2606/2606 2601/2601
f 2868/2868 2517/2517 2524/2524
f 2524/2524 2867/2867 2868/2868
f 2867/2867 2524/2524 2523/2523
f 2523/2523 2864/2864 2867/2867
f 2609/2609 2867/2867 2864/2864
f 2864/2864 2602/2602 2609/2609
f 2608/2608 2868/2868 2867/2867
f 2867/2867 2609/2609 2608/2608
f 2866/2866 411/411 409/409
f 409/409 2869/2869 2866/2866
f 2869/2869 409/409 405/405
f 405/405 2870/2870 2869/2869
f 2612/2612 2869/2869 2870/2870
f 2870/2870 2613/2613 2612/2612
f 2607/2607 2866/2866 2869/2869
f 2869/2869 2612/2612 2607/2607
f 2872/2872 2511/2511 2518/2518
f 2518/2518 2871/2871 2872/2872
f 2871/2871 2518/2518 2517/2517
f 2517/2517 2868/2868 2871/2871
f 2615/2615 2871/2871 2868/2868
f 2868/2868 2608/2608 2615/2615
f 2614/2614 2872/2872 2871/2871
f 2871/2871 2615/2615 2614/2614
f 2870/2870 405/405 403/403
f 403/403 2873/2873 2870/2870
f 2873/2873 403/403 399/399
f 399/399 2874/2874 2873/2873
f 2618/2618 2873/2873 2874/2874
f 2874/2874 2619/2619 2618/2618
f 2613/2613 2870/2870 2873/2873
f 2873/2873 2618/2618 2613/2613
f 2876/2876 2505/2505 2512/2512
f 2512/2512 2875/2875 2876/2876
f 2875/2875 2512/2512 2511/2511
f 2511/2511 2872/2872 2875/2875
f 2621/2621 2875/2875 2872/2872
f 2872/2872 2614/2614 2621/2621
f 2620/2620 2876/2876 2875/2875
f 2875/2875 2621/2621 2620/2620
f 2874/2874 399/399 397/397
f 397/397 2877/2877 2874/2874
f 2877/2877 397/397 393/393
f 393/393 2878/2878 2877/2877
f 2624/2624 2877/2877 2878/2878
f 2878/2878 2625/2625 2624/2624
f 2619/2619 2874/2874 2877/2877
f 2877/2877 2624/2624 2619/2619
f 2880/2880 2499/2499 2506/2506
f 2506/2506 2879/2879 2880/2880
f 2879/2879 2506/2506 2505/2505
f 2505/2505 2876/2876 2879/2879
f 2627/2627 2879/2879 2876/2876
f 2876/2876 2620/2620 2627/2627
f 2626/2626 2880/2880 2879/2879
f 2879/2879 2627/2627 2626/2626
f 2878/2878 393/393 391/391
f 391/391 2881/2881 2878/2878
f 2881/2881 391/391 387/387
f 387/387 2882/2882 2881/2881
f 2630/2630 2881/2881 2882/2882
f 2882/2882 2631/2631 2630/2630
f 2625/2625 2878/2878 2881/2881
f 2881/2881 2630/2630 2625/2625
f 2884/2884 2493/2493 2500/2500
f 2500/2500 2883/2883 2884/2884
f 2883/2883 2500/2500 2499/2499
f 2499/2499 2880/2880 2883/2883
f 2633/2633 2883/2883 2880/2880
f 2880/2880 2626/2626 2633/2633
f 2632/2632 2884/2884 2883/2883
f 2883/2883 2633/2633 2632/2632
f 2882/2882 387/387 385/385
f 385/385 2885/2885 2882/2882
f 2885/2885 385/385 381/381
f 381/381 2886/2886 2885/2885
f 2636/2636 2885/2885 2886/2886
f 2886/2886 2637/2637 2636/2636
f 2631/2631 2882/2882 2885/2885
f 2885/2885 2636/2636 2631/2631
f 2888/2888 2487/2487 2494/2494
f 2494/2494 2887/2887 2888/2888
f 2887/2887 2494/2494 2493/2493
f 2493/2493 2884/2884 2887/2887
f 2639/2639 2887/2887 2884/2884
f 2884/2884 2632/2632 2639/2639
f 2638/2638 2888/2888 2887/2887
f 2887/2887 2639/2639 2638/2638
f 2886/2886 381/381 379/379
f 379/379 2889/2889 2886/2886
f 2889/2889 379/379 374/374
f 374/374 2890/2890 2889/2889
f 2642/2642 2889/2889 2890/2890
f 2890/2890 2643/2643 2642/2642
f 2637/2637 2886/2886 2889/2889
f 2889/2889 2642/2642 2637/2637
f 2892/2892 2480/2480 2488/2488
f 2488/2488 2891/2891 2892/2892
f 2891/2891 2488/2488 2487/2487
f 2487/2487 2888/2888 2891/2891
f 2645/2645 2891/2891 2888/2888
f 2888/2888 2638/2638 2645/2645
f 2644/2644 2892/2892 2891/2891
f 2891/2891 2645/2645 2644/2644
f 2890/2890 374/374 371/371
f 371/371 2893/2893 2890/2890
f 2893/2893 371/371 370/370
f 370/370 2894/2894 2893/2893
f 2648/2648 2893/2893 2894/2894
f 2894/2894 2649/2649 2648/2648
f 2643/2643 2890/2890 2893/2893
f 2893/2893 2648/2648 2643/2643
f 2896/2896 2482/2482 2481/2481
f 2481/2481 2895/2895 2896/2896
f 2895/2895 2481/2481 2480/2480
f 2480/2480 2892/2892 2895/2895
f 2651/2651 2895/2895 2892/2892
f 2892/2892 2644/2644 2651/2651
f 2650/2650 2896/2896 2895/2895
f 2895/2895 2651/2651 2650/2650
f 2894/2894 370/370 488/488
f 488/488 2897/2897 2894/2894
f 2897/2897 488/488 487/487
f 487/487 2898/2898 2897/2897
f 2654/2654 2897/2897 2898/2898
f 2898/2898 2655/2655 2654/2654
f 2649/2649 2894/2894 2897/2897
f 2897/2897 2654/2654 2649/2649
f 2900/2900 2466/2466 2473/2473
f 2473/2473 2899/2899 2900/2900
f 2899/2899 2473/2473 2472/2472
f 2472/2472 2901/2901 2899/2899
f 2657/2657 2899/2899 2901/2901
f 2901/2901 2660/2660 2657/2657
f 2656/2656 2900/2900 2899/2899
f 2899/2899 2657/2657 2656/2656
f 2903/2903 483/483 481/481
f 481/481 2902/2902 2903/2903
f 2902/2902 481/481 477/477
f 477/477 2904/2904 2902/2902
f 2663/2663 2902/2902 2904/2904
f 2904/2904 2664/2664 2663/2663
f 2662/2662 2903/2903 2902/2902
f 2902/2902 2663/2663 2662/2662
f 2906/2906 2460/2460 2467/2467
f 2467/2467 2905/2905 2906/2906
f 2905/2905 2467/2467 2466/2466
f 2466/2466 2900/2900 2905/2905
f 2666/2666 2905/2905 2900/2900
f 2900/2900 2656/2656 2666/2666
f 2665/2665 2906/2906 2905/2905
f 2905/2905 2666/2666 2665/2665
f 2904/2904 477/477 475/475
f 475/475 2907/2907 2904/2904
f 2907/2907 475/475 471/471
f 471/471 2908/2908 2907/2907
f 2669/2669 2907/2907 2908/2908
f 2908/2908 2670/2670 2669/2669
f 2664/2664 2904/2904 2907/2907
f 2907/2907 2669/2669 2664/2664
f 2910/2910 2454/2454 2461/2461
f 2461/2461 2909/2909 2910/2910
f 2909/2909 2461/2461 2460/2460
f 2460/2460 2906/2906 2909/2909
f 2672/2672 2909/2909 2906/2906
f 2906/2906 2665/2665 2672/2672
f 2671/2671 2910/2910 2909/2909
f 2909/2909 2672/2672 2671/2671
f 2908/2908 471/471 469/469
f 469/469 2911/2911 2908/2908
f 2911/2911 469/469 465/465
f 465/465 2912/2912 2911/2911
f 2675/2675 2911/2911 2912/2912
f 2912/2912 2676/2676 2675/2675
f 2670/2670 2908/2908 2911/2911
f 2911/2911 2675/2675 2670/2670
f 2914/2914 2448/2448 2455/2455
f 2455/2455 2913/2913 2914/2914
f 2913/2913 2455/2455 2454/2454
f 2454/2454 2910/2910 2913/2913
f 2678/2678 2913/2913 2910/2910
f 2910/2910 2671/2671 2678/2678
f 2677/2677 2914/2914 2913/2913
f 2913/2913 2678/2678 2677/2677
f 2912/2912 465/465 462/462
f 462/462 2915/2915 2912/2912
f 2915/2915 462/462 461/461
f 461/461 2916/2916 2915/2915
f 2681/2681 2915/2915 2916/2916
f 2916/2916 2682/2682 2681/2681
f 2676/2676 2912/2912 2915/2915
f 2915/2915 2681/2681 2676/2676
f 2918/2918 2442/2442 2449/2449
f 2449/2449 2917/2917 2918/2918
f 2917/2917 2449/2449 2448/2448
f 2448/2448 2914/2914 2917/2917
f 2684/2684 2917/2917 2914/2914
f 2914/2914 2677/2677 2684/2684
f 2683/2683 2918/2918 2917/2917
f 2917/2917 2684/2684 2683/2683
f 2916/2916 461/461 2919/2919
f 2919/2919 2920/2920 2916/2916
f 2920/2920 2919/2919 2563/2563
f 2563/2563 2921/2921 2920/2920
f 2687/2687 2920/2920 2921/2921
f 2921/2921 2688/2688 2687/2687
f 2682/2682 2916/2916 2920/2920
f 2920/2920 2687/2687 2682/2682
f 2923/2923 2436/2436 2443/2443
f 2443/2443 2922/2922 2923/2923
f 2922/2922 2443/2443 2442/2442
f 2442/2442 2918/2918 2922/2922
f 2690/2690 2922/2922 2918/2918
f 2918/2918 2683/2683 2690/2690
f 2689/2689 2923/2923 2922/2922
f 2922/2922 2690/2690 2689/2689
f 2921/2921 2563/2563 2561/2561
f 2561/2561 2924/2924 2921/2921
f 2924/2924 2561/2561 2557/2557
f 2557/2557 2925/2925 2924/2924
f 2693/2693 2924/2924 2925/2925
f 2925/2925 2694/2694 2693/2693
f 2688/2688 2921/2921 2924/2924
f 2924/2924 2693/2693 2688/2688
f 2927/2927 2430/2430 2437/2437
f 2437/2437 2926/2926 2927/2927
f 2926/2926 2437/2437 2436/2436
f 2436/2436 2923/2923 2926/2926
f 2696/2696 2926/2926 2923/2923
f 2923/2923 2689/2689 2696/2696
f 2695/2695 2927/2927 2926/2926
f 2926/2926 2696/2696 2695/2695
f 2925/2925 2557/2557 2555/2555
f 2555/2555 2928/2928 2925/2925
f 2928/2928 2555/2555 2551/2551
f 2551/2551 2929/2929 2928/2928
f 2699/2699 2928/2928 2929/2929
f 2929/2929 2700/2700 2699/2699
f 2694/2694 2925/2925 2928/2928
f 2928/2928 2699/2699 2694/2694
f 2931/2931 2424/2424 2431/2431
f 2431/2431 2930/2930 2931/2931
f 2930/2930 2431/2431 2430/2430
f 2430/2430 2927/2927 2930/2930
f 2702/2702 2930/2930 2927/2927
f 2927/2927 2695/2695 2702/2702
f 2701/2701 2931/2931 2930/2930
f 2930/2930 2702/2702 2701/2701
f 2929/2929 2551/2551 2549/2549
f 2549/2549 2932/2932 2929/2929
f 2932/2932 2549/2549 2545/2545
f 2545/2545 2933/2933 2932/2932
f 2705/2705 2932/2932 2933/2933
f 2933/2933 2706/2706 2705/2705
f 2700/2700 2929/2929 2932/2932
f 2932/2932 2705/2705 2700/2700
f 2935/2935 2417/2417 2425/2425
f 2425/2425 2934/2934 2935/2935
f 2934/2934 2425/2425 2424/2424
f 2424/2424 2931/2931 2934/2934
f 2708/2708 2934/2934 2931/2931
f 2931/2931 2701/2701 2708/2708
f 2707/2707 2935/2935 2934/2934
f 2934/2934 2708/2708 2707/2707
f 2933/2933 2545/2545 2543/2543
f 2543/2543 2936/2936 2933/2933
f 2936/2936 2543/2543 2539/2539
f 2539/2539 2937/2937 2936/2936
f 2711/2711 2936/2936 2937/2937
f 2937/2937 2712/2712 2711/2711
f 2706/2706 2933/2933 2936/2936
f 2936/2936 2711/2711 2706/2706
f 2835/2835 2419/2419 2418/2418
f 2418/2418 2938/2938 2835/2835
f 2938/2938 2418/2418 2417/2417
f 2417/2417 2935/2935 2938/2938
f 2713/2713 2938/2938 2935/2935
f 2935/2935 2707/2707 2713/2713
f 2407/2407 2835/2835 2938/2938
f 2938/2938 2713/2713 2407/2407
f 2937/2937 2539/2539 2537/2537
f 2537/2537 2939/2939 2937/2937
f 2939/2939 2537/2537 2533/2533
f 2533/2533 2837/2837 2939/2939
f 2715/2715 2939/2939 2837/2837
f 2837/2837 2409/2409 2715/2715
f 2712/2712 2937/2937 2939/2939
f 2939/2939 2715/2715 2712/2712
f 2716/2716 2328/2328 2327/2327
f 2327/2327 2940/2940 2716/2716
f 2327/2327 2326/2326 2941/2941
f 2941/2941 2940/2940 2327/2327
f 2941/2941 2719/2719 2716/2716
f 2716/2716 2940/2940 2941/2941
f 2943/2943 2415/2415 2412/2412
f 2412/2412 2942/2942 2943/2943
f 2412/2412 2328/2328 2718/2718
f 2718/2718 2942/2942 2412/2412
f 2718/2718 2721/2721 2943/2943
f 2943/2943 2942/2942 2718/2718
f 2945/2945 2397/2397 2402/2402
f 2402/2402 2944/2944 2945/2945
f 2944/2944 2402/2402 2401/2401
f 2401/2401 2834/2834 2944/2944
f 2723/2723 2944/2944 2834/2834
f 2834/2834 2403/2403 2723/2723
f 2722/2722 2945/2945 2944/2944
f 2944/2944 2723/2723 2722/2722
f 2838/2838 2527/2527 2525/2525
f 2525/2525 2946/2946 2838/2838
f 2946/2946 2525/2525 2521/2521
f 2521/2521 2947/2947 2946/2946
f 2726/2726 2946/2946 2947/2947
f 2947/2947 2727/2727 2726/2726
f 2411/2411 2838/2838 2946/2946
f 2946/2946 2726/2726 2411/2411
f 2949/2949 2393/2393 2398/2398
f 2398/2398 2948/2948 2949/2949
f 2948/2948 2398/2398 2397/2397
f 2397/2397 2945/2945 2948/2948
f 2729/2729 2948/2948 2945/2945
f 2945/2945 2722/2722 2729/2729
f 2728/2728 2949/2949 2948/2948
f 2948/2948 2729/2729 2728/2728
f 2947/2947 2521/2521 2519/2519
f 2519/2519 2950/2950 2947/2947
f 2950/2950 2519/2519 2515/2515
f 2515/2515 2951/2951 2950/2950
f 2732/2732 2950/2950 2951/2951
f 2951/2951 2733/2733 2732/2732
f 2727/2727 2947/2947 2950/2950
f 2950/2950 2732/2732 2727/2727
f 2953/2953 2389/2389 2394/2394
f 2394/2394 2952/2952 2953/2953
f 2952/2952 2394/2394 2393/2393
f 2393/2393 2949/2949 2952/2952
f 2735/2735 2952/2952 2949/2949
f 2949/2949 2728/2728 2735/2735
f 2734/2734 2953/2953 2952/2952
f 2952/2952 2735/2735 2734/2734
f 2951/2951 2515/2515 2513/2513
f 2513/2513 2954/2954 2951/2951
f 2954/2954 2513/2513 2509/2509
f 2509/2509 2955/2955 2954/2954
f 2738/2738 2954/2954 2955/2955
f 2955/2955 2739/2739 2738/2738
f 2733/2733 2951/2951 2954/2954
f 2954/2954 2738/2738 2733/2733
f 2957/2957 2385/2385 2390/2390
f 2390/2390 2956/2956 2957/2957
f 2956/2956 2390/2390 2389/2389
f 2389/2389 2953/2953 2956/2956
f 2741/2741 2956/2956 2953/2953
f 2953/2953 2734/2734 2741/2741
f 2740/2740 2957/2957 2956/2956
f 2956/2956 2741/2741 2740/2740
f 2955/2955 2509/2509 2507/2507
f 2507/2507 2958/2958 2955/2955
f 2958/2958 2507/2507 2503/2503
f 2503/2503 2959/2959 2958/2958
f 2744/2744 2958/2958 2959/2959
f 2959/2959 2745/2745 2744/2744
f 2739/2739 2955/2955 2958/2958
f 2958/2958 2744/2744 2739/2739
f 2961/2961 2381/2381 2386/2386
f 2386/2386 2960/2960 2961/2961
f 2960/2960 2386/2386 2385/2385
f 2385/2385 2957/2957 2960/2960
f 2747/2747 2960/2960 2957/2957
f 2957/2957 2740/2740 2747/2747
f 2746/2746 2961/2961 2960/2960
f 2960/2960 2747/2747 2746/2746
f 2959/2959 2503/2503 2501/2501
f 2501/2501 2962/2962 2959/2959
f 2962/2962 2501/2501 2497/2497
f 2497/2497 2963/2963 2962/2962
f 2750/2750 2962/2962 2963/2963
f 2963/2963 2751/2751 2750/2750
f 2745/2745 2959/2959 2962/2962
f 2962/2962 2750/2750 2745/2745
f 2965/2965 2377/2377 2382/2382
f 2382/2382 2964/2964 2965/2965
f 2964/2964 2382/2382 2381/2381
f 2381/2381 2961/2961 2964/2964
f 2753/2753 2964/2964 2961/2961
f 2961/2961 2746/2746 2753/2753
f 2752/2752 2965/2965 2964/2964
f 2964/2964 2753/2753 2752/2752
f 2963/2963 2497/2497 2495/2495
f 2495/2495 2966/2966 2963/2963
f 2966/2966 2495/2495 2491/2491
f 2491/2491 2967/2967 2966/2966
f 2756/2756 2966/2966 2967/2967
f 2967/2967 2757/2757 2756/2756
f 2751/2751 2963/2963 2966/2966
f 2966/2966 2756/2756 2751/2751
f 2969/2969 2373/2373 2378/2378
f 2378/2378 2968/2968 2969/2969
f 2968/2968 2378/2378 2377/2377
f 2377/2377 2965/2965 2968/2968
f 2759/2759 2968/2968 2965/2965
f 2965/2965 2752/2752 2759/2759
f 2758/2758 2969/2969 2968/2968
f 2968/2968 2759/2759 2758/2758
f 2967/2967 2491/2491 2489/2489
f 2489/2489 2970/2970 2967/2967
f 2970/2970 2489/2489 2485/2485
f 2485/2485 2971/2971 2970/2970
f 2762/2762 2970/2970 2971/2971
f 2971/2971 2763/2763 2762/2762
f 2757/2757 2967/2967 2970/2970
f 2970/2970 2762/2762 2757/2757
f 2973/2973 2368/2368 2374/2374
f 2374/2374 2972/2972 2973/2973
f 2972/2972 2374/2374 2373/2373
f 2373/2373 2969/2969 2972/2972
f 2765/2765 2972/2972 2969/2969
f 2969/2969 2758/2758 2765/2765
f 2764/2764 2973/2973 2972/2972
f 2972/2972 2765/2765 2764/2764
f 2971/2971 2485/2485 2483/2483
f 2483/2483 2974/2974 2971/2971
f 2974/2974 2483/2483 2478/2478
f 2478/2478 2975/2975 2974/2974
f 2768/2768 2974/2974 2975/2975
f 2975/2975 2769/2769 2768/2768
f 2763/2763 2971/2971 2974/2974
f 2974/2974 2768/2768 2763/2763
f 2977/2977 2370/2370 2369/2369
f 2369/2369 2976/2976 2977/2977
f 2976/2976 2369/2369 2368/2368
f 2368/2368 2973/2973 2976/2976
f 2771/2771 2976/2976 2973/2973
f 2973/2973 2764/2764 2771/2771
f 2770/2770 2977/2977 2976/2976
f 2976/2976 2771/2771 2770/2770
f 2975/2975 2478/2478 2475/2475
f 2475/2475 2978/2978 2975/2975
f 2978/2978 2475/2475 2474/2474
f 2474/2474 2979/2979 2978/2978
f 2774/2774 2978/2978 2979/2979
f 2979/2979 2775/2775 2774/2774
f 2769/2769 2975/2975 2978/2978
f 2978/2978 2774/2774 2769/2769
f 2981/2981 2359/2359 2364/2364
f 2364/2364 2980/2980 2981/2981
f 2980/2980 2364/2364 2363/2363
f 2363/2363 2982/2982 2980/2980
f 2777/2777 2980/2980 2982/2982
f 2982/2982 2780/2780 2777/2777
f 2776/2776 2981/2981 2980/2980
f 2980/2980 2777/2777 2776/2776
f 2984/2984 2470/2470 2468/2468
f 2468/2468 2983/2983 2984/2984
f 2983/2983 2468/2468 2464/2464
f 2464/2464 2985/2985 2983/2983
f 2783/2783 2983/2983 2985/2985
f 2985/2985 2784/2784 2783/2783
f 2782/2782 2984/2984 2983/2983
f 2983/2983 2783/2783 2782/2782
f 2987/2987 2355/2355 2360/2360
f 2360/2360 2986/2986 2987/2987
f 2986/2986 2360/2360 2359/2359
f 2359/2359 2981/2981 2986/2986
f 2786/2786 2986/2986 2981/2981
f 2981/2981 2776/2776 2786/2786
f 2785/2785 2987/2987 2986/2986
f 2986/2986 2786/2786 2785/2785
f 2985/2985 2464/2464 2462/2462
f 2462/2462 2988/2988 2985/2985
f 2988/2988 2462/2462 2458/2458
f 2458/2458 2989/2989 2988/2988
f 2789/2789 2988/2988 2989/2989
f 2989/2989 2790/2790 2789/2789
f 2784/2784 2985/2985 2988/2988
f 2988/2988 2789/2789 2784/2784
f 2991/2991 2351/2351 2356/2356
f 2356/2356 2990/2990 2991/2991
f 2990/2990 2356/2356 2355/2355
f 2355/2355 2987/2987 2990/2990
f 2792/2792 2990/2990 2987/2987
f 2987/2987 2785/2785 2792/2792
f 2791/2791 2991/2991 2990/2990
f 2990/2990 2792/2792 2791/2791
f 2989/2989 2458/2458 2456/2456
f 2456/2456 2992/2992 2989/2989
f 2992/2992 2456/2456 2452/2452
f 2452/2452 2993/2993 2992/2992
f 2795/2795 2992/2992 2993/2993
f 2993/2993 2796/2796 2795/2795
f 2790/2790 2989/2989 2992/2992
f 2992/2992 2795/2795 2790/2790
f 2995/2995 2347/2347 2352/2352
f 2352/2352 2994/2994 2995/2995
f 2994/2994 2352/2352 2351/2351
f 2351/2351 2991/2991 2994/2994
f 2798/2798 2994/2994 2991/2991
f 2991/2991 2791/2791 2798/2798
f 2797/2797 2995/2995 2994/2994
f 2994/2994 2798/2798 2797/2797
f 2993/2993 2452/2452 2450/2450
f 2450/2450 2996/2996 2993/2993
f 2996/2996 2450/2450 2446/2446
f 2446/2446 2997/2997 2996/2996
f 2801/2801 2996/2996 2997/2997
f 2997/2997 2802/2802 2801/2801
f 2796/2796 2993/2993 2996/2996
f 2996/2996 2801/2801 2796/2796
f 2999/2999 2343/2343 2348/2348
f 2348/2348 2998/2998 2999/2999
f 2998/2998 2348/2348 2347/2347
f 2347/2347 2995/2995 2998/2998
f 2804/2804 2998/2998 2995/2995
f 2995/2995 2797/2797 2804/2804
f 2803/2803 2999/2999 2998/2998
f 2998/2998 2804/2804 2803/2803
f 2997/2997 2446/2446 2444/2444
f 2444/2444 3000/3000 2997/2997
f 3000/3000 2444/2444 2440/2440
f 2440/2440 3001/3001 3000/3000
f 2807/2807 3000/3000 3001/3001
f 3001/3001 2808/2808 2807/2807
f 2802/2802 2997/2997 3000/3000
f 3000/3000 2807/2807 2802/2802
f 3003/3003 2339/2339 2344/2344
f 2344/2344 3002/3002 3003/3003
f 3002/3002 2344/2344 2343/2343
f 2343/2343 2999/2999 3002/3002
f 2810/2810 3002/3002 2999/2999
f 2999/2999 2803/2803 2810/2810
f 2809/2809 3003/3003 3002/3002
f 3002/3002 2810/2810 2809/2809
f 3001/3001 2440/2440 2438/2438
f 2438/2438 3004/3004 3001/3001
f 3004/3004 2438/2438 2434/2434
f 2434/2434 3005/3005 3004/3004
f 2813/2813 3004/3004 3005/3005
f 3005/3005 2814/2814 2813/2813
f 2808/2808 3001/3001 3004/3004
f 3004/3004 2813/2813 2808/2808
f 3007/3007 2335/2335 2340/2340
f 2340/2340 3006/3006 3007/3007
f 3006/3006 2340/2340 2339/2339
f 2339/2339 3003/3003 3006/3006
f 2816/2816 3006/3006 3003/3003
f 3003/3003 2809/2809 2816/2816
f 2815/2815 3007/3007 3006/3006
f 3006/3006 2816/2816 2815/2815
f 3005/3005 2434/2434 2432/2432
f 2432/2432 3008/3008 3005/3005
f 3008/3008 2432/2432 2428/2428
f 2428/2428 3009/3009 3008/3008
f 2819/2819 3008/3008 3009/3009
f 3009/3009 2820/2820 2819/2819
f 2814/2814 3005/3005 3008/3008
f 3008/3008 2819/2819 2814/2814
f 3011/3011 2331/2331 2336/2336
f 2336/2336 3010/3010 3011/3011
f 3010/3010 2336/2336 2335/2335
f 2335/2335 3007/3007 3010/3010
f 2822/2822 3010/3010 3007/3007
f 3007/3007 2815/2815 2822/2822
f 2821/2821 3011/3011 3010/3010
f 3010/3010 2822/2822 2821/2821
f 3009/3009 2428/2428 2426/2426
f 2426/2426 3012/3012 3009/3009
f 3012/3012 2426/2426 2422/2422
f 2422/2422 3013/3013 3012/3012
f 2825/2825 3012/3012 3013/3013
f 3013/3013 2826/2826 2825/2825
f 2820/2820 3009/3009 3012/3012
f 3012/3012 2825/2825 2820/2820
f 2941/2941 2326/2326 2332/2332
f 2332/2332 3014/3014 2941/2941
f 3014/3014 2332/2332 2331/2331
f 2331/2331 3011/3011 3014/3014
f 2827/2827 3014/3014 3011/3011
f 3011/3011 2821/2821 2827/2827
f 2719/2719 2941/2941 3014/3014
f 3014/3014 2827/2827 2719/2719
f 3013/3013 2422/2422 2420/2420
f 2420/2420 3015/3015 3013/3013
f 3015/3015 2420/2420 2415/2415
f 2415/2415 2943/2943 3015/3015
f 2829/2829 3015/3015 2943/2943
f 2943/2943 2721/2721 2829/2829
f 2826/2826 3013/3013 3015/3015
f 3015/3015 2829/2829 2826/2826
f 2564/2564 2563/2563 2919/2919
f 2919/2919 3016/3016 2564/2564
f 2919/2919 461/461 3017/3017
f 3017/3017 3016/3016 2919/2919
f 3017/3017 453/453 2564/2564
f 2564/2564 3016/3016 3017/3017
f 2832/2832 2401/2401 3018/3018
f 3018/3018 3019/3019 2832/2832
f 3018/3018 2328/2328 2414/2414
f 2414/2414 3019/3019 3018/3018
f 2414/2414 2419/2419 2832/2832
f 2832/2832 3019/3019 2414/2414
f 3021/3021 1148/1148 1153/1153
f 1153/1153 3020/3020 3021/3021
f 3020/3020 1153/1153 1152/1152
f 1152/1152 3022/3022 3020/3020
f 3024/3024 3020/3020 3022/3022
f 3022/3022 3023/3023 3024/3024
f 3025/3025 3021/3021 3020/3020
f 3020/3020 3024/3024 3025/3025
f 3027/3027 1144/1144 1149/1149
f 1149/1149 3026/3026 3027/3027
f 3026/3026 1149/1149 1148/1148
f 1148/1148 3021/3021 3026/3026
f 3028/3028 3026/3026 3021/3021
f 3021/3021 3025/3025 3028/3028
f 3029/3029 3027/3027 3026/3026
f 3026/3026 3028/3028 3029/3029
f 3031/3031 1140/1140 1145/1145
f 1145/1145 3030/3030 3031/3031
f 3030/3030 1145/1145 1144/1144
f 1144/1144 3027/3027 3030/3030
f 3032/3032 3030/3030 3027/3027
f 3027/3027 3029/3029 3032/3032
f 3033/3033 3031/3031 3030/3030
f 3030/3030 3032/3032 3033/3033
f 3035/3035 1136/1136 1141/1141
f 1141/1141 3034/3034 3035/3035
f 3034/3034 1141/1141 1140/1140
f 1140/1140 3031/3031 3034/3034
f 3036/3036 3034/3034 3031/3031
f 3031/3031 3033/3033 3036/3036
f 3037/3037 3035/3035 3034/3034
f 3034/3034 3036/3036 3037/3037
f 3039/3039 1132/1132 1137/1137
f 1137/1137 3038/3038 3039/3039
f 3038/3038 1137/1137 1136/1136
f 1136/1136 3035/3035 3038/3038
f 3040/3040 3038/3038 3035/3035
f 3035/3035 3037/3037 3040/3040
f 3041/3041 3039/3039 3038/3038
f 3038/3038 3040/3040 3041/3041
f 3043/3043 1128/1128 1133/1133
f 1133/1133 3042/3042 3043/3043
f 3042/3042 1133/1133 1132/1132
f 1132/1132 3039/3039 3042/3042
f 3044/3044 3042/3042 3039/3039
f 3039/3039 3041/3041 3044/3044
f 3045/3045 3043/3043 3042/3042
f 3042/3042 3044/3044 3045/3045
f 3047/3047 1124/1124 1129/1129
f 1129/1129 3046/3046 3047/3047
f 3046/3046 1129/1129 1128/1128
f 1128/1128 3043/3043 3046/3046
f 3048/3048 3046/3046 3043/3043
f 3043/3043 3045/3045 3048/3048
f 3049/3049 3047/3047 3046/3046
f 3046/3046 3048/3048 3049/3049
f 3051/3051 1120/1120 1125/1125
f 1125/1125 3050/3050 3051/3051
f 3050/3050 1125/1125 1124/1124
f 1124/1124 3047/3047 3050/3050
f 3052/3052 3050/3050 3047/3047
f 3047/3047 3049/3049 3052/3052
f 3053/3053 3051/3051 3050/3050
f 3050/3050 3052/3052 3053/3053
f 3055/3055 1116/1116 1121/1121
f 1121/1121 3054/3054 3055/3055
f 3054/3054 1121/1121 1120/1120
f 1120/1120 3051/3051 3054/3054
f 3056/3056 3054/3054 3051/3051
f 3051/3051 3053/3053 3056/3056
f 3057/3057 3055/3055 3054/3054
f 3054/3054 3056/3056 3057/3057
f 3059/3059 1111/1111 1117/1117
f 1117/1117 3058/3058 3059/3059
f 3058/3058 1117/1117 1116/1116
f 1116/1116 3055/3055 3058/3058
f 3060/3060 3058/3058 3055/3055
f 3055/3055 3057/3057 3060/3060
f 3061/3061 3059/3059 3058/3058
f 3058/3058 3060/3060 3061/3061
f 3063/3063 1113/1113 1112/1112
f 1112/1112 3062/3062 3063/3063
f 3062/3062 1112/1112 1111/1111
f 1111/1111 3059/3059 3062/3062
f 3064/3064 3062/3062 3059/3059
f 3059/3059 3061/3061 3064/3064
f 3065/3065 3063/3063 3062/3062
f 3062/3062 3064/3064 3065/3065
f 3067/3067 1186/1186 1189/1189
f 1189/1189 3066/3066 3067/3067
f 3066/3066 1189/1189 1113/1113
f 1113/1113 3063/3063 3066/3066
f 3068/3068 3066/3066 3063/3063
f 3063/3063 3065/3065 3068/3068
f 3069/3069 3067/3067 3066/3066
f 3066/3066 3068/3068 3069/3069
f 3071/3071 1182/1182 1187/1187
f 1187/1187 3070/3070 3071/3071
f 3070/3070 1187/1187 1186/1186
f 1186/1186 3067/3067 3070/3070
f 3072/3072 3070/3070 3067/3067
f 3067/3067 3069/3069 3072/3072
f 3073/3073 3071/3071 3070/3070
f 3070/3070 3072/3072 3073/3073
f 3075/3075 1178/1178 1183/1183
f 1183/1183 3074/3074 3075/3075
f 3074/3074 1183/1183 1182/1182
f 1182/1182 3071/3071 3074/3074
f 3076/3076 3074/3074 3071/3071
f 3071/3071 3073/3073 3076/3076
f 3077/3077 3075/3075 3074/3074
f 3074/3074 3076/3076 3077/3077
f 3079/3079 1174/1174 1179/1179
f 1179/1179 3078/3078 3079/3079
f 3078/3078 1179/1179 1178/1178
f 1178/1178 3075/3075 3078/3078
f 3080/3080 3078/3078 3075/3075
f 3075/3075 3077/3077 3080/3080
f 3081/3081 3079/3079 3078/3078
f 3078/3078 3080/3080 3081/3081
f 3083/3083 1169/1169 1175/1175
f 1175/1175 3082/3082 3083/3083
f 3082/3082 1175/1175 1174/1174
f 1174/1174 3079/3079 3082/3082
f 3084/3084 3082/3082 3079/3079
f 3079/3079 3081/3081 3084/3084
f 3085/3085 3083/3083 3082/3082
f 3082/3082 3084/3084 3085/3085
f 3087/3087 1171/1171 1170/1170
f 1170/1170 3086/3086 3087/3087
f 3086/3086 1170/1170 1169/1169
f 1169/1169 3083/3083 3086/3086
f 3088/3088 3086/3086 3083/3083
f 3083/3083 3085/3085 3088/3088
f 3089/3089 3087/3087 3086/3086
f 3086/3086 3088/3088 3089/3089
f 3091/3091 1160/1160 1165/1165
f 1165/1165 3090/3090 3091/3091
f 3090/3090 1165/1165 1164/1164
f 1164/1164 3092/3092 3090/3090
f 3094/3094 3090/3090 3092/3092
f 3092/3092 3093/3093 3094/3094
f 3095/3095 3091/3091 3090/3090
f 3090/3090 3094/3094 3095/3095
f 3097/3097 1156/1156 1161/1161
f 1161/1161 3096/3096 3097/3097
f 3096/3096 1161/1161 1160/1160
f 1160/1160 3091/3091 3096/3096
f 3098/3098 3096/3096 3091/3091
f 3091/3091 3095/3095 3098/3098
f 3099/3099 3097/3097 3096/3096
f 3096/3096 3098/3098 3099/3099
f 3022/3022 1152/1152 1157/1157
f 1157/1157 3100/3100 3022/3022
f 3100/3100 1157/1157 1156/1156
f 1156/1156 3097/3097 3100/3100
f 3101/3101 3100/3100 3097/3097
f 3097/3097 3099/3099 3101/3101
f 3023/3023 3022/3022 3100/3100
f 3100/3100 3101/3101 3023/3023
f 3105/3105 3102/3102 3103/3103
f 3103/3103 3104/3104 3105/3105
f 3104/3104 3103/3103 3106/3106
f 3106/3106 3107/3107 3104/3104
f 3109/3109 3104/3104 3107/3107
f 3107/3107 3108/3108 3109/3109
f 3110/3110 3105/3105 3104/3104
f 3104/3104 3109/3109 3110/3110
f 3114/3114 3111/3111 3112/3112
f 3112/3112 3113/3113 3114/3114
f 3113/3113 3112/3112 3102/3102
f 3102/3102 3105/3105 3113/3113
f 3115/3115 3113/3113 3105/3105
f 3105/3105 3110/3110 3115/3115
f 3116/3116 3114/3114 3113/3113
f 3113/3113 3115/3115 3116/3116
f 3120/3120 3117/3117 3118/3118
f 3118/3118 3119/3119 3120/3120
f 3119/3119 3118/3118 3111/3111
f 3111/3111 3114/3114 3119/3119
f 3121/3121 3119/3119 3114/3114
f 3114/3114 3116/3116 3121/3121
f 3122/3122 3120/3120 3119/3119
f 3119/3119 3121/3121 3122/3122
f 3126/3126 3123/3123 3124/3124
f 3124/3124 3125/3125 3126/3126
f 3125/3125 3124/3124 3117/3117
f 3117/3117 3120/3120 3125/3125
f 3127/3127 3125/3125 3120/3120
f 3120/3120 3122/3122 3127/3127
f 3128/3128 3126/3126 3125/3125
f 3125/3125 3127/3127 3128/3128
f 3132/3132 3129/3129 3130/3130
f 3130/3130 3131/3131 3132/3132
f 3131/3131 3130/3130 3123/3123
f 3123/3123 3126/3126 3131/3131
f 3133/3133 3131/3131 3126/3126
f 3126/3126 3128/3128 3133/3133
f 3134/3134 3132/3132 3131/3131
f 3131/3131 3133/3133 3134/3134
f 3138/3138 3135/3135 3136/3136
f 3136/3136 3137/3137 3138/3138
f 3137/3137 3136/3136 3129/3129
f 3129/3129 3132/3132 3137/3137
f 3139/3139 3137/3137 3132/3132
f 3132/3132 3134/3134 3139/3139
f 3140/3140 3138/3138 3137/3137
f 3137/3137 3139/3139 3140/3140
f 3144/3144 3141/3141 3142/3142
f 3142/3142 3143/3143 3144/3144
f 3143/3143 3142/3142 3135/3135
f 3135/3135 3138/3138 3143/3143
f 3145/3145 3143/3143 3138/3138
f 3138/3138 3140/3140 3145/3145
f 3146/3146 3144/3144 3143/3143
f 3143/3143 3145/3145 3146/3146
f 3150/3150 3147/3147 3148/3148
f 3148/3148 3149/3149 3150/3150
f 3149/3149 3148/3148 3141/3141
f 3141/3141 3144/3144 3149/3149
f 3151/3151 3149/3149 3144/3144
f 3144/3144 3146/3146 3151/3151
f 3152/3152 3150/3150 3149/3149
f 3149/3149 3151/3151 3152/3152
f 3156/3156 3153/3153 3154/3154
f 3154/3154 3155/3155 3156/3156
f 3155/3155 3154/3154 3147/3147
f 3147/3147 3150/3150 3155/3155
f 3157/3157 3155/3155 3150/3150
f 3150/3150 3152/3152 3157/3157
f 3158/3158 3156/3156 3155/3155
f 3155/3155 3157/3157 3158/3158
f 3162/3162 3159/3159 3160/3160
f 3160/3160 3161/3161 3162/3162
f 3161/3161 3160/3160 3153/3153
f 3153/3153 3156/3156 3161/3161
f 3163/3163 3161/3161 3156/3156
f 3156/3156 3158/3158 3163/3163
f 3164/3164 3162/3162 3161/3161
f 3161/3161 3163/3163 3164/3164
f 3168/3168 3165/3165 3166/3166
f 3166/3166 3167/3167 3168/3168
f 3167/3167 3166/3166 3159/3159
f 3159/3159 3162/3162 3167/3167
f 3169/3169 3167/3167 3162/3162
f 3162/3162 3164/3164 3169/3169
f 3170/3170 3168/3168 3167/3167
f 3167/3167 3169/3169 3170/3170
f 3174/3174 3171/3171 3172/3172
f 3172/3172 3173/3173 3174/3174
f 3173/3173 3172/3172 3165/3165
f 3165/3165 3168/3168 3173/3173
f 3175/3175 3173/3173 3168/3168
f 3168/3168 3170/3170 3175/3175
f 3176/3176 3174/3174 3173/3173
f 3173/3173 3175/3175 3176/3176
f 3180/3180 3177/3177 3178/3178
f 3178/3178 3179/3179 3180/3180
f 3179/3179 3178/3178 3171/3171
f 3171/3171 3174/3174 3179/3179
f 3181/3181 3179/3179 3174/3174
f 3174/3174 3176/3176 3181/3181
f 3182/3182 3180/3180 3179/3179
f 3179/3179 3181/3181 3182/3182
f 3186/3186 3183/3183 3184/3184
f 3184/3184 3185/3185 3186/3186
f 3185/3185 3184/3184 3177/3177
f 3177/3177 3180/3180 3185/3185
f 3187/3187 3185/3185 3180/3180
f 3180/3180 3182/3182 3187/3187
f 3188/3188 3186/3186 3185/3185
f 3185/3185 3187/3187 3188/3188
f 3192/3192 3189/3189 3190/3190
f 3190/3190 3191/3191 3192/3192
f 3191/3191 3190/3190 3183/3183
f 3183/3183 3186/3186 3191/3191
f 3193/3193 3191/3191 3186/3186
f 3186/3186 3188/3188 3193/3193
f 3194/3194 3192/3192 3191/3191
f 3191/3191 3193/3193 3194/3194
f 3198/3198 3195/3195 3196/3196
f 3196/3196 3197/3197 3198/3198
f 3197/3197 3196/3196 3189/3189
f 3189/3189 3192/3192 3197/3197
f 3199/3199 3197/3197 3192/3192
f 3192/3192 3194/3194 3199/3199
f 3200/3200 3198/3198 3197/3197
f 3197/3197 3199/3199 3200/3200
f 3204/3204 3201/3201 3202/3202
f 3202/3202 3203/3203 3204/3204
f 3203/3203 3202/3202 3195/3195
f 3195/3195 3198/3198 3203/3203
f 3205/3205 3203/3203 3198/3198
f 3198/3198 3200/3200 3205/3205
f 3206/3206 3204/3204 3203/3203
f 3203/3203 3205/3205 3206/3206
f 3210/3210 3207/3207 3208/3208
f 3208/3208 3209/3209 3210/3210
f 3209/3209 3208/3208 3211/3211
f 3211/3211 3212/3212 3209/3209
f 3214/3214 3209/3209 3212/3212
f 3212/3212 3213/3213 3214/3214
f 3215/3215 3210/3210 3209/3209
f 3209/3209 3214/3214 3215/3215
f 3219/3219 3216/3216 3217/3217
f 3217/3217 3218/3218 3219/3219
f 3218/3218 3217/3217 3207/3207
f 3207/3207 3210/3210 3218/3218
f 3220/3220 3218/3218 3210/3210
f 3210/3210 3215/3215 3220/3220
f 3221/3221 3219/3219 3218/3218
f 3218/3218 3220/3220 3221/3221
f 3107/3107 3106/3106 3222/3222
f 3222/3222 3223/3223 3107/3107
f 3223/3223 3222/3222 3216/3216
f 3216/3216 3219/3219 3223/3223
f 3224/3224 3223/3223 3219/3219
f 3219/3219 3221/3221 3224/3224
f 3108/3108 3107/3107 3223/3223
f 3223/3223 3224/3224 3108/3108
f 3226/3226 3110/3110 3109/3109
f 3109/3109 3225/3225 3226/3226
f 3225/3225 3109/3109 3108/3108
f 3108/3108 3227/3227 3225/3225
f 3229/3229 3225/3225 3227/3227
f 3227/3227 3228/3228 3229/3229
f 3230/3230 3226/3226 3225/3225
f 3225/3225 3229/3229 3230/3230
f 3232/3232 3116/3116 3115/3115
f 3115/3115 3231/3231 3232/3232
f 3231/3231 3115/3115 3110/3110
f 3110/3110 3226/3226 3231/3231
f 3233/3233 3231/3231 3226/3226
f 3226/3226 3230/3230 3233/3233
f 3234/3234 3232/3232 3231/3231
f 3231/3231 3233/3233 3234/3234
f 3236/3236 3122/3122 3121/3121
f 3121/3121 3235/3235 3236/3236
f 3235/3235 3121/3121 3116/3116
f 3116/3116 3232/3232 3235/3235
f 3237/3237 3235/3235 3232/3232
f 3232/3232 3234/3234 3237/3237
f 3238/3238 3236/3236 3235/3235
f 3235/3235 3237/3237 3238/3238
f 3240/3240 3128/3128 3127/3127
f 3127/3127 3239/3239 3240/3240
f 3239/3239 3127/3127 3122/3122
f 3122/3122 3236/3236 3239/3239
f 3241/3241 3239/3239 3236/3236
f 3236/3236 3238/3238 3241/3241
f 3242/3242 3240/3240 3239/3239
f 3239/3239 3241/3241 3242/3242
f 3244/3244 3134/3134 3133/3133
f 3133/3133 3243/3243 3244/3244
f 3243/3243 3133/3133 3128/3128
f 3128/3128 3240/3240 3243/3243
f 3245/3245 3243/3243 3240/3240
f 3240/3240 3242/3242 3245/3245
f 3246/3246 3244/3244 3243/3243
f 3243/3243 3245/3245 3246/3246
f 3248/3248 3140/3140 3139/3139
f 3139/3139 3247/3247 3248/3248
f 3247/3247 3139/3139 3134/3134
f 3134/3134 3244/3244 3247/3247
f 3249/3249 3247/3247 3244/3244
f 3244/3244 3246/3246 3249/3249
f 3250/3250 3248/3248 3247/3247
f 3247/3247 3249/3249 3250/3250
f 3252/3252 3146/3146 3145/3145
f 3145/3145 3251/3251 3252/3252
f 3251/3251 3145/3145 3140/3140
f 3140/3140 3248/3248 3251/3251
f 3253/3253 3251/3251 3248/3248
f 3248/3248 3250/3250 3253/3253
f 3254/3254 3252/3252 3251/3251
f 3251/3251 3253/3253 3254/3254
f 3256/3256 3152/3152 3151/3151
f 3151/3151 3255/3255 3256/3256
f 3255/3255 3151/3151 3146/3146
f 3146/3146 3252/3252 3255/3255
f 3257/3257 3255/3255 3252/3252
f 3252/3252 3254/3254 3257/3257
f 3258/3258 3256/3256 3255/3255
f 3255/3255 3257/3257 3258/3258
f 3260/3260 3158/3158 3157/3157
f 3157/3157 3259/3259 3260/3260
f 3259/3259 3157/3157 3152/3152
f 3152/3152 3256/3256 3259/3259
f 3261/3261 3259/3259 3256/3256
f 3256/3256 3258/3258 3261/3261
f 3262/3262 3260/3260 3259/3259
f 3259/3259 3261/3261 3262/3262
f 3264/3264 3164/3164 3163/3163
f 3163/3163 3263/3263 3264/3264
f 3263/3263 3163/3163 3158/3158
f 3158/3158 3260/3260 3263/3263
f 3265/3265 3263/3263 3260/3260
f 3260/3260 3262/3262 3265/3265
f 3266/3266 3264/3264 3263/3263
f 3263/3263 3265/3265 3266/3266
f 3268/3268 3170/3170 3169/3169
f 3169/3169 3267/3267 3268/3268
f 3267/3267 3169/3169 3164/3164
f 3164/3164 3264/3264 3267/3267
f 3269/3269 3267/3267 3264/3264
f 3264/3264 3266/3266 3269/3269
f 3270/3270 3268/3268 3267/3267
f 3267/3267 3269/3269 3270/3270
f 3272/3272 3176/3176 3175/3175
f 3175/3175 3271/3271 3272/3272
f 3271/3271 3175/3175 3170/3170
f 3170/3170 3268/3268 3271/3271
f 3273/3273 3271/3271 3268/3268
f 3268/3268 3270/3270 3273/3273
f 3274/3274 3272/3272 3271/3271
f 3271/3271 3273/3273 3274/3274
f 3276/3276 3182/3182 3181/3181
f 3181/3181 3275/3275 3276/3276
f 3275/3275 3181/3181 3176/3176
f 3176/3176 3272/3272 3275/3275
f 3277/3277 3275/3275 3272/3272
f 3272/3272 3274/3274 3277/3277
f 3278/3278 3276/3276 3275/3275
f 3275/3275 3277/3277 3278/3278
f 3280/3280 3188/3188 3187/3187
f 3187/3187 3279/3279 3280/3280
f 3279/3279 3187/3187 3182/3182
f 3182/3182 3276/3276 3279/3279
f 3281/3281 3279/3279 3276/3276
f 3276/3276 3278/3278 3281/3281
f 3282/3282 3280/3280 3279/3279
f 3279/3279 3281/3281 3282/3282
f 3284/3284 3194/3194 3193/3193
f 3193/3193 3283/3283 3284/3284
f 3283/3283 3193/3193 3188/3188
f 3188/3188 3280/3280 3283/3283
f 3285/3285 3283/3283 3280/3280
f 3280/3280 3282/3282 3285/3285
f 3286/3286 3284/3284 3283/3283
f 3283/3283 3285/3285 3286/3286
f 3288/3288 3200/3200 3199/3199
f 3199/3199 3287/3287 3288/3288
f 3287/3287 3199/3199 3194/3194
f 3194/3194 3284/3284 3287/3287
f 3289/3289 3287/3287 3284/3284
f 3284/3284 3286/3286 3289/3289
f 3290/3290 3288/3288 3287/3287
f 3287/3287 3289/3289 3290/3290
f 3292/3292 3206/3206 3205/3205
f 3205/3205 3291/3291 3292/3292
f 3291/3291 3205/3205 3200/3200
f 3200/3200 3288/3288 3291/3291
f 3293/3293 3291/3291 3288/3288
f 3288/3288 3290/3290 3293/3293
f 3294/3294 3292/3292 3291/3291
f 3291/3291 3293/3293 3294/3294
f 3296/3296 3215/3215 3214/3214
f 3214/3214 3295/3295 3296/3296
f 3295/3295 3214/3214 3213/3213
f 3213/3213 3297/3297 3295/3295
f 3299/3299 3295/3295 3297/3297
f 3297/3297 3298/3298 3299/3299
f 3300/3300 3296/3296 3295/3295
f 3295/3295 3299/3299 3300/3300
f 3302/3302 3221/3221 3220/3220
f 3220/3220 3301/3301 3302/3302
f 3301/3301 3220/3220 3215/3215
f 3215/3215 3296/3296 3301/3301
f 3303/3303 3301/3301 3296/3296
f 3296/3296 3300/3300 3303/3303
f 3304/3304 3302/3302 3301/3301
f 3301/3301 3303/3303 3304/3304
f 3227/3227 3108/3108 3224/3224
f 3224/3224 3305/3305 3227/3227
f 3305/3305 3224/3224 3221/3221
f 3221/3221 3302/3302 3305/3305
f 3306/3306 3305/3305 3302/3302
f 3302/3302 3304/3304 3306/3306
f 3228/3228 3227/3227 3305/3305
f 3305/3305 3306/3306 3228/3228
f 3310/3310 3307/3307 3308/3308
f 3308/3308 3309/3309 3310/3310
f 3309/3309 3308/3308 3311/3311
f 3311/3311 3312/3312 3309/3309
f 3314/3314 3309/3309 3312/3312
f 3312/3312 3313/3313 3314/3314
f 3315/3315 3310/3310 3309/3309
f 3309/3309 3314/3314 3315/3315
f 3319/3319 3316/3316 3317/3317
f 3317/3317 3318/3318 3319/3319
f 3318/3318 3317/3317 3307/3307
f 3307/3307 3310/3310 3318/3318
f 3320/3320 3318/3318 3310/3310
f 3310/3310 3315/3315 3320/3320
f 3321/3321 3319/3319 3318/3318
f 3318/3318 3320/3320 3321/3321
f 3325/3325 3322/3322 3323/3323
f 3323/3323 3324/3324 3325/3325
f 3324/3324 3323/3323 3316/3316
f 3316/3316 3319/3319 3324/3324
f 3326/3326 3324/3324 3319/3319
f 3319/3319 3321/3321 3326/3326
f 3327/3327 3325/3325 3324/3324
f 3324/3324 3326/3326 3327/3327
f 3331/3331 3328/3328 3329/3329
f 3329/3329 3330/3330 3331/3331
f 3330/3330 3329/3329 3322/3322
f 3322/3322 3325/3325 3330/3330
f 3332/3332 3330/3330 3325/3325
f 3325/3325 3327/3327 3332/3332
f 3333/3333 3331/3331 3330/3330
f 3330/3330 3332/3332 3333/3333
f 3337/3337 3334/3334 3335/3335
f 3335/3335 3336/3336 3337/3337
f 3336/3336 3335/3335 3328/3328
f 3328/3328 3331/3331 3336/3336
f 3338/3338 3336/3336 3331/3331
f 3331/3331 3333/3333 3338/3338
f 3339/3339 3337/3337 3336/3336
f 3336/3336 3338/3338 3339/3339
f 3343/3343 3340/3340 3341/3341
f 3341/3341 3342/3342 3343/3343
f 3342/3342 3341/3341 3334/3334
f 3334/3334 3337/3337 3342/3342
f 3344/3344 3342/3342 3337/3337
f 3337/3337 3339/3339 3344/3344
f 3345/3345 3343/3343 3342/3342
f 3342/3342 3344/3344 3345/3345
f 3349/3349 3346/3346 3347/3347
f 3347/3347 3348/3348 3349/3349
f 3348/3348 3347/3347 3340/3340
f 3340/3340 3343/3343 3348/3348
f 3350/3350 3348/3348 3343/3343
f 3343/3343 3345/3345 3350/3350
f 3351/3351 3349/3349 3348/3348
f 3348/3348 3350/3350 3351/3351
f 3355/3355 3352/3352 3353/3353
f 3353/3353 3354/3354 3355/3355
f 3354/3354 3353/3353 3346/3346
f 3346/3346 3349/3349 3354/3354
f 3356/3356 3354/3354 3349/3349
f 3349/3349 3351/3351 3356/3356
f 3357/3357 3355/3355 3354/3354
f 3354/3354 3356/3356 3357/3357
f 3361/3361 3358/3358 3359/3359
f 3359/3359 3360/3360 3361/3361
f 3360/3360 3359/3359 3362/3362
f 3362/3362 3363/3363 3360/3360
f 3365/3365 3360/3360 3363/3363
f 3363/3363 3364/3364 3365/3365
f 3366/3366 3361/3361 3360/3360
f 3360/3360 3365/3365 3366/3366
f 3370/3370 3367/3367 3368/3368
f 3368/3368 3369/3369 3370/3370
f 3369/3369 3368/3368 3358/3358
f 3358/3358 3361/3361 3369/3369
f 3371/3371 3369/3369 3361/3361
f 3361/3361 3366/3366 3371/3371
f 3372/3372 3370/3370 3369/3369
f 3369/3369 3371/3371 3372/3372
f 3376/3376 3373/3373 3374/3374
f 3374/3374 3375/3375 3376/3376
f 3375/3375 3374/3374 3367/3367
f 3367/3367 3370/3370 3375/3375
f 3377/3377 3375/3375 3370/3370
f 3370/3370 3372/3372 3377/3377
f 3378/3378 3376/3376 3375/3375
f 3375/3375 3377/3377 3378/3378
f 3382/3382 3379/3379 3380/3380
f 3380/3380 3381/3381 3382/3382
f 3381/3381 3380/3380 3373/3373
f 3373/3373 3376/3376 3381/3381
f 3383/3383 3381/3381 3376/3376
f 3376/3376 3378/3378 3383/3383
f 3384/3384 3382/3382 3381/3381
f 3381/3381 3383/3383 3384/3384
f 3388/3388 3385/3385 3386/3386
f 3386/3386 3387/3387 3388/3388
f 3387/3387 3386/3386 3379/3379
f 3379/3379 3382/3382 3387/3387
f 3389/3389 3387/3387 3382/3382
f 3382/3382 3384/3384 3389/3389
f 3390/3390 3388/3388 3387/3387
f 3387/3387 3389/3389 3390/3390
f 3394/3394 3391/3391 3392/3392
f 3392/3392 3393/3393 3394/3394
f 3393/3393 3392/3392 3385/3385
f 3385/3385 3388/3388 3393/3393
f 3395/3395 3393/3393 3388/3388
f 3388/3388 3390/3390 3395/3395
f 3396/3396 3394/3394 3393/3393
f 3393/3393 3395/3395 3396/3396
f 3400/3400 3397/3397 3398/3398
f 3398/3398 3399/3399 3400/3400
f 3399/3399 3398/3398 3391/3391
f 3391/3391 3394/3394 3399/3399
f 3401/3401 3399/3399 3394/3394
f 3394/3394 3396/3396 3401/3401
f 3402/3402 3400/3400 3399/3399
f 3399/3399 3401/3401 3402/3402
f 3406/3406 3403/3403 3404/3404
f 3404/3404 3405/3405 3406/3406
f 3405/3405 3404/3404 3397/3397
f 3397/3397 3400/3400 3405/3405
f 3407/3407 3405/3405 3400/3400
f 3400/3400 3402/3402 3407/3407
f 3408/3408 3406/3406 3405/3405
f 3405/3405 3407/3407 3408/3408
f 3412/3412 3409/3409 3410/3410
f 3410/3410 3411/3411 3412/3412
f 3411/3411 3410/3410 3403/3403
f 3403/3403 3406/3406 3411/3411
f 3413/3413 3411/3411 3406/3406
f 3406/3406 3408/3408 3413/3413
f 3414/3414 3412/3412 3411/3411
f 3411/3411 3413/3413 3414/3414
f 3418/3418 3415/3415 3416/3416
f 3416/3416 3417/3417 3418/3418
f 3417/3417 3416/3416 3409/3409
f 3409/3409 3412/3412 3417/3417
f 3419/3419 3417/3417 3412/3412
f 3412/3412 3414/3414 3419/3419
f 3420/3420 3418/3418 3417/3417
f 3417/3417 3419/3419 3420/3420
f 3424/3424 3421/3421 3422/3422
f 3422/3422 3423/3423 3424/3424
f 3423/3423 3422/3422 3415/3415
f 3415/3415 3418/3418 3423/3423
f 3425/3425 3423/3423 3418/3418
f 3418/3418 3420/3420 3425/3425
f 3426/3426 3424/3424 3423/3423
f 3423/3423 3425/3425 3426/3426
f 3312/3312 3311/3311 3427/3427
f 3427/3427 3428/3428 3312/3312
f 3428/3428 3427/3427 3421/3421
f 3421/3421 3424/3424 3428/3428
f 3429/3429 3428/3428 3424/3424
f 3424/3424 3426/3426 3429/3429
f 3313/3313 3312/3312 3428/3428
f 3428/3428 3429/3429 3313/3313
f 3431/3431 3315/3315 3314/3314
f 3314/3314 3430/3430 3431/3431
f 3430/3430 3314/3314 3313/3313
f 3313/3313 3432/3432 3430/3430
f 3434/3434 3430/3430 3432/3432
f 3432/3432 3433/3433 3434/3434
f 3435/3435 3431/3431 3430/3430
f 3430/3430 3434/3434 3435/3435
f 3437/3437 3321/3321 3320/3320
f 3320/3320 3436/3436 3437/3437
f 3436/3436 3320/3320 3315/3315
f 3315/3315 3431/3431 3436/3436
f 3438/3438 3436/3436 3431/3431
f 3431/3431 3435/3435 3438/3438
f 3439/3439 3437/3437 3436/3436
f 3436/3436 3438/3438 3439/3439
f 3441/3441 3327/3327 3326/3326
f 3326/3326 3440/3440 3441/3441
f 3440/3440 3326/3326 3321/3321
f 3321/3321 3437/3437 3440/3440
f 3442/3442 3440/3440 3437/3437
f 3437/3437 3439/3439 3442/3442
f 3443/3443 3441/3441 3440/3440
f 3440/3440 3442/3442 3443/3443
f 3445/3445 3333/3333 3332/3332
f 3332/3332 3444/3444 3445/3445
f 3444/3444 3332/3332 3327/3327
f 3327/3327 3441/3441 3444/3444
f 3446/3446 3444/3444 3441/3441
f 3441/3441 3443/3443 3446/3446
f 3447/3447 3445/3445 3444/3444
f 3444/3444 3446/3446 3447/3447
f 3449/3449 3339/3339 3338/3338
f 3338/3338 3448/3448 3449/3449
f 3448/3448 3338/3338 3333/3333
f 3333/3333 3445/3445 3448/3448
f 3450/3450 3448/3448 3445/3445
f 3445/3445 3447/3447 3450/3450
f 3451/3451 3449/3449 3448/3448
f 3448/3448 3450/3450 3451/3451
f 3453/3453 3345/3345 3344/3344
f 3344/3344 3452/3452 3453/3453
f 3452/3452 3344/3344 3339/3339
f 3339/3339 3449/3449 3452/3452
f 3454/3454 3452/3452 3449/3449
f 3449/3449 3451/3451 3454/3454
f 3455/3455 3453/3453 3452/3452
f 3452/3452 3454/3454 3455/3455
f 3457/3457 3351/3351 3350/3350
f 3350/3350 3456/3456 3457/3457
f 3456/3456 3350/3350 3345/3345
f 3345/3345 3453/3453 3456/3456
f 3458/3458 3456/3456 3453/3453
f 3453/3453 3455/3455 3458/3458
f 3459/3459 3457/3457 3456/3456
f 3456/3456 3458/3458 3459/3459
f 3461/3461 3357/3357 3356/3356
f 3356/3356 3460/3460 3461/3461
f 3460/3460 3356/3356 3351/3351
f 3351/3351 3457/3457 3460/3460
f 3462/3462 3460/3460 3457/3457
f 3457/3457 3459/3459 3462/3462
f 3463/3463 3461/3461 3460/3460
f 3460/3460 3462/3462 3463/3463
f 3465/3465 3366/3366 3365/3365
f 3365/3365 3464/3464 3465/3465
f 3464/3464 3365/3365 3364/3364
f 3364/3364 3466/3466 3464/3464
f 3468/3468 3464/3464 3466/3466
f 3466/3466 3467/3467 3468/3468
f 3469/3469 3465/3465 3464/3464
f 3464/3464 3468/3468 3469/3469
f 3471/3471 3372/3372 3371/3371
f 3371/3371 3470/3470 3471/3471
f 3470/3470 3371/3371 3366/3366
f 3366/3366 3465/3465 3470/3470
f 3472/3472 3470/3470 3465/3465
f 3465/3465 3469/3469 3472/3472
f 3473/3473 3471/3471 3470/3470
f 3470/3470 3472/3472 3473/3473
f 3475/3475 3378/3378 3377/3377
f 3377/3377 3474/3474 3475/3475
f 3474/3474 3377/3377 3372/3372
f 3372/3372 3471/3471 3474/3474
f 3476/3476 3474/3474 3471/3471
f 3471/3471 3473/3473 3476/3476
f 3477/3477 3475/3475 3474/3474
f 3474/3474 3476/3476 3477/3477
f 3479/3479 3384/3384 3383/3383
f 3383/3383 3478/3478 3479/3479
f 3478/3478 3383/3383 3378/3378
f 3378/3378 3475/3475 3478/3478
f 3480/3480 3478/3478 3475/3475
f 3475/3475 3477/3477 3480/3480
f 3481/3481 3479/3479 3478/3478
f 3478/3478 3480/3480 3481/3481
f 3483/3483 3390/3390 3389/3389
f 3389/3389 3482/3482 3483/3483
f 3482/3482 3389/3389 3384/3384
f 3384/3384 3479/3479 3482/3482
f 3484/3484 3482/3482 3479/3479
f 3479/3479 3481/3481 3484/3484
f 3485/3485 3483/3483 3482/3482
f 3482/3482 3484/3484 3485/3485
f 3487/3487 3396/3396 3395/3395
f 3395/3395 3486/3486 3487/3487
f 3486/3486 3395/3395 3390/3390
f 3390/3390 3483/3483 3486/3486
f 3488/3488 3486/3486 3483/3483
f 3483/3483 3485/3485 3488/3488
f 3489/3489 3487/3487 3486/3486
f 3486/3486 3488/3488 3489/3489
f 3491/3491 3402/3402 3401/3401
f 3401/3401 3490/3490 3491/3491
f 3490/3490 3401/3401 3396/3396
f 3396/3396 3487/3487 3490/3490
f 3492/3492 3490/3490 3487/3487
f 3487/3487 3489/3489 3492/3492
f 3493/3493 3491/3491 3490/3490
f 3490/3490 3492/3492 3493/3493
f 3495/3495 3408/3408 3407/3407
f 3407/3407 3494/3494 3495/3495
f 3494/3494 3407/3407 3402/3402
f 3402/3402 3491/3491 3494/3494
f 3496/3496 3494/3494 3491/3491
f 3491/3491 3493/3493 3496/3496
f 3497/3497 3495/3495 3494/3494
f 3494/3494 3496/3496 3497/3497
f 3499/3499 3414/3414 3413/3413
f 3413/3413 3498/3498 3499/3499
f 3498/3498 3413/3413 3408/3408
f 3408/3408 3495/3495 3498/3498
f 3500/3500 3498/3498 3495/3495
f 3495/3495 3497/3497 3500/3500
f 3501/3501 3499/3499 3498/3498
f 3498/3498 3500/3500 3501/3501
f 3503/3503 3420/3420 3419/3419
f 3419/3419 3502/3502 3503/3503
f 3502/3502 3419/3419 3414/3414
f 3414/3414 3499/3499 3502/3502
f 3504/3504 3502/3502 3499/3499
f 3499/3499 3501/3501 3504/3504
f 3505/3505 3503/3503 3502/3502
f 3502/3502 3504/3504 3505/3505
f 3507/3507 3426/3426 3425/3425
f 3425/3425 3506/3506 3507/3507
f 3506/3506 3425/3425 3420/3420
f 3420/3420 3503/3503 3506/3506
f 3508/3508 3506/3506 3503/3503
f 3503/3503 3505/3505 3508/3508
f 3509/3509 3507/3507 3506/3506
f 3506/3506 3508/3508 3509/3509
f 3432/3432 3313/3313 3429/3429
f 3429/3429 3510/3510 3432/3432
f 3510/3510 3429/3429 3426/3426
f 3426/3426 3507/3507 3510/3510
f 3511/3511 3510/3510 3507/3507
f 3507/3507 3509/3509 3511/3511
f 3433/3433 3432/3432 3510/3510
f 3510/3510 3511/3511 3433/3433
f 3515/3515 3512/3512 3513/3513
f 3513/3513 3514/3514 3515/3515
f 3514/3514 3513/3513 3516/3516
f 3516/3516 3517/3517 3514/3514
f 3519/3519 3514/3514 3517/3517
f 3517/3517 3518/3518 3519/3519
f 3520/3520 3515/3515 3514/3514
f 3514/3514 3519/3519 3520/3520
f 3524/3524 3521/3521 3522/3522
f 3522/3522 3523/3523 3524/3524
f 3523/3523 3522/3522 3512/3512
f 3512/3512 3515/3515 3523/3523
f 3525/3525 3523/3523 3515/3515
f 3515/3515 3520/3520 3525/3525
f 3526/3526 3524/3524 3523/3523
f 3523/3523 3525/3525 3526/3526
f 3530/3530 3527/3527 3528/3528
f 3528/3528 3529/3529 3530/3530
f 3529/3529 3528/3528 3521/3521
f 3521/3521 3524/3524 3529/3529
f 3531/3531 3529/3529 3524/3524
f 3524/3524 3526/3526 3531/3531
f 3532/3532 3530/3530 3529/3529
f 3529/3529 3531/3531 3532/3532
f 3536/3536 3533/3533 3534/3534
f 3534/3534 3535/3535 3536/3536
f 3535/3535 3534/3534 3527/3527
f 3527/3527 3530/3530 3535/3535
f 3537/3537 3535/3535 3530/3530
f 3530/3530 3532/3532 3537/3537
f 3538/3538 3536/3536 3535/3535
f 3535/3535 3537/3537 3538/3538
f 3542/3542 3539/3539 3540/3540
f 3540/3540 3541/3541 3542/3542
f 3541/3541 3540/3540 3533/3533
f 3533/3533 3536/3536 3541/3541
f 3543/3543 3541/3541 3536/3536
f 3536/3536 3538/3538 3543/3543
f 3544/3544 3542/3542 3541/3541
f 3541/3541 3543/3543 3544/3544
f 3548/3548 3545/3545 3546/3546
f 3546/3546 3547/3547 3548/3548
f 3547/3547 3546/3546 3539/3539
f 3539/3539 3542/3542 3547/3547
f 3549/3549 3547/3547 3542/3542
f 3542/3542 3544/3544 3549/3549
f 3550/3550 3548/3548 3547/3547
f 3547/3547 3549/3549 3550/3550
f 3554/3554 3551/3551 3552/3552
f 3552/3552 3553/3553 3554/3554
f 3553/3553 3552/3552 3545/3545
f 3545/3545 3548/3548 3553/3553
f 3555/3555 3553/3553 3548/3548
f 3548/3548 3550/3550 3555/3555
f 3556/3556 3554/3554 3553/3553
f 3553/3553 3555/3555 3556/3556
f 3560/3560 3557/3557 3558/3558
f 3558/3558 3559/3559 3560/3560
f 3559/3559 3558/3558 3551/3551
f 3551/3551 3554/3554 3559/3559
f 3561/3561 3559/3559 3554/3554
f 3554/3554 3556/3556 3561/3561
f 3562/3562 3560/3560 3559/3559
f 3559/3559 3561/3561 3562/3562
f 3566/3566 3563/3563 3564/3564
f 3564/3564 3565/3565 3566/3566
f 3565/3565 3564/3564 3567/3567
f 3567/3567 3568/3568 3565/3565
f 3570/3570 3565/3565 3568/3568
f 3568/3568 3569/3569 3570/3570
f 3571/3571 3566/3566 3565/3565
f 3565/3565 3570/3570 3571/3571
f 3575/3575 3572/3572 3573/3573
f 3573/3573 3574/3574 3575/3575
f 3574/3574 3573/3573 3563/3563
f 3563/3563 3566/3566 3574/3574
f 3576/3576 3574/3574 3566/3566
f 3566/3566 3571/3571 3576/3576
f 3577/3577 3575/3575 3574/3574
f 3574/3574 3576/3576 3577/3577
f 3581/3581 3578/3578 3579/3579
f 3579/3579 3580/3580 3581/3581
f 3580/3580 3579/3579 3572/3572
f 3572/3572 3575/3575 3580/3580
f 3582/3582 3580/3580 3575/3575
f 3575/3575 3577/3577 3582/3582
f 3583/3583 3581/3581 3580/3580
f 3580/3580 3582/3582 3583/3583
f 3587/3587 3584/3584 3585/3585
f 3585/3585 3586/3586 3587/3587
f 3586/3586 3585/3585 3578/3578
f 3578/3578 3581/3581 3586/3586
f 3588/3588 3586/3586 3581/3581
f 3581/3581 3583/3583 3588/3588
f 3589/3589 3587/3587 3586/3586
f 3586/3586 3588/3588 3589/3589
f 3593/3593 3590/3590 3591/3591
f 3591/3591 3592/3592 3593/3593
f 3592/3592 3591/3591 3584/3584
f 3584/3584 3587/3587 3592/3592
f 3594/3594 3592/3592 3587/3587
f 3587/3587 3589/3589 3594/3594
f 3595/3595 3593/3593 3592/3592
f 3592/3592 3594/3594 3595/3595
f 3599/3599 3596/3596 3597/3597
f 3597/3597 3598/3598 3599/3599
f 3598/3598 3597/3597 3590/3590
f 3590/3590 3593/3593 3598/3598
f 3600/3600 3598/3598 3593/3593
f 3593/3593 3595/3595 3600/3600
f 3601/3601 3599/3599 3598/3598
f 3598/3598 3600/3600 3601/3601
f 3605/3605 3602/3602 3603/3603
f 3603/3603 3604/3604 3605/3605
f 3604/3604 3603/3603 3596/3596
f 3596/3596 3599/3599 3604/3604
f 3606/3606 3604/3604 3599/3599
f 3599/3599 3601/3601 3606/3606
f 3607/3607 3605/3605 3604/3604
f 3604/3604 3606/3606 3607/3607
f 3611/3611 3608/3608 3609/3609
f 3609/3609 3610/3610 3611/3611
f 3610/3610 3609/3609 3602/3602
f 3602/3602 3605/3605 3610/3610
f 3612/3612 3610/3610 3605/3605
f 3605/3605 3607/3607 3612/3612
f 3613/3613 3611/3611 3610/3610
f 3610/3610 3612/3612 3613/3613
f 3617/3617 3614/3614 3615/3615
f 3615/3615 3616/3616 3617/3617
f 3616/3616 3615/3615 3608/3608
f 3608/3608 3611/3611 3616/3616
f 3618/3618 3616/3616 3611/3611
f 3611/3611 3613/3613 3618/3618
f 3619/3619 3617/3617 3616/3616
f 3616/3616 3618/3618 3619/3619
f 3623/3623 3620/3620 3621/3621
f 3621/3621 3622/3622 3623/3623
f 3622/3622 3621/3621 3614/3614
f 3614/3614 3617/3617 3622/3622
f 3624/3624 3622/3622 3617/3617
f 3617/3617 3619/3619 3624/3624
f 3625/3625 3623/3623 3622/3622
f 3622/3622 3624/3624 3625/3625
f 3629/3629 3626/3626 3627/3627
f 3627/3627 3628/3628 3629/3629
f 3628/3628 3627/3627 3620/3620
f 3620/3620 3623/3623 3628/3628
f 3630/3630 3628/3628 3623/3623
f 3623/3623 3625/3625 3630/3630
f 3631/3631 3629/3629 3628/3628
f 3628/3628 3630/3630 3631/3631
f 3517/3517 3516/3516 3632/3632
f 3632/3632 3633/3633 3517/3517
f 3633/3633 3632/3632 3626/3626
f 3626/3626 3629/3629 3633/3633
f 3634/3634 3633/3633 3629/3629
f 3629/3629 3631/3631 3634/3634
f 3518/3518 3517/3517 3633/3633
f 3633/3633 3634/3634 3518/3518
f 3638/3638 3635/3635 3636/3636
f 3636/3636 3637/3637 3638/3638
f 3636/3636 3639/3639 3640/3640
f 3640/3640 3637/3637 3636/3636
f 3640/3640 3641/3641 3638/3638
f 3638/3638 3637/3637 3640/3640
f 3645/3645 3642/3642 3643/3643
f 3643/3643 3644/3644 3645/3645
f 3643/3643 3635/3635 3638/3638
f 3638/3638 3644/3644 3643/3643
f 3638/3638 3641/3641 3645/3645
f 3645/3645 3644/3644 3638/3638
f 3649/3649 3646/3646 3647/3647
f 3647/3647 3648/3648 3649/3649
f 3647/3647 3642/3642 3645/3645
f 3645/3645 3648/3648 3647/3647
f 3645/3645 3641/3641 3649/3649
f 3649/3649 3648/3648 3645/3645
f 3653/3653 3650/3650 3651/3651
f 3651/3651 3652/3652 3653/3653
f 3651/3651 3646/3646 3649/3649
f 3649/3649 3652/3652 3651/3651
f 3649/3649 3641/3641 3653/3653
f 3653/3653 3652/3652 3649/3649
f 3657/3657 3654/3654 3655/3655
f 3655/3655 3656/3656 3657/3657
f 3655/3655 3650/3650 3653/3653
f 3653/3653 3656/3656 3655/3655
f 3653/3653 3641/3641 3657/3657
f 3657/3657 3656/3656 3653/3653
f 3661/3661 3658/3658 3659/3659
f 3659/3659 3660/3660 3661/3661
f 3659/3659 3654/3654 3657/3657
f 3657/3657 3660/3660 3659/3659
f 3657/3657 3641/3641 3661/3661
f 3661/3661 3660/3660 3657/3657
f 3665/3665 3662/3662 3663/3663
f 3663/3663 3664/3664 3665/3665
f 3663/3663 3658/3658 3661/3661
f 3661/3661 3664/3664 3663/3663
f 3661/3661 3641/3641 3665/3665
f 3665/3665 3664/3664 3661/3661
f 3669/3669 3666/3666 3667/3667
f 3667/3667 3668/3668 3669/3669
f 3667/3667 3662/3662 3665/3665
f 3665/3665 3668/3668 3667/3667
f 3665/3665 3641/3641 3669/3669
f 3669/3669 3668/3668 3665/3665
f 3673/3673 3670/3670 3671/3671
f 3671/3671 3672/3672 3673/3673
f 3671/3671 3666/3666 3669/3669
f 3669/3669 3672/3672 3671/3671
f 3669/3669 3641/3641 3673/3673
f 3673/3673 3672/3672 3669/3669
f 3677/3677 3674/3674 3675/3675
f 3675/3675 3676/3676 3677/3677
f 3675/3675 3670/3670 3673/3673
f 3673/3673 3676/3676 3675/3675
f 3673/3673 3641/3641 3677/3677
f 3677/3677 3676/3676 3673/3673
f 3681/3681 3678/3678 3679/3679
f 3679/3679 3680/3680 3681/3681
f 3679/3679 3674/3674 3677/3677
f 3677/3677 3680/3680 3679/3679
f 3677/3677 3641/3641 3681/3681
f 3681/3681 3680/3680 3677/3677
f 3685/3685 3682/3682 3683/3683
f 3683/3683 3684/3684 3685/3685
f 3683/3683 3678/3678 3681/3681
f 3681/3681 3684/3684 3683/3683
f 3681/3681 3641/3641 3685/3685
f 3685/3685 3684/3684 3681/3681
f 3689/3689 3686/3686 3687/3687
f 3687/3687 3688/3688 3689/3689
f 3687/3687 3682/3682 3685/3685
f 3685/3685 3688/3688 3687/3687
f 3685/3685 3641/3641 3689/3689
f 3689/3689 3688/3688 3685/3685
f 3693/3693 3690/3690 3691/3691
f 3691/3691 3692/3692 3693/3693
f 3691/3691 3686/3686 3689/3689
f 3689/3689 3692/3692 3691/3691
f 3689/3689 3641/3641 3693/3693
f 3693/3693 3692/3692 3689/3689
f 3697/3697 3694/3694 3695/3695
f 3695/3695 3696/3696 3697/3697
f 3695/3695 3690/3690 3693/3693
f 3693/3693 3696/3696 3695/3695
f 3693/3693 3641/3641 3697/3697
f 3697/3697 3696/3696 3693/3693
f 3701/3701 3698/3698 3699/3699
f 3699/3699 3700/3700 3701/3701
f 3699/3699 3694/3694 3697/3697
f 3697/3697 3700/3700 3699/3699
f 3697/3697 3641/3641 3701/3701
f 3701/3701 3700/3700 3697/3697
f 3705/3705 3702/3702 3703/3703
f 3703/3703 3704/3704 3705/3705
f 3703/3703 3698/3698 3701/3701
f 3701/3701 3704/3704 3703/3703
f 3701/3701 3641/3641 3705/3705
f 3705/3705 3704/3704 3701/3701
f 3709/3709 3706/3706 3707/3707
f 3707/3707 3708/3708 3709/3709
f 3707/3707 3702/3702 3705/3705
f 3705/3705 3708/3708 3707/3707
f 3705/3705 3641/3641 3709/3709
f 3709/3709 3708/3708 3705/3705
f 3713/3713 3710/3710 3711/3711
f 3711/3711 3712/3712 3713/3713
f 3711/3711 3706/3706 3709/3709
f 3709/3709 3712/3712 3711/3711
f 3709/3709 3641/3641 3713/3713
f 3713/3713 3712/3712 3709/3709
f 3640/3640 3639/3639 3714/3714
f 3714/3714 3715/3715 3640/3640
f 3714/3714 3710/3710 3713/3713
f 3713/3713 3715/3715 3714/3714
f 3713/3713 3641/3641 3640/3640
f 3640/3640 3715/3715 3713/3713
f 3719/3719 3716/3716 3717/3717
f 3717/3717 3718/3718 3719/3719
f 3718/3718 3717/3717 3639/3639
f 3639/3639 3636/3636 3718/3718
f 3720/3720 3718/3718 3636/3636
f 3636/3636 3635/3635 3720/3720
f 3721/3721 3719/3719 3718/3718
f 3718/3718 3720/3720 3721/3721
f 3519/3519 3518/3518 3722/3722
f 3722/3722 3723/3723 3519/3519
f 3723/3723 3722/3722 3724/3724
f 3724/3724 3725/3725 3723/3723
f 3727/3727 3723/3723 3725/3725
f 3725/3725 3726/3726 3727/3727
f 3520/3520 3519/3519 3723/3723
f 3723/3723 3727/3727 3520/3520
f 3725/3725 3724/3724 3728/3728
f 3728/3728 3729/3729 3725/3725
f 3729/3729 3728/3728 3730/3730
f 3730/3730 3731/3731 3729/3729
f 3733/3733 3729/3729 3731/3731
f 3731/3731 3732/3732 3733/3733
f 3726/3726 3725/3725 3729/3729
f 3729/3729 3733/3733 3726/3726
f 3735/3735 3721/3721 3720/3720
f 3720/3720 3734/3734 3735/3735
f 3734/3734 3720/3720 3635/3635
f 3635/3635 3643/3643 3734/3734
f 3736/3736 3734/3734 3643/3643
f 3643/3643 3642/3642 3736/3736
f 3737/3737 3735/3735 3734/3734
f 3734/3734 3736/3736 3737/3737
f 3525/3525 3520/3520 3727/3727
f 3727/3727 3738/3738 3525/3525
f 3738/3738 3727/3727 3726/3726
f 3726/3726 3739/3739 3738/3738
f 3741/3741 3738/3738 3739/3739
f 3739/3739 3740/3740 3741/3741
f 3526/3526 3525/3525 3738/3738
f 3738/3738 3741/3741 3526/3526
f 3739/3739 3726/3726 3733/3733
f 3733/3733 3742/3742 3739/3739
f 3742/3742 3733/3733 3732/3732
f 3732/3732 3743/3743 3742/3742
f 3745/3745 3742/3742 3743/3743
f 3743/3743 3744/3744 3745/3745
f 3740/3740 3739/3739 3742/3742
f 3742/3742 3745/3745 3740/3740
f 3747/3747 3737/3737 3736/3736
f 3736/3736 3746/3746 3747/3747
f 3746/3746 3736/3736 3642/3642
f 3642/3642 3647/3647 3746/3746
f 3748/3748 3746/3746 3647/3647
f 3647/3647 3646/3646 3748/3748
f 3749/3749 3747/3747 3746/3746
f 3746/3746 3748/3748 3749/3749
f 3531/3531 3526/3526 3741/3741
f 3741/3741 3750/3750 3531/3531
f 3750/3750 3741/3741 3740/3740
f 3740/3740 3751/3751 3750/3750
f 3753/3753 3750/3750 3751/3751
f 3751/3751 3752/3752 3753/3753
f 3532/3532 3531/3531 3750/3750
f 3750/3750 3753/3753 3532/3532
f 3751/3751 3740/3740 3745/3745
f 3745/3745 3754/3754 3751/3751
f 3754/3754 3745/3745 3744/3744
f 3744/3744 3755/3755 3754/3754
f 3757/3757 3754/3754 3755/3755
f 3755/3755 3756/3756 3757/3757
f 3752/3752 3751/3751 3754/3754
f 3754/3754 3757/3757 3752/3752
f 3759/3759 3749/3749 3748/3748
f 3748/3748 3758/3758 3759/3759
f 3758/3758 3748/3748 3646/3646
f 3646/3646 3651/3651 3758/3758
f 3760/3760 3758/3758 3651/3651
f 3651/3651 3650/3650 3760/3760
f 3761/3761 3759/3759 3758/3758
f 3758/3758 3760/3760 3761/3761
f 3537/3537 3532/3532 3753/3753
f 3753/3753 3762/3762 3537/3537
f 3762/3762 3753/3753 3752/3752
f 3752/3752 3763/3763 3762/3762
f 3765/3765 3762/3762 3763/3763
f 3763/3763 3764/3764 3765/3765
f 3538/3538 3537/3537 3762/3762
f 3762/3762 3765/3765 3538/3538
f 3763/3763 3752/3752 3757/3757
f 3757/3757 3766/3766 3763/3763
f 3766/3766 3757/3757 3756/3756
f 3756/3756 3767/3767 3766/3766
f 3769/3769 3766/3766 3767/3767
f 3767/3767 3768/3768 3769/3769
f 3764/3764 3763/3763 3766/3766
f 3766/3766 3769/3769 3764/3764
f 3771/3771 3761/3761 3760/3760
f 3760/3760 3770/3770 3771/3771
f 3770/3770 3760/3760 3650/3650
f 3650/3650 3655/3655 3770/3770
f 3772/3772 3770/3770 3655/3655
f 3655/3655 3654/3654 3772/3772
f 3773/3773 3771/3771 3770/3770
f 3770/3770 3772/3772 3773/3773
f 3543/3543 3538/3538 3765/3765
f 3765/3765 3774/3774 3543/3543
f 3774/3774 3765/3765 3764/3764
f 3764/3764 3775/3775 3774/3774
f 3777/3777 3774/3774 3775/3775
f 3775/3775 3776/3776 3777/3777
f 3544/3544 3543/3543 3774/3774
f 3774/3774 3777/3777 3544/3544
f 3775/3775 3764/3764 3769/3769
f 3769/3769 3778/3778 3775/3775
f 3778/3778 3769/3769 3768/3768
f 3768/3768 3779/3779 3778/3778
f 3781/3781 3778/3778 3779/3779
f 3779/3779 3780/3780 3781/3781
f 3776/3776 3775/3775 3778/3778
f 3778/3778 3781/3781 3776/3776
f 3783/3783 3773/3773 3772/3772
f 3772/3772 3782/3782 3783/3783
f 3782/3782 3772/3772 3654/3654
f 3654/3654 3659/3659 3782/3782
f 3784/3784 3782/3782 3659/3659
f 3659/3659 3658/3658 3784/3784
f 3785/3785 3783/3783 3782/3782
f 3782/3782 3784/3784 3785/3785
f 3549/3549 3544/3544 3777/3777
f 3777/3777 3786/3786 3549/3549
f 3786/3786 3777/3777 3776/3776
f 3776/3776 3787/3787 3786/3786
f 3789/3789 3786/3786 3787/3787
f 3787/3787 3788/3788 3789/3789
f 3550/3550 3549/3549 3786/3786
f 3786/3786 3789/3789 3550/3550
f 3787/3787 3776/3776 3781/3781
f 3781/3781 3790/3790 3787/3787
f 3790/3790 3781/3781 3780/3780
f 3780/3780 3791/3791 3790/3790
f 3793/3793 3790/3790 3791/3791
f 3791/3791 3792/3792 3793/3793
f 3788/3788 3787/3787 3790/3790
f 3790/3790 3793/3793 3788/3788
f 3795/3795 3785/3785 3784/3784
f 3784/3784 3794/3794 3795/3795
f 3794/3794 3784/3784 3658/3658
f 3658/3658 3663/3663 3794/3794
f 3796/3796 3794/3794 3663/3663
f 3663/3663 3662/3662 3796/3796
f 3797/3797 3795/3795 3794/3794
f 3794/3794 3796/3796 3797/3797
f 3555/3555 3550/3550 3789/3789
f 3789/3789 3798/3798 3555/3555
f 3798/3798 3789/3789 3788/3788
f 3788/3788 3799/3799 3798/3798
f 3801/3801 3798/3798 3799/3799
f 3799/3799 3800/3800 3801/3801
f 3556/3556 3555/3555 3798/3798
f 3798/3798 3801/3801 3556/3556
f 3799/3799 3788/3788 3793/3793
f 3793/3793 3802/3802 3799/3799
f 3802/3802 3793/3793 3792/3792
f 3792/3792 3803/3803 3802/3802
f 3805/3805 3802/3802 3803/3803
f 3803/3803 3804/3804 3805/3805
f 3800/3800 3799/3799 3802/3802
f 3802/3802 3805/3805 3800/3800
f 3807/3807 3797/3797 3796/3796
f 3796/3796 3806/3806 3807/3807
f 3806/3806 3796/3796 3662/3662
f 3662/3662 3667/3667 3806/3806
f 3808/3808 3806/3806 3667/3667
f 3667/3667 3666/3666 3808/3808
f 3809/3809 3807/3807 3806/3806
f 3806/3806 3808/3808 3809/3809
f 3561/3561 3556/3556 3801/3801
f 3801/3801 3810/3810 3561/3561
f 3810/3810 3801/3801 3800/3800
f 3800/3800 3811/3811 3810/3810
f 3813/3813 3810/3810 3811/3811
f 3811/3811 3812/3812 3813/3813
f 3562/3562 3561/3561 3810/3810
f 3810/3810 3813/3813 3562/3562
f 3811/3811 3800/3800 3805/3805
f 3805/3805 3814/3814 3811/3811
f 3814/3814 3805/3805 3804/3804
f 3804/3804 3815/3815 3814/3814
f 3817/3817 3814/3814 3815/3815
f 3815/3815 3816/3816 3817/3817
f 3812/3812 3811/3811 3814/3814
f 3814/3814 3817/3817 3812/3812
f 3819/3819 3809/3809 3808/3808
f 3808/3808 3818/3818 3819/3819
f 3818/3818 3808/3808 3666/3666
f 3666/3666 3671/3671 3818/3818
f 3820/3820 3818/3818 3671/3671
f 3671/3671 3670/3670 3820/3820
f 3821/3821 3819/3819 3818/3818
f 3818/3818 3820/3820 3821/3821
f 3570/3570 3569/3569 3822/3822
f 3822/3822 3823/3823 3570/3570
f 3823/3823 3822/3822 3824/3824
f 3824/3824 3825/3825 3823/3823
f 3827/3827 3823/3823 3825/3825
f 3825/3825 3826/3826 3827/3827
f 3571/3571 3570/3570 3823/3823
f 3823/3823 3827/3827 3571/3571
f 3825/3825 3824/3824 3828/3828
f 3828/3828 3829/3829 3825/3825
f 3829/3829 3828/3828 3830/3830
f 3830/3830 3831/3831 3829/3829
f 3833/3833 3829/3829 3831/3831
f 3831/3831 3832/3832 3833/3833
f 3826/3826 3825/3825 3829/3829
f 3829/3829 3833/3833 3826/3826
f 3835/3835 3821/3821 3820/3820
f 3820/3820 3834/3834 3835/3835
f 3834/3834 3820/3820 3670/3670
f 3670/3670 3675/3675 3834/3834
f 3836/3836 3834/3834 3675/3675
f 3675/3675 3674/3674 3836/3836
f 3837/3837 3835/3835 3834/3834
f 3834/3834 3836/3836 3837/3837
f 3576/3576 3571/3571 3827/3827
f 3827/3827 3838/3838 3576/3576
f 3838/3838 3827/3827 3826/3826
f 3826/3826 3839/3839 3838/3838
f 3841/3841 3838/3838 3839/3839
f 3839/3839 3840/3840 3841/3841
f 3577/3577 3576/3576 3838/3838
f 3838/3838 3841/3841 3577/3577
f 3839/3839 3826/3826 3833/3833
f 3833/3833 3842/3842 3839/3839
f 3842/3842 3833/3833 3832/3832
f 3832/3832 3843/3843 3842/3842
f 3845/3845 3842/3842 3843/3843
f 3843/3843 3844/3844 3845/3845
f 3840/3840 3839/3839 3842/3842
f 3842/3842 3845/3845 3840/3840
f 3847/3847 3837/3837 3836/3836
f 3836/3836 3846/3846 3847/3847
f 3846/3846 3836/3836 3674/3674
f 3674/3674 3679/3679 3846/3846
f 3848/3848 3846/3846 3679/3679
f 3679/3679 3678/3678 3848/3848
f 3849/3849 3847/3847 3846/3846
f 3846/3846 3848/3848 3849/3849
f 3582/3582 3577/3577 3841/3841
f 3841/3841 3850/3850 3582/3582
f 3850/3850 3841/3841 3840/3840
f 3840/3840 3851/3851 3850/3850
f 3853/3853 3850/3850 3851/3851
f 3851/3851 3852/3852 3853/3853
f 3583/3583 3582/3582 3850/3850
f 3850/3850 3853/3853 3583/3583
f 3851/3851 3840/3840 3845/3845
f 3845/3845 3854/3854 3851/3851
f 3854/3854 3845/3845 3844/3844
f 3844/3844 3855/3855 3854/3854
f 3857/3857 3854/3854 3855/3855
f 3855/3855 3856/3856 3857/3857
f 3852/3852 3851/3851 3854/3854
f 3854/3854 3857/3857 3852/3852
f 3859/3859 3849/3849 3848/3848
f 3848/3848 3858/3858 3859/3859
f 3858/3858 3848/3848 3678/3678
f 3678/3678 3683/3683 3858/3858
f 3860/3860 3858/3858 3683/3683
f 3683/3683 3682/3682 3860/3860
f 3861/3861 3859/3859 3858/3858
f 3858/3858 3860/3860 3861/3861
f 3588/3588 3583/3583 3853/3853
f 3853/3853 3862/3862 3588/3588
f 3862/3862 3853/3853 3852/3852
f 3852/3852 3863/3863 3862/3862
f 3865/3865 3862/3862 3863/3863
f 3863/3863 3864/3864 3865/3865
f 3589/3589 3588/3588 3862/3862
f 3862/3862 3865/3865 3589/3589
f 3863/3863 3852/3852 3857/3857
f 3857/3857 3866/3866 3863/3863
f 3866/3866 3857/3857 3856/3856
f 3856/3856 3867/3867 3866/3866
f 3869/3869 3866/3866 3867/3867
f 3867/3867 3868/3868 3869/3869
f 3864/3864 3863/3863 3866/3866
f 3866/3866 3869/3869 3864/3864
f 3871/3871 3861/3861 3860/3860
f 3860/3860 3870/3870 3871/3871
f 3870/3870 3860/3860 3682/3682
f 3682/3682 3687/3687 3870/3870
f 3872/3872 3870/3870 3687/3687
f 3687/3687 3686/3686 3872/3872
f 3873/3873 3871/3871 3870/3870
f 3870/3870 3872/3872 3873/3873
f 3594/3594 3589/3589 3865/3865
f 3865/3865 3874/3874 3594/3594
f 3874/3874 3865/3865 3864/3864
f 3864/3864 3875/3875 3874/3874
f 3877/3877 3874/3874 3875/3875
f 3875/3875 3876/3876 3877/3877
f 3595/3595 3594/3594 3874/3874
f 3874/3874 3877/3877 3595/3595
f 3875/3875 3864/3864 3869/3869
f 3869/3869 3878/3878 3875/3875
f 3878/3878 3869/3869 3868/3868
f 3868/3868 3879/3879 3878/3878
f 3881/3881 3878/3878 3879/3879
f 3879/3879 3880/3880 3881/3881
f 3876/3876 3875/3875 3878/3878
f 3878/3878 3881/3881 3876/3876
f 3883/3883 3873/3873 3872/3872
f 3872/3872 3882/3882 3883/3883
f 3882/3882 3872/3872 3686/3686
f 3686/3686 3691/3691 3882/3882
f 3884/3884 3882/3882 3691/3691
f 3691/3691 3690/3690 3884/3884
f 3885/3885 3883/3883 3882/3882
f 3882/3882 3884/3884 3885/3885
f 3600/3600 3595/3595 3877/3877
f 3877/3877 3886/3886 3600/3600
f 3886/3886 3877/3877 3876/3876
f 3876/3876 3887/3887 3886/3886
f 3889/3889 3886/3886 3887/3887
f 3887/3887 3888/3888 3889/3889
f 3601/3601 3600/3600 3886/3886
f 3886/3886 3889/3889 3601/3601
f 3887/3887 3876/3876 3881/3881
f 3881/3881 3890/3890 3887/3887
f 3890/3890 3881/3881 3880/3880
f 3880/3880 3891/3891 3890/3890
f 3893/3893 3890/3890 3891/3891
f 3891/3891 3892/3892 3893/3893
f 3888/3888 3887/3887 3890/3890
f 3890/3890 3893/3893 3888/3888
f 3895/3895 3885/3885 3884/3884
f 3884/3884 3894/3894 3895/3895
f 3894/3894 3884/3884 3690/3690
f 3690/3690 3695/3695 3894/3894
f 3896/3896 3894/3894 3695/3695
f 3695/3695 3694/3694 3896/3896
f 3897/3897 3895/3895 3894/3894
f 3894/3894 3896/3896 3897/3897
f 3606/3606 3601/3601 3889/3889
f 3889/3889 3898/3898 3606/3606
f 3898/3898 3889/3889 3888/3888
f 3888/3888 3899/3899 3898/3898
f 3901/3901 3898/3898 3899/3899
f 3899/3899 3900/3900 3901/3901
f 3607/3607 3606/3606 3898/3898
f 3898/3898 3901/3901 3607/3607
f 3899/3899 3888/3888 3893/3893
f 3893/3893 3902/3902 3899/3899
f 3902/3902 3893/3893 3892/3892
f 3892/3892 3903/3903 3902/3902
f 3905/3905 3902/3902 3903/3903
f 3903/3903 3904/3904 3905/3905
f 3900/3900 3899/3899 3902/3902
f 3902/3902 3905/3905 3900/3900
f 3907/3907 3897/3897 3896/3896
f 3896/3896 3906/3906 3907/3907
f 3906/3906 3896/3896 3694/3694
f 3694/3694 3699/3699 3906/3906
f 3908/3908 3906/3906 3699/3699
f 3699/3699 3698/3698 3908/3908
f 3909/3909 3907/3907 3906/3906
f 3906/3906 3908/3908 3909/3909
f 3612/3612 3607/3607 3901/3901
f 3901/3901 3910/3910 3612/3612
f 3910/3910 3901/3901 3900/3900
f 3900/3900 3911/3911 3910/3910
f 3913/3913 3910/3910 3911/3911
f 3911/3911 3912/3912 3913/3913
f 3613/3613 3612/3612 3910/3910
f 3910/3910 3913/3913 3613/3613
f 3911/3911 3900/3900 3905/3905
f 3905/3905 3914/3914 3911/3911
f 3914/3914 3905/3905 3904/3904
f 3904/3904 3915/3915 3914/3914
f 3917/3917 3914/3914 3915/3915
f 3915/3915 3916/3916 3917/3917
f 3912/3912 3911/3911 3914/3914
f 3914/3914 3917/3917 3912/3912
f 3919/3919 3909/3909 3908/3908
f 3908/3908 3918/3918 3919/3919
f 3918/3918 3908/3908 3698/3698
f 3698/3698 3703/3703 3918/3918
f 3920/3920 3918/3918 3703/3703
f 3703/3703 3702/3702 3920/3920
f 3921/3921 3919/3919 3918/3918
f 3918/3918 3920/3920 3921/3921
f 3618/3618 3613/3613 3913/3913
f 3913/3913 3922/3922 3618/3618
f 3922/3922 3913/3913 3912/3912
f 3912/3912 3923/3923 3922/3922
f 3925/3925 3922/3922 3923/3923
f 3923/3923 3924/3924 3925/3925
f 3619/3619 3618/3618 3922/3922
f 3922/3922 3925/3925 3619/3619
f 3923/3923 3912/3912 3917/3917
f 3917/3917 3926/3926 3923/3923
f 3926/3926 3917/3917 3916/3916
f 3916/3916 3927/3927 3926/3926
f 3929/3929 3926/3926 3927/3927
f 3927/3927 3928/3928 3929/3929
f 3924/3924 3923/3923 3926/3926
f 3926/3926 3929/3929 3924/3924
f 3931/3931 3921/3921 3920/3920
f 3920/3920 3930/3930 3931/3931
f 3930/3930 3920/3920 3702/3702
f 3702/3702 3707/3707 3930/3930
f 3932/3932 3930/3930 3707/3707
f 3707/3707 3706/3706 3932/3932
f 3933/3933 3931/3931 3930/3930
f 3930/3930 3932/3932 3933/3933
f 3624/3624 3619/3619 3925/3925
f 3925/3925 3934/3934 3624/3624
f 3934/3934 3925/3925 3924/3924
f 3924/3924 3935/3935 3934/3934
f 3937/3937 3934/3934 3935/3935
f 3935/3935 3936/3936 3937/3937
f 3625/3625 3624/3624 3934/3934
f 3934/3934 3937/3937 3625/3625
f 3935/3935 3924/3924 3929/3929
f 3929/3929 3938/3938 3935/3935
f 3938/3938 3929/3929 3928/3928
f 3928/3928 3939/3939 3938/3938
f 3941/3941 3938/3938 3939/3939
f 3939/3939 3940/3940 3941/3941
f 3936/3936 3935/3935 3938/3938
f 3938/3938 3941/3941 3936/3936
f 3943/3943 3933/3933 3932/3932
f 3932/3932 3942/3942 3943/3943
f 3942/3942 3932/3932 3706/3706
f 3706/3706 3711/3711 3942/3942
f 3944/3944 3942/3942 3711/3711
f 3711/3711 3710/3710 3944/3944
f 3945/3945 3943/3943 3942/3942
f 3942/3942 3944/3944 3945/3945
f 3630/3630 3625/3625 3937/3937
f 3937/3937 3946/3946 3630/3630
f 3946/3946 3937/3937 3936/3936
f 3936/3936 3947/3947 3946/3946
f 3949/3949 3946/3946 3947/3947
f 3947/3947 3948/3948 3949/3949
f 3631/3631 3630/3630 3946/3946
f 3946/3946 3949/3949 3631/3631
f 3947/3947 3936/3936 3941/3941
f 3941/3941 3950/3950 3947/3947
f 3950/3950 3941/3941 3940/3940
f 3940/3940 3951/3951 3950/3950
f 3953/3953 3950/3950 3951/3951
f 3951/3951 3952/3952 3953/3953
f 3948/3948 3947/3947 3950/3950
f 3950/3950 3953/3953 3948/3948
f 3714/3714 3639/3639 3717/3717
f 3717/3717 3954/3954 3714/3714
f 3954/3954 3717/3717 3716/3716
f 3716/3716 3955/3955 3954/3954
f 3944/3944 3954/3954 3955/3955
f 3955/3955 3945/3945 3944/3944
f 3710/3710 3714/3714 3954/3954
f 3954/3954 3944/3944 3710/3710
f 3957/3957 3730/3730 3728/3728
f 3728/3728 3956/3956 3957/3957
f 3956/3956 3728/3728 3724/3724
f 3724/3724 3958/3958 3956/3956
f 3953/3953 3956/3956 3958/3958
f 3958/3958 3948/3948 3953/3953
f 3952/3952 3957/3957 3956/3956
f 3956/3956 3953/3953 3952/3952
f 3958/3958 3724/3724 3722/3722
f 3722/3722 3959/3959 3958/3958
f 3959/3959 3722/3722 3518/3518
f 3518/3518 3634/3634 3959/3959
f 3949/3949 3959/3959 3634/3634
f 3634/3634 3631/3631 3949/3949
f 3948/3948 3958/3958 3959/3959
f 3959/3959 3949/3949 3948/3948
f 3961/3961 3081/3081 3080/3080
f 3080/3080 3960/3960 3961/3961
f 3960/3960 3080/3080 3077/3077
f 3077/3077 3962/3962 3960/3960
f 3190/3190 3960/3960 3962/3962
f 3962/3962 3183/3183 3190/3190
f 3189/3189 3961/3961 3960/3960
f 3960/3960 3190/3190 3189/3189
f 3964/3964 3085/3085 3084/3084
f 3084/3084 3963/3963 3964/3964
f 3963/3963 3084/3084 3081/3081
f 3081/3081 3961/3961 3963/3963
f 3196/3196 3963/3963 3961/3961
f 3961/3961 3189/3189 3196/3196
f 3195/3195 3964/3964 3963/3963
f 3963/3963 3196/3196 3195/3195
f 3966/3966 3089/3089 3088/3088
f 3088/3088 3965/3965 3966/3966
f 3965/3965 3088/3088 3085/3085
f 3085/3085 3964/3964 3965/3965
f 3202/3202 3965/3965 3964/3964
f 3964/3964 3195/3195 3202/3202
f 3201/3201 3966/3966 3965/3965
f 3965/3965 3202/3202 3201/3201
f 3968/3968 3095/3095 3094/3094
f 3094/3094 3967/3967 3968/3968
f 3967/3967 3094/3094 3093/3093
f 3093/3093 3969/3969 3967/3967
f 3208/3208 3967/3967 3969/3969
f 3969/3969 3211/3211 3208/3208
f 3207/3207 3968/3968 3967/3967
f 3967/3967 3208/3208 3207/3207
f 3971/3971 3099/3099 3098/3098
f 3098/3098 3970/3970 3971/3971
f 3970/3970 3098/3098 3095/3095
f 3095/3095 3968/3968 3970/3970
f 3217/3217 3970/3970 3968/3968
f 3968/3968 3207/3207 3217/3217
f 3216/3216 3971/3971 3970/3970
f 3970/3970 3217/3217 3216/3216
f 3973/3973 3023/3023 3101/3101
f 3101/3101 3972/3972 3973/3973
f 3972/3972 3101/3101 3099/3099
f 3099/3099 3971/3971 3972/3972
f 3222/3222 3972/3972 3971/3971
f 3971/3971 3216/3216 3222/3222
f 3106/3106 3973/3973 3972/3972
f 3972/3972 3222/3222 3106/3106
f 3975/3975 3025/3025 3024/3024
f 3024/3024 3974/3974 3975/3975
f 3974/3974 3024/3024 3023/3023
f 3023/3023 3973/3973 3974/3974
f 3103/3103 3974/3974 3973/3973
f 3973/3973 3106/3106 3103/3103
f 3102/3102 3975/3975 3974/3974
f 3974/3974 3103/3103 3102/3102
f 3977/3977 3029/3029 3028/3028
f 3028/3028 3976/3976 3977/3977
f 3976/3976 3028/3028 3025/3025
f 3025/3025 3975/3975 3976/3976
f 3112/3112 3976/3976 3975/3975
f 3975/3975 3102/3102 3112/3112
f 3111/3111 3977/3977 3976/3976
f 3976/3976 3112/3112 3111/3111
f 3979/3979 3033/3033 3032/3032
f 3032/3032 3978/3978 3979/3979
f 3978/3978 3032/3032 3029/3029
f 3029/3029 3977/3977 3978/3978
f 3118/3118 3978/3978 3977/3977
f 3977/3977 3111/3111 3118/3118
f 3117/3117 3979/3979 3978/3978
f 3978/3978 3118/3118 3117/3117
f 3981/3981 3037/3037 3036/3036
f 3036/3036 3980/3980 3981/3981
f 3980/3980 3036/3036 3033/3033
f 3033/3033 3979/3979 3980/3980
f 3124/3124 3980/3980 3979/3979
f 3979/3979 3117/3117 3124/3124
f 3123/3123 3981/3981 3980/3980
f 3980/3980 3124/3124 3123/3123
f 3983/3983 3041/3041 3040/3040
f 3040/3040 3982/3982 3983/3983
f 3982/3982 3040/3040 3037/3037
f 3037/3037 3981/3981 3982/3982
f 3130/3130 3982/3982 3981/3981
f 3981/3981 3123/3123 3130/3130
f 3129/3129 3983/3983 3982/3982
f 3982/3982 3130/3130 3129/3129
f 3985/3985 3045/3045 3044/3044
f 3044/3044 3984/3984 3985/3985
f 3984/3984 3044/3044 3041/3041
f 3041/3041 3983/3983 3984/3984
f 3136/3136 3984/3984 3983/3983
f 3983/3983 3129/3129 3136/3136
f 3135/3135 3985/3985 3984/3984
f 3984/3984 3136/3136 3135/3135
f 3987/3987 3049/3049 3048/3048
f 3048/3048 3986/3986 3987/3987
f 3986/3986 3048/3048 3045/3045
f 3045/3045 3985/3985 3986/3986
f 3142/3142 3986/3986 3985/3985
f 3985/3985 3135/3135 3142/3142
f 3141/3141 3987/3987 3986/3986
f 3986/3986 3142/3142 3141/3141
f 3989/3989 3053/3053 3052/3052
f 3052/3052 3988/3988 3989/3989
f 3988/3988 3052/3052 3049/3049
f 3049/3049 3987/3987 3988/3988
f 3148/3148 3988/3988 3987/3987
f 3987/3987 3141/3141 3148/3148
f 3147/3147 3989/3989 3988/3988
f 3988/3988 3148/3148 3147/3147
f 3991/3991 3057/3057 3056/3056
f 3056/3056 3990/3990 3991/3991
f 3990/3990 3056/3056 3053/3053
f 3053/3053 3989/3989 3990/3990
f 3154/3154 3990/3990 3989/3989
f 3989/3989 3147/3147 3154/3154
f 3153/3153 3991/3991 3990/3990
f 3990/3990 3154/3154 3153/3153
f 3993/3993 3061/3061 3060/3060
f 3060/3060 3992/3992 3993/3993
f 3992/3992 3060/3060 3057/3057
f 3057/3057 3991/3991 3992/3992
f 3160/3160 3992/3992 3991/3991
f 3991/3991 3153/3153 3160/3160
f 3159/3159 3993/3993 3992/3992
f 3992/3992 3160/3160 3159/3159
f 3995/3995 3065/3065 3064/3064
f 3064/3064 3994/3994 3995/3995
f 3994/3994 3064/3064 3061/3061
f 3061/3061 3993/3993 3994/3994
f 3166/3166 3994/3994 3993/3993
f 3993/3993 3159/3159 3166/3166
f 3165/3165 3995/3995 3994/3994
f 3994/3994 3166/3166 3165/3165
f 3997/3997 3069/3069 3068/3068
f 3068/3068 3996/3996 3997/3997
f 3996/3996 3068/3068 3065/3065
f 3065/3065 3995/3995 3996/3996
f 3172/3172 3996/3996 3995/3995
f 3995/3995 3165/3165 3172/3172
f 3171/3171 3997/3997 3996/3996
f 3996/3996 3172/3172 3171/3171
f 3999/3999 3073/3073 3072/3072
f 3072/3072 3998/3998 3999/3999
f 3998/3998 3072/3072 3069/3069
f 3069/3069 3997/3997 3998/3998
f 3178/3178 3998/3998 3997/3997
f 3997/3997 3171/3171 3178/3178
f 3177/3177 3999/3999 3998/3998
f 3998/3998 3178/3178 3177/3177
f 3962/3962 3077/3077 3076/3076
f 3076/3076 4000/4000 3962/3962
f 4000/4000 3076/3076 3073/3073
f 3073/3073 3999/3999 4000/4000
f 3184/3184 4000/4000 3999/3999
f 3999/3999 3177/3177 3184/3184
f 3183/3183 3962/3962 4000/4000
f 4000/4000 3184/3184 3183/3183
f 4002/4002 3477/3477 3476/3476
f 3476/3476 4001/4001 4002/4002
f 4001/4001 3476/3476 3473/3473
f 3473/3473 4003/4003 4001/4001
f 3579/3579 4001/4001 4003/4003
f 4003/4003 3572/3572 3579/3579
f 3578/3578 4002/4002 4001/4001
f 4001/4001 3579/3579 3578/3578
f 4003/4003 3473/3473 3472/3472
f 3472/3472 4004/4004 4003/4003
f 4004/4004 3472/3472 3469/3469
f 3469/3469 4005/4005 4004/4004
f 3573/3573 4004/4004 4005/4005
f 4005/4005 3563/3563 3573/3573
f 3572/3572 4003/4003 4004/4004
f 4004/4004 3573/3573 3572/3572
f 4005/4005 3469/3469 3468/3468
f 3468/3468 4006/4006 4005/4005
f 4006/4006 3468/3468 3467/3467
f 3467/3467 4007/4007 4006/4006
f 3564/3564 4006/4006 4007/4007
f 4007/4007 3567/3567 3564/3564
f 3563/3563 4005/4005 4006/4006
f 4006/4006 3564/3564 3563/3563
f 4009/4009 3463/3463 3462/3462
f 3462/3462 4008/4008 4009/4009
f 4008/4008 3462/3462 3459/3459
f 3459/3459 4010/4010 4008/4008
f 3558/3558 4008/4008 4010/4010
f 4010/4010 3551/3551 3558/3558
f 3557/3557 4009/4009 4008/4008
f 4008/4008 3558/3558 3557/3557
f 4010/4010 3459/3459 3458/3458
f 3458/3458 4011/4011 4010/4010
f 4011/4011 3458/3458 3455/3455
f 3455/3455 4012/4012 4011/4011
f 3552/3552 4011/4011 4012/4012
f 4012/4012 3545/3545 3552/3552
f 3551/3551 4010/4010 4011/4011
f 4011/4011 3552/3552 3551/3551
f 4012/4012 3455/3455 3454/3454
f 3454/3454 4013/4013 4012/4012
f 4013/4013 3454/3454 3451/3451
f 3451/3451 4014/4014 4013/4013
f 3546/3546 4013/4013 4014/4014
f 4014/4014 3539/3539 3546/3546
f 3545/3545 4012/4012 4013/4013
f 4013/4013 3546/3546 3545/3545
f 4014/4014 3451/3451 3450/3450
f 3450/3450 4015/4015 4014/4014
f 4015/4015 3450/3450 3447/3447
f 3447/3447 4016/4016 4015/4015
f 3540/3540 4015/4015 4016/4016
f 4016/4016 3533/3533 3540/3540
f 3539/3539 4014/4014 4015/4015
f 4015/4015 3540/3540 3539/3539
f 4016/4016 3447/3447 3446/3446
f 3446/3446 4017/4017 4016/4016
f 4017/4017 3446/3446 3443/3443
f 3443/3443 4018/4018 4017/4017
f 3534/3534 4017/4017 4018/4018
f 4018/4018 3527/3527 3534/3534
f 3533/3533 4016/4016 4017/4017
f 4017/4017 3534/3534 3533/3533
f 4018/4018 3443/3443 3442/3442
f 3442/3442 4019/4019 4018/4018
f 4019/4019 3442/3442 3439/3439
f 3439/3439 4020/4020 4019/4019
f 3528/3528 4019/4019 4020/4020
f 4020/4020 3521/3521 3528/3528
f 3527/3527 4018/4018 4019/4019
f 4019/4019 3528/3528 3527/3527
f 4020/4020 3439/3439 3438/3438
f 3438/3438 4021/4021 4020/4020
f 4021/4021 3438/3438 3435/3435
f 3435/3435 4022/4022 4021/4021
f 3522/3522 4021/4021 4022/4022
f 4022/4022 3512/3512 3522/3522
f 3521/3521 4020/4020 4021/4021
f 4021/4021 3522/3522 3521/3521
f 4022/4022 3435/3435 3434/3434
f 3434/3434 4023/4023 4022/4022
f 4023/4023 3434/3434 3433/3433
f 3433/3433 4024/4024 4023/4023
f 3513/3513 4023/4023 4024/4024
f 4024/4024 3516/3516 3513/3513
f 3512/3512 4022/4022 4023/4023
f 4023/4023 3513/3513 3512/3512
f 4024/4024 3433/3433 3511/3511
f 3511/3511 4025/4025 4024/4024
f 4025/4025 3511/3511 3509/3509
f 3509/3509 4026/4026 4025/4025
f 3632/3632 4025/4025 4026/4026
f 4026/4026 3626/3626 3632/3632
f 3516/3516 4024/4024 4025/4025
f 4025/4025 3632/3632 3516/3516
f 4026/4026 3509/3509 3508/3508
f 3508/3508 4027/4027 4026/4026
f 4027/4027 3508/3508 3505/3505
f 3505/3505 4028/4028 4027/4027
f 3627/3627 4027/4027 4028/4028
f 4028/4028 3620/3620 3627/3627
f 3626/3626 4026/4026 4027/4027
f 4027/4027 3627/3627 3626/3626
f 4028/4028 3505/3505 3504/3504
f 3504/3504 4029/4029 4028/4028
f 4029/4029 3504/3504 3501/3501
f 3501/3501 4030/4030 4029/4029
f 3621/3621 4029/4029 4030/4030
f 4030/4030 3614/3614 3621/3621
f 3620/3620 4028/4028 4029/4029
f 4029/4029 3621/3621 3620/3620
f 4030/4030 3501/3501 3500/3500
f 3500/3500 4031/4031 4030/4030
f 4031/4031 3500/3500 3497/3497
f 3497/3497 4032/4032 4031/4031
f 3615/3615 4031/4031 4032/4032
f 4032/4032 3608/3608 3615/3615
f 3614/3614 4030/4030 4031/4031
f 4031/4031 3615/3615 3614/3614
f 4032/4032 3497/3497 3496/3496
f 3496/3496 4033/4033 4032/4032
f 4033/4033 3496/3496 3493/3493
f 3493/3493 4034/4034 4033/4033
f 3609/3609 4033/4033 4034/4034
f 4034/4034 3602/3602 3609/3609
f 3608/3608 4032/4032 4033/4033
f 4033/4033 3609/3609 3608/3608
f 4034/4034 3493/3493 3492/3492
f 3492/3492 4035/4035 4034/4034
f 4035/4035 3492/3492 3489/3489
f 3489/3489 4036/4036 4035/4035
f 3603/3603 4035/4035 4036/4036
f 4036/4036 3596/3596 3603/3603
f 3602/3602 4034/4034 4035/4035
f 4035/4035 3603/3603 3602/3602
f 4036/4036 3489/3489 3488/3488
f 3488/3488 4037/4037 4036/4036
f 4037/4037 3488/3488 3485/3485
f 3485/3485 4038/4038 4037/4037
f 3597/3597 4037/4037 4038/4038
f 4038/4038 3590/3590 3597/3597
f 3596/3596 4036/4036 4037/4037
f 4037/4037 3597/3597 3596/3596
f 4038/4038 3485/3485 3484/3484
f 3484/3484 4039/4039 4038/4038
f 4039/4039 3484/3484 3481/3481
f 3481/3481 4040/4040 4039/4039
f 3591/3591 4039/4039 4040/4040
f 4040/4040 3584/3584 3591/3591
f 3590/3590 4038/4038 4039/4039
f 4039/4039 3591/3591 3590/3590
f 4040/4040 3481/3481 3480/3480
f 3480/3480 4041/4041 4040/4040
f 4041/4041 3480/3480 3477/3477
f 3477/3477 4002/4002 4041/4041
f 3585/3585 4041/4041 4002/4002
f 4002/4002 3578/3578 3585/3585
f 3584/3584 4040/4040 4041/4041
f 4041/4041 3585/3585 3584/3584
f 457/457 453/453 3017/3017
f 3017/3017 4042/4042 457/457
f 3017/3017 461/461 464/464
f 464/464 4042/4042 3017/3017
f 464/464 459/459 457/457
f 457/457 4042/4042 464/464
f 3018/3018 2401/2401 2400/2400
f 2400/2400 4043/4043 3018/3018
f 2400/2400 320/320 2830/2830
f 2830/2830 4043/4043 2400/2400
f 2830/2830 2328/2328 3018/3018
f 3018/3018 4043/4043 2830/2830

