# https://github.com/mikedh/trimesh
mtllib material.mtl
usemtl Silverware_MatMain
v -0.02897545 -0.00226942 0.00028240
v -0.02897545 -0.00226942 0.00028240
v 0.07093316 0.00253872 0.00485289
v 0.07093316 0.00253872 0.00485289
v -0.06657696 0.00107032 0.00385628
v -0.06657696 0.00107032 0.00385628
v -0.06657696 0.00107032 0.00385628
v -0.01409463 0.00362881 0.00699984
v -0.01409463 0.00362881 0.00699984
v 0.06509950 0.00207357 0.00202779
v 0.06509950 0.00207357 0.00202779
v -0.02940212 -0.00230822 0.00544584
v 0.07237534 0.00287347 0.00792092
v 0.07237534 0.00287347 0.00792092
v -0.06670077 0.00107032 0.00299429
v -0.06670077 0.00107032 0.00299429
v -0.06670077 0.00107032 0.00299429
v -0.06677984 0.00097548 0.00813626
v -0.06677984 0.00097548 0.00813626
v -0.06677984 0.00097548 0.00813626
v -0.06677984 0.00097548 0.00731940
v -0.06677984 0.00097548 0.00731940
v -0.06677984 0.00097548 0.00731940
v -0.01410191 0.00317658 0.00867984
v 0.06530331 0.00174971 0.00673715
v 0.04617240 0.00259100 0.00423795
v 0.04617240 0.00259100 0.00423795
v 0.04617284 0.00213983 0.00756272
v -0.00502937 0.00560425 0.00752640
v -0.00502937 0.00560425 0.00752640
v -0.00503265 0.00515266 0.00870327
v -0.03211202 -0.00275630 0.00017931
v -0.03211202 -0.00275630 0.00017931
v -0.01410192 0.00307826 0.00980353
v -0.02947993 -0.00231836 0.00980353
v -0.03971109 -0.00294593 0.00020386
v -0.03971109 -0.00294593 0.00020386
v -0.03971107 -0.00294593 0.00384541
v -0.03971107 -0.00294593 0.00384541
v -0.03977556 -0.00294593 0.00880799
v -0.03977556 -0.00294593 0.00880799
v -0.03977555 -0.00294593 0.00547655
v -0.03977555 -0.00294593 0.00547655
v -0.06282444 0.00042784 0.00205160
v -0.06282444 0.00042784 0.00205160
v -0.06260436 0.00042784 0.00405986
v -0.06260436 0.00042784 0.00405986
v -0.06305701 0.00037961 0.00664894
v -0.06305701 0.00037961 0.00664894
v -0.06305699 0.00037961 0.00866393
v -0.06305699 0.00037961 0.00866393
v 0.07261958 0.00292691 0.00980353
v 0.07261958 0.00292691 0.00980353
v 0.06534542 0.00167753 0.00980353
v 0.04617284 0.00204150 0.00980353
v -0.00503265 0.00505434 0.00980353
v 0.01846557 0.00435907 0.00688714
v 0.01846557 0.00435907 0.00688714
v 0.01846589 0.00390785 0.00843054
v 0.01846589 0.00380952 0.00980353
v -0.01864990 0.00082105 0.00526637
v -0.01864990 0.00082105 0.00526637
v -0.01865668 0.00044716 0.00808146
v -0.01865668 0.00036522 0.00980353
v -0.02257892 -0.00091812 0.00143531
v -0.02257892 -0.00091812 0.00143531
v -0.02258419 -0.00098006 0.00635332
v -0.02258419 -0.00099645 0.00980353
v -0.03578140 -0.00315748 0.00398616
v -0.03578140 -0.00315748 0.00398616
v -0.03521768 -0.00308927 0.00009538
v -0.03521768 -0.00308927 0.00009538
v -0.03583462 -0.00315728 0.00904782
v -0.03583462 -0.00315728 0.00904782
v -0.03583407 -0.00315724 0.00527315
v -0.03583407 -0.00315724 0.00527315
v -0.02897545 -0.00226941 0.01932466
v -0.02897545 -0.00226941 0.01932466
v 0.07093316 0.00253872 0.01475416
v 0.07093316 0.00253872 0.01475416
v -0.06657696 0.00107032 0.01575077
v -0.06657696 0.00107032 0.01575077
v -0.06657696 0.00107032 0.01575077
v -0.01409463 0.00362881 0.01260721
v -0.01409463 0.00362881 0.01260721
v 0.06509950 0.00207357 0.01757926
v 0.06509950 0.00207357 0.01757926
v -0.02940212 -0.00230822 0.01416121
v 0.07237534 0.00287347 0.01168614
v 0.07237534 0.00287347 0.01168614
v -0.06670077 0.00107032 0.01661276
v -0.06670077 0.00107032 0.01661276
v -0.06670077 0.00107032 0.01661276
v -0.06677984 0.00097548 0.01147079
v -0.06677984 0.00097548 0.01147079
v -0.06677984 0.00097548 0.01147079
v -0.06677984 0.00097548 0.01228765
v -0.06677984 0.00097548 0.01228765
v -0.06677984 0.00097548 0.01228765
v -0.01410191 0.00317658 0.01092721
v 0.06530331 0.00174971 0.01286990
v 0.04617241 0.00259100 0.01536910
v 0.04617241 0.00259100 0.01536910
v 0.04617284 0.00213983 0.01204433
v -0.00502937 0.00560425 0.01208065
v -0.00502937 0.00560425 0.01208065
v -0.00503265 0.00515266 0.01090379
v -0.03211202 -0.00275630 0.01942774
v -0.03211202 -0.00275630 0.01942774
v -0.03971109 -0.00294593 0.01940319
v -0.03971109 -0.00294593 0.01940319
v -0.03971107 -0.00294593 0.01576164
v -0.03971107 -0.00294593 0.01576164
v -0.03977556 -0.00294593 0.01079906
v -0.03977556 -0.00294593 0.01079906
v -0.03977555 -0.00294593 0.01413050
v -0.03977555 -0.00294593 0.01413050
v -0.06282444 0.00042784 0.01755545
v -0.06282444 0.00042784 0.01755545
v -0.06260435 0.00042784 0.01554719
v -0.06260435 0.00042784 0.01554719
v -0.06305700 0.00037961 0.01295811
v -0.06305700 0.00037961 0.01295811
v -0.06305699 0.00037961 0.01094313
v -0.06305699 0.00037961 0.01094313
v 0.01846557 0.00435907 0.01271991
v 0.01846557 0.00435907 0.01271991
v 0.01846589 0.00390785 0.01117651
v -0.01864990 0.00082105 0.01434068
v -0.01864990 0.00082105 0.01434068
v -0.01865668 0.00044716 0.01152559
v -0.02257892 -0.00091812 0.01817174
v -0.02257892 -0.00091812 0.01817174
v -0.02258419 -0.00098006 0.01325373
v -0.03578140 -0.00315748 0.01562089
v -0.03578140 -0.00315748 0.01562089
v -0.03521768 -0.00308927 0.01951167
v -0.03521768 -0.00308927 0.01951167
v -0.03583462 -0.00315728 0.01055923
v -0.03583462 -0.00315728 0.01055923
v -0.03583407 -0.00315724 0.01433390
v -0.03583407 -0.00315724 0.01433390
v -0.05122343 -0.00153369 0.00387163
v -0.05122343 -0.00153369 0.00387163
v -0.05127263 -0.00153368 0.00099754
v -0.05127263 -0.00153368 0.00099754
v -0.05134441 -0.00154135 0.00868266
v -0.05134441 -0.00154135 0.00868266
v -0.05134441 -0.00154135 0.00599061
v -0.05134441 -0.00154135 0.00599061
v -0.05134441 -0.00154135 0.01092439
v -0.05134441 -0.00154135 0.01092439
v -0.05134441 -0.00154135 0.01361644
v -0.05134441 -0.00154135 0.01361644
v -0.05122343 -0.00153369 0.01573542
v -0.05122343 -0.00153369 0.01573542
v -0.05127263 -0.00153368 0.01860951
v -0.05127263 -0.00153368 0.01860951
v -0.02861220 -0.00380187 0.00028236
v -0.02861220 -0.00380187 0.00028236
v 0.07099476 0.00063871 0.00467525
v 0.07099476 0.00063871 0.00467525
v 0.07099476 0.00063871 0.00467525
v -0.06658113 0.00024816 0.00382731
v -0.06658113 0.00024816 0.00382731
v -0.06658113 0.00024816 0.00382731
v -0.01341009 0.00167112 0.00699984
v -0.01341009 0.00167112 0.00699984
v 0.06524174 0.00002676 0.00200060
v 0.06524174 0.00002676 0.00200060
v -0.02905098 -0.00387643 0.00544486
v 0.07205493 0.00083756 0.00765743
v -0.06670491 0.00024833 0.00296543
v -0.06670491 0.00024833 0.00296543
v -0.06670491 0.00024833 0.00296543
v -0.06677984 0.00029876 0.00813523
v -0.06677984 0.00029876 0.00813523
v -0.06677984 0.00029876 0.00813523
v -0.06677984 0.00029876 0.00731837
v -0.06677984 0.00029876 0.00731837
v -0.06677984 0.00029876 0.00731837
v -0.01339651 0.00165889 0.00867984
v 0.06546833 0.00005843 0.00672027
v 0.04613240 0.00053383 0.00423407
v 0.04613240 0.00053383 0.00423407
v 0.04613813 0.00051880 0.00755963
v -0.00472106 0.00358624 0.00752640
v -0.00472106 0.00358624 0.00752640
v -0.00471728 0.00357067 0.00870327
v -0.03185310 -0.00430761 0.00017931
v -0.03185310 -0.00430761 0.00017931
v -0.01339522 0.00165943 0.00980353
v -0.02913260 -0.00388717 0.00980353
v -0.03978527 -0.00444823 0.00020299
v -0.03978527 -0.00444823 0.00020299
v -0.03978370 -0.00444822 0.00384455
v -0.03978370 -0.00444822 0.00384455
v -0.03984563 -0.00444853 0.00880794
v -0.03984563 -0.00444853 0.00880794
v -0.03984516 -0.00444854 0.00547649
v -0.03984516 -0.00444854 0.00547649
v -0.06286752 -0.00058205 0.00203301
v -0.06286752 -0.00058205 0.00203301
v -0.06264736 -0.00058272 0.00404086
v -0.06264736 -0.00058272 0.00404086
v -0.06309593 -0.00048657 0.00664806
v -0.06309593 -0.00048657 0.00664806
v -0.06309590 -0.00048659 0.00866305
v -0.06309590 -0.00048659 0.00866305
v 0.07224270 0.00088033 0.00980353
v 0.06550169 0.00006633 0.00980353
v 0.04613685 0.00051868 0.00980353
v -0.00471718 0.00357065 0.00980353
v 0.01843561 0.00230674 0.00688714
v 0.01843561 0.00230674 0.00688714
v 0.01843515 0.00229099 0.00843054
v 0.01843512 0.00229101 0.00980353
v -0.01801154 -0.00108875 0.00526637
v -0.01801154 -0.00108875 0.00526637
v -0.01797296 -0.00108934 0.00808146
v -0.01796644 -0.00108632 0.00980353
v -0.02208301 -0.00250665 0.00143531
v -0.02208301 -0.00250665 0.00143531
v -0.02207088 -0.00251925 0.00635332
v -0.02206948 -0.00251857 0.00980353
v -0.03570834 -0.00473099 0.00399088
v -0.03570834 -0.00473099 0.00399088
v -0.03512918 -0.00465981 0.00009545
v -0.03512918 -0.00465981 0.00009545
v -0.03576376 -0.00473104 0.00905278
v -0.03576376 -0.00473104 0.00905278
v -0.03576281 -0.00473099 0.00526814
v -0.03576281 -0.00473099 0.00526814
v -0.02861220 -0.00380187 0.01932469
v -0.02861220 -0.00380187 0.01932469
v 0.07099476 0.00063871 0.01493180
v 0.07099476 0.00063871 0.01493180
v 0.07099476 0.00063871 0.01493180
v -0.06658112 0.00024816 0.01577974
v -0.06658112 0.00024816 0.01577974
v -0.06658112 0.00024816 0.01577974
v -0.01341009 0.00167112 0.01260721
v -0.01341009 0.00167112 0.01260721
v 0.06524174 0.00002676 0.01760646
v 0.06524174 0.00002676 0.01760646
v -0.02905097 -0.00387643 0.01416219
v 0.07205492 0.00083756 0.01194962
v -0.06670491 0.00024833 0.01664162
v -0.06670491 0.00024833 0.01664162
v -0.06670491 0.00024833 0.01664162
v -0.06677984 0.00029876 0.01147183
v -0.06677984 0.00029876 0.01147183
v -0.06677984 0.00029876 0.01147183
v -0.06677984 0.00029876 0.01228868
v -0.06677984 0.00029876 0.01228868
v -0.06677984 0.00029876 0.01228868
v -0.01339651 0.00165889 0.01092721
v 0.06546833 0.00005843 0.01288678
v 0.04613240 0.00053383 0.01537298
v 0.04613240 0.00053383 0.01537298
v 0.04613813 0.00051880 0.01204742
v -0.00472106 0.00358624 0.01208065
v -0.00472106 0.00358624 0.01208065
v -0.00471728 0.00357067 0.01090379
v -0.03185310 -0.00430761 0.01942775
v -0.03185310 -0.00430761 0.01942775
v -0.03978527 -0.00444823 0.01940407
v -0.03978527 -0.00444823 0.01940407
v -0.03978369 -0.00444822 0.01576250
v -0.03978369 -0.00444822 0.01576250
v -0.03984563 -0.00444853 0.01079912
v -0.03984563 -0.00444853 0.01079912
v -0.03984516 -0.00444854 0.01413056
v -0.03984516 -0.00444854 0.01413056
v -0.06286752 -0.00058205 0.01757404
v -0.06286752 -0.00058205 0.01757404
v -0.06264736 -0.00058272 0.01556620
v -0.06264736 -0.00058272 0.01556620
v -0.06309593 -0.00048657 0.01295899
v -0.06309593 -0.00048657 0.01295899
v -0.06309591 -0.00048659 0.01094400
v -0.06309591 -0.00048659 0.01094400
v 0.01843561 0.00230674 0.01271991
v 0.01843561 0.00230674 0.01271991
v 0.01843515 0.00229099 0.01117651
v -0.01801154 -0.00108875 0.01434068
v -0.01801154 -0.00108875 0.01434068
v -0.01797297 -0.00108934 0.01152559
v -0.02208301 -0.00250665 0.01817174
v -0.02208301 -0.00250665 0.01817174
v -0.02207089 -0.00251925 0.01325373
v -0.03570833 -0.00473100 0.01561617
v -0.03570833 -0.00473100 0.01561617
v -0.03512917 -0.00465981 0.01951161
v -0.03512917 -0.00465981 0.01951161
v -0.03576376 -0.00473104 0.01055427
v -0.03576376 -0.00473104 0.01055427
v -0.03576281 -0.00473099 0.01433892
v -0.03576281 -0.00473099 0.01433892
v -0.05139713 -0.00272737 0.00386495
v -0.05139713 -0.00272737 0.00386495
v -0.05144697 -0.00272712 0.00099092
v -0.05144697 -0.00272712 0.00099092
v -0.05151136 -0.00270564 0.00868227
v -0.05151136 -0.00270564 0.00868227
v -0.05151131 -0.00270563 0.00599021
v -0.05151131 -0.00270563 0.00599021
v -0.05151136 -0.00270564 0.01092479
v -0.05151136 -0.00270564 0.01092479
v -0.05151131 -0.00270563 0.01361684
v -0.05151131 -0.00270563 0.01361684
v -0.05139712 -0.00272737 0.01574210
v -0.05139712 -0.00272737 0.01574210
v -0.05144697 -0.00272712 0.01861613
v -0.05144697 -0.00272712 0.01861613
v -0.03520991 -0.00313520 0.00417572
v -0.03520991 -0.00313520 0.00417572
v -0.03519284 -0.00313100 0.00501581
v -0.03519284 -0.00313100 0.00501581
v -0.03418669 -0.00300659 0.00605231
v -0.03323148 -0.00288950 0.00493476
v -0.03378094 -0.00295456 0.00352762
v -0.03504130 -0.00313025 0.00442217
v -0.03504130 -0.00313025 0.00442217
v -0.03502440 -0.00312771 0.00471503
v -0.03502440 -0.00312771 0.00471503
v -0.03519402 -0.00313098 0.00933091
v -0.03519402 -0.00313098 0.00933091
v -0.03519402 -0.00313098 0.01027614
v -0.03519402 -0.00313098 0.01027614
v -0.03418018 -0.00300568 0.01115744
v -0.03333962 -0.00290354 0.00980353
v -0.03418017 -0.00300568 0.00844961
v -0.03501836 -0.00312662 0.00964078
v -0.03501836 -0.00312662 0.00964078
v -0.03501836 -0.00312662 0.00996628
v -0.03501836 -0.00312662 0.00996628
v -0.03519284 -0.00313100 0.01459124
v -0.03519284 -0.00313100 0.01459124
v -0.03520991 -0.00313520 0.01543133
v -0.03520991 -0.00313520 0.01543133
v -0.03378094 -0.00295456 0.01607943
v -0.03323148 -0.00288950 0.01467230
v -0.03418669 -0.00300659 0.01355474
v -0.03502440 -0.00312771 0.01489202
v -0.03502440 -0.00312771 0.01489202
v -0.03504130 -0.00313025 0.01518488
v -0.03504130 -0.00313025 0.01518488
v -0.03504804 -0.00470081 0.00499360
v -0.03504804 -0.00470081 0.00499360
v -0.03506079 -0.00470452 0.00419620
v -0.03506079 -0.00470452 0.00419620
v -0.03358463 -0.00455066 0.00352803
v -0.03301512 -0.00448264 0.00493059
v -0.03400951 -0.00460584 0.00604666
v -0.03486530 -0.00467951 0.00470383
v -0.03486530 -0.00467951 0.00470383
v -0.03488036 -0.00468184 0.00443185
v -0.03488036 -0.00468184 0.00443185
v -0.03504965 -0.00470084 0.01025422
v -0.03504965 -0.00470084 0.01025422
v -0.03504965 -0.00470084 0.00935283
v -0.03504965 -0.00470084 0.00935283
v -0.03400383 -0.00460501 0.00845133
v -0.03313025 -0.00449775 0.00980353
v -0.03400383 -0.00460501 0.01115573
v -0.03486053 -0.00467856 0.00995553
v -0.03486053 -0.00467856 0.00995553
v -0.03486053 -0.00467856 0.00965153
v -0.03486053 -0.00467856 0.00965153
v -0.03506079 -0.00470452 0.01541086
v -0.03506079 -0.00470452 0.01541086
v -0.03504804 -0.00470081 0.01461346
v -0.03504804 -0.00470081 0.01461346
v -0.03400951 -0.00460584 0.01356039
v -0.03301511 -0.00448264 0.01467646
v -0.03358463 -0.00455066 0.01607903
v -0.03488036 -0.00468184 0.01517520
v -0.03488036 -0.00468184 0.01517520
v -0.03486530 -0.00467951 0.01490322
v -0.03486530 -0.00467951 0.01490322
v -0.02877855 -0.00303364 0.00016367
v -0.02877855 -0.00303364 0.00016367
v 0.07113183 0.00137530 0.00483890
v 0.07113183 0.00137530 0.00483890
v -0.01375245 0.00246557 0.00696093
v -0.01375245 0.00246557 0.00696093
v 0.06516504 0.00086355 0.00190458
v 0.06516504 0.00086355 0.00190458
v 0.07270634 0.00173444 0.00796414
v 0.07270634 0.00173444 0.00796414
v 0.04615231 0.00137804 0.00415909
v 0.04615231 0.00137804 0.00415909
v -0.00487522 0.00441088 0.00750082
v -0.00487522 0.00441088 0.00750082
v -0.03193855 -0.00352622 0.00007496
v -0.03193855 -0.00352622 0.00007496
v -0.03974820 -0.00369708 0.00012426
v -0.03974820 -0.00369708 0.00012426
v 0.07294447 0.00178905 0.00980353
v 0.07294447 0.00178905 0.00980353
v 0.01845059 0.00314855 0.00685322
v 0.01845059 0.00314855 0.00685322
v -0.01833113 -0.00028767 0.00520031
v -0.01833113 -0.00028767 0.00520031
v -0.02233105 -0.00174315 0.00132226
v -0.02233105 -0.00174315 0.00132226
v -0.03516189 -0.00387305 0.00000449
v -0.03516189 -0.00387305 0.00000449
v -0.02877854 -0.00303364 0.01944338
v -0.02877854 -0.00303364 0.01944338
v 0.07113183 0.00137530 0.01476815
v 0.07113183 0.00137530 0.01476815
v -0.01375244 0.00246557 0.01264612
v -0.01375244 0.00246557 0.01264612
v 0.06516505 0.00086355 0.01770247
v 0.06516505 0.00086355 0.01770247
v 0.07270635 0.00173444 0.01164292
v 0.07270635 0.00173444 0.01164292
v 0.04615231 0.00137804 0.01544796
v 0.04615231 0.00137804 0.01544796
v -0.00487522 0.00441088 0.01210623
v -0.00487522 0.00441088 0.01210623
v -0.03193855 -0.00352622 0.01953209
v -0.03193855 -0.00352622 0.01953209
v -0.03974819 -0.00369708 0.01948279
v -0.03974819 -0.00369708 0.01948279
v 0.01845059 0.00314855 0.01275383
v 0.01845059 0.00314855 0.01275383
v -0.01833113 -0.00028767 0.01440674
v -0.01833113 -0.00028767 0.01440674
v -0.02233105 -0.00174315 0.01828479
v -0.02233105 -0.00174315 0.01828479
v -0.03516189 -0.00387305 0.01960256
v -0.03516189 -0.00387305 0.01960256
v -0.05136088 -0.00213040 0.01867530
v -0.05136088 -0.00213040 0.01867530
v -0.06262108 -0.00007745 0.01551304
v -0.06262108 -0.00007745 0.01551304
v -0.06670900 0.00066041 0.01662812
v -0.06670900 0.00066041 0.01662812
v -0.06670900 0.00066041 0.01662812
v -0.06670900 0.00066041 0.01662812
v -0.06285077 -0.00007710 0.01760840
v -0.06285077 -0.00007710 0.01760840
v -0.06658471 0.00066032 0.01576265
v -0.06658471 0.00066032 0.01576265
v -0.06658471 0.00066032 0.01576265
v -0.06658471 0.00066032 0.01576265
v -0.05130921 -0.00213053 0.01567628
v -0.05130921 -0.00213053 0.01567628
v -0.03974737 -0.00369707 0.01568291
v -0.03974737 -0.00369707 0.01568291
v -0.06678478 0.00063802 0.01146993
v -0.06678478 0.00063802 0.01146993
v -0.06678478 0.00063802 0.01146993
v -0.06678478 0.00063802 0.01146993
v -0.03513973 -0.00391782 0.01462822
v -0.03513973 -0.00391782 0.01462822
v -0.03516305 -0.00392289 0.01540467
v -0.03516305 -0.00392289 0.01540467
v -0.03575818 -0.00394578 0.01554018
v -0.03575818 -0.00394578 0.01554018
v -0.03580413 -0.00394466 0.01441886
v -0.03580413 -0.00394466 0.01441886
v -0.03496151 -0.00390613 0.01518064
v -0.03496151 -0.00390613 0.01518064
v -0.03981035 -0.00369723 0.01420296
v -0.03981035 -0.00369723 0.01420296
v -0.06678477 0.00063802 0.01228954
v -0.06678477 0.00063802 0.01228954
v -0.06678477 0.00063802 0.01228954
v -0.06678477 0.00063802 0.01228954
v -0.03494549 -0.00390369 0.01489737
v -0.03494549 -0.00390369 0.01489737
v -0.05142786 -0.00212349 0.01367516
v -0.05142786 -0.00212349 0.01367516
v -0.06307646 -0.00005348 0.01300236
v -0.06307646 -0.00005348 0.01300236
v -0.06307646 -0.00005349 0.01089976
v -0.06307646 -0.00005349 0.01089976
v -0.05142789 -0.00212349 0.01086607
v -0.05142789 -0.00212349 0.01086607
v -0.03494012 -0.00390268 0.00964568
v -0.03494012 -0.00390268 0.00964568
v -0.03981060 -0.00369723 0.00888039
v -0.03981060 -0.00369723 0.00888039
v -0.03514148 -0.00391788 0.00936519
v -0.03514148 -0.00391788 0.00936519
v -0.03514148 -0.00391788 0.01024186
v -0.03514148 -0.00391788 0.01024186
v -0.03494012 -0.00390268 0.00996137
v -0.03494012 -0.00390268 0.00996137
v -0.03580490 -0.00394471 0.01047487
v -0.03580490 -0.00394471 0.01047487
v -0.03580490 -0.00394471 0.00913219
v -0.03580490 -0.00394471 0.00913219
v -0.03981060 -0.00369723 0.01072666
v -0.03981060 -0.00369723 0.01072666
v -0.06678477 0.00063802 0.00813712
v -0.06678477 0.00063802 0.00813712
v -0.06678477 0.00063802 0.00813712
v -0.06678477 0.00063802 0.00813712
v -0.06678478 0.00063802 0.00731751
v -0.06678478 0.00063802 0.00731751
v -0.06678478 0.00063802 0.00731751
v -0.06678478 0.00063802 0.00731751
v -0.06307646 -0.00005348 0.00660470
v -0.06307646 -0.00005348 0.00660470
v -0.06307646 -0.00005349 0.00870729
v -0.06307646 -0.00005349 0.00870729
v -0.06658471 0.00066032 0.00384440
v -0.06658471 0.00066032 0.00384440
v -0.06658471 0.00066032 0.00384440
v -0.06658471 0.00066032 0.00384440
v -0.06670900 0.00066041 0.00297893
v -0.06670900 0.00066041 0.00297893
v -0.06670900 0.00066041 0.00297893
v -0.06670900 0.00066041 0.00297893
v -0.06285077 -0.00007710 0.00199865
v -0.06285077 -0.00007710 0.00199865
v -0.06262108 -0.00007745 0.00409401
v -0.06262108 -0.00007745 0.00409401
v -0.05136088 -0.00213040 0.00093175
v -0.05136088 -0.00213040 0.00093175
v -0.05130921 -0.00213053 0.00393077
v -0.05130921 -0.00213053 0.00393077
v -0.03496151 -0.00390613 0.00442641
v -0.03496151 -0.00390613 0.00442641
v -0.03575818 -0.00394578 0.00406687
v -0.03575818 -0.00394578 0.00406687
v -0.03580413 -0.00394466 0.00518820
v -0.03580413 -0.00394466 0.00518820
v -0.03516304 -0.00392289 0.00420238
v -0.03516304 -0.00392289 0.00420238
v -0.03974737 -0.00369707 0.00392415
v -0.03974737 -0.00369707 0.00392415
v -0.03513973 -0.00391782 0.00497883
v -0.03513973 -0.00391782 0.00497883
v -0.05142786 -0.00212349 0.00593189
v -0.05142786 -0.00212349 0.00593189
v -0.03494548 -0.00390369 0.00470968
v -0.03494548 -0.00390369 0.00470968
v -0.03981035 -0.00369723 0.00540410
v -0.03981035 -0.00369723 0.00540410
v -0.05142789 -0.00212349 0.00874099
v -0.05142789 -0.00212349 0.00874099
v 0.07181928 0.00275164 0.00651430
v 0.07181928 0.00275164 0.00651430
v -0.02583217 -0.00166776 0.00052334
v -0.02583217 -0.00166776 0.00052334
v -0.06560996 0.00090673 0.00254120
v -0.06560996 0.00090673 0.00254120
v -0.01090951 0.00494283 0.00735543
v -0.01090951 0.00494283 0.00735543
v -0.01410191 0.00338552 0.00787619
v 0.06919586 0.00227607 0.00305770
v 0.06919586 0.00227607 0.00305770
v 0.06919586 0.00227607 0.00305770
v 0.06521382 0.00190310 0.00449213
v -0.02927298 -0.00229138 0.00295146
v 0.07258910 0.00292025 0.00896308
v 0.07258910 0.00292025 0.00896308
v -0.06691948 0.00111293 0.00346603
v -0.06691948 0.00111293 0.00346603
v -0.06691948 0.00111293 0.00346603
v -0.01410192 0.00309055 0.00929748
v 0.06534015 0.00168655 0.00843461
v -0.01091516 0.00449085 0.00872263
v -0.02588954 -0.00166826 0.00577948
v -0.02589926 -0.00167157 0.00980353
v -0.06577918 0.00083181 0.00698125
v -0.06577918 0.00083181 0.00698125
v -0.06701416 0.00101083 0.00772783
v -0.06701416 0.00101083 0.00772783
v -0.06701416 0.00101083 0.00772783
v 0.06987185 0.00223112 0.00715481
v 0.05729588 0.00215631 0.00266600
v 0.05729588 0.00215631 0.00266600
v 0.05732119 0.00172105 0.00698304
v 0.04617283 0.00205379 0.00879195
v 0.04617284 0.00234877 0.00597073
v 0.00520975 0.00527546 0.00742934
v 0.00520975 0.00527546 0.00742934
v 0.00520863 0.00482412 0.00862279
v -0.00503265 0.00536160 0.00811162
v -0.00503265 0.00506663 0.00926298
v -0.02951022 -0.00232230 0.00767612
v -0.03685381 -0.00313909 0.00008400
v -0.03685381 -0.00313909 0.00008400
v -0.04480687 -0.00239802 0.00382699
v -0.04480687 -0.00239802 0.00382699
v -0.03971031 -0.00292994 0.00202465
v -0.04486073 -0.00239899 0.00871743
v -0.04486073 -0.00239899 0.00871743
v -0.03699185 -0.00314758 0.00535093
v -0.03699185 -0.00314758 0.00535093
v -0.03977481 -0.00292994 0.00714227
v -0.05772757 -0.00048037 0.00152473
v -0.05772757 -0.00048037 0.00152473
v -0.06540443 0.00090673 0.00403180
v -0.06540443 0.00090673 0.00403180
v -0.06271395 0.00043859 0.00305593
v -0.05789651 -0.00050459 0.00631521
v -0.05789651 -0.00050459 0.00631521
v -0.06577919 0.00083181 0.00845661
v -0.06577919 0.00083181 0.00845661
v -0.06305658 0.00038882 0.00765644
v 0.00520863 0.00472580 0.00980353
v 0.05732646 0.00162599 0.00980353
v -0.01091516 0.00439253 0.00980353
v 0.07000346 0.00221449 0.00980353
v 0.03270933 0.00337735 0.00577089
v 0.03270933 0.00337735 0.00577089
v 0.03271009 0.00292617 0.00807621
v 0.03271009 0.00282785 0.00980353
v 0.01846589 0.00411679 0.00766104
v 0.01846589 0.00382181 0.00913619
v -0.01657625 0.00214577 0.00643109
v -0.01657625 0.00214577 0.00643109
v -0.01658371 0.00170341 0.00852710
v -0.01658372 0.00160714 0.00980353
v -0.01865668 0.00037546 0.00905116
v -0.01865668 0.00062127 0.00674955
v -0.02037705 -0.00014679 0.00330580
v -0.02037705 -0.00014679 0.00330580
v -0.02038307 -0.00036468 0.00723979
v -0.02038307 -0.00041384 0.00980353
v -0.02258419 -0.00094524 0.00398600
v -0.02258419 -0.00099440 0.00822663
v -0.03692425 -0.00314761 0.00390796
v -0.03692425 -0.00314761 0.00390796
v -0.03361428 -0.00293297 0.00014158
v -0.03361428 -0.00293297 0.00014158
v -0.03548752 -0.00310615 0.00213527
v -0.03699192 -0.00314759 0.00892651
v -0.03699192 -0.00314759 0.00892651
v -0.03575147 -0.00313248 0.00716481
v -0.03085670 -0.00258800 0.00021844
v -0.03085670 -0.00258800 0.00021844
v 0.07181928 0.00275164 0.01309275
v 0.07181928 0.00275164 0.01309275
v -0.02583216 -0.00166776 0.01908372
v -0.02583216 -0.00166776 0.01908372
v -0.06560995 0.00090673 0.01706585
v -0.06560995 0.00090673 0.01706585
v -0.01090951 0.00494283 0.01225162
v -0.01090951 0.00494283 0.01225162
v -0.01410191 0.00338552 0.01173086
v 0.06919587 0.00227607 0.01654935
v 0.06919587 0.00227607 0.01654935
v 0.06919587 0.00227607 0.01654935
v 0.06521382 0.00190310 0.01511492
v -0.02927298 -0.00229138 0.01665559
v 0.07258910 0.00292025 0.01064397
v 0.07258910 0.00292025 0.01064397
v -0.06691947 0.00111293 0.01614102
v -0.06691947 0.00111293 0.01614102
v -0.06691947 0.00111293 0.01614102
v -0.01410192 0.00309055 0.01030957
v 0.06534016 0.00168655 0.01117244
v -0.01091516 0.00449085 0.01088442
v -0.02588954 -0.00166826 0.01382757
v -0.06577918 0.00083181 0.01262581
v -0.06577918 0.00083181 0.01262581
v -0.06701416 0.00101083 0.01187922
v -0.06701416 0.00101083 0.01187922
v -0.06701416 0.00101083 0.01187922
v 0.06987185 0.00223112 0.01245225
v 0.05729588 0.00215631 0.01694105
v 0.05729588 0.00215631 0.01694105
v 0.05732120 0.00172105 0.01262401
v 0.04617283 0.00205379 0.01081510
v 0.04617284 0.00234877 0.01363633
v 0.00520975 0.00527546 0.01217771
v 0.00520975 0.00527546 0.01217771
v 0.00520863 0.00482412 0.01098426
v -0.00503265 0.00536160 0.01149543
v -0.00503265 0.00506663 0.01034408
v -0.02951022 -0.00232230 0.01193093
v -0.03685381 -0.00313909 0.01952305
v -0.03685381 -0.00313909 0.01952305
v -0.04480687 -0.00239802 0.01578006
v -0.04480687 -0.00239802 0.01578006
v -0.03971030 -0.00292994 0.01758241
v -0.04486073 -0.00239899 0.01088962
v -0.04486073 -0.00239899 0.01088962
v -0.03699185 -0.00314758 0.01425613
v -0.03699185 -0.00314758 0.01425613
v -0.03977481 -0.00292994 0.01246478
v -0.05772757 -0.00048037 0.01808232
v -0.05772757 -0.00048037 0.01808232
v -0.06540443 0.00090673 0.01557525
v -0.06540443 0.00090673 0.01557525
v -0.06271395 0.00043859 0.01655112
v -0.05789651 -0.00050459 0.01329184
v -0.05789651 -0.00050459 0.01329184
v -0.06577919 0.00083181 0.01115044
v -0.06577919 0.00083181 0.01115044
v -0.06305658 0.00038882 0.01195061
v 0.03270933 0.00337735 0.01383616
v 0.03270933 0.00337735 0.01383616
v 0.03271009 0.00292617 0.01153084
v 0.01846589 0.00411679 0.01194602
v 0.01846589 0.00382181 0.01047086
v -0.01657625 0.00214577 0.01317596
v -0.01657625 0.00214577 0.01317596
v -0.01658371 0.00170341 0.01107995
v -0.01865669 0.00037546 0.01055589
v -0.01865668 0.00062127 0.01285750
v -0.02037705 -0.00014679 0.01630125
v -0.02037705 -0.00014679 0.01630125
v -0.02038307 -0.00036468 0.01236727
v -0.02258419 -0.00094524 0.01562105
v -0.02258419 -0.00099440 0.01138042
v -0.03692425 -0.00314761 0.01569909
v -0.03692425 -0.00314761 0.01569909
v -0.03361428 -0.00293297 0.01946547
v -0.03361428 -0.00293297 0.01946547
v -0.03548752 -0.00310615 0.01747178
v -0.03699193 -0.00314759 0.01068054
v -0.03699193 -0.00314759 0.01068054
v -0.03575147 -0.00313248 0.01244224
v -0.03085670 -0.00258800 0.01938861
v -0.03085670 -0.00258800 0.01938861
v -0.05758323 -0.00048038 0.00397634
v -0.05758323 -0.00048038 0.00397634
v -0.04481303 -0.00239802 0.00052842
v -0.04481303 -0.00239802 0.00052842
v -0.05124618 -0.00152099 0.00243466
v -0.05789651 -0.00050459 0.00870337
v -0.05789651 -0.00050459 0.00870337
v -0.04486073 -0.00239899 0.00569805
v -0.04486073 -0.00239899 0.00569805
v -0.05134264 -0.00152896 0.00733664
v -0.05789651 -0.00050459 0.01090369
v -0.05789651 -0.00050459 0.01090369
v -0.04486073 -0.00239899 0.01390900
v -0.04486073 -0.00239899 0.01390900
v -0.05134264 -0.00152896 0.01227041
v -0.05758323 -0.00048038 0.01563071
v -0.05758323 -0.00048038 0.01563071
v -0.04481303 -0.00239802 0.01907863
v -0.04481303 -0.00239802 0.01907863
v -0.05124618 -0.00152099 0.01717239
v 0.07160972 0.00074492 0.00612125
v -0.02540664 -0.00319547 0.00052333
v -0.02540664 -0.00319547 0.00052333
v -0.06561857 -0.00000655 0.00251645
v -0.06561857 -0.00000655 0.00251645
v -0.01037861 0.00296169 0.00735543
v -0.01037861 0.00296169 0.00735543
v -0.01339926 0.00165777 0.00787619
v 0.06941883 0.00026151 0.00300353
v 0.06941883 0.00026151 0.00300353
v 0.06941883 0.00026151 0.00300353
v 0.06537223 0.00003805 0.00446916
v -0.02891569 -0.00385863 0.00295070
v 0.07222307 0.00087583 0.00884528
v -0.06692386 0.00030829 0.00343548
v -0.06692386 0.00030829 0.00343548
v -0.06692386 0.00030829 0.00343548
v -0.01339538 0.00165936 0.00929748
v 0.06550096 0.00006584 0.00842563
v -0.01037274 0.00294635 0.00872263
v -0.02545656 -0.00321856 0.00577936
v -0.02546659 -0.00321984 0.00980353
v -0.06578405 0.00007513 0.00698025
v -0.06578405 0.00007513 0.00698025
v -0.06701416 0.00034862 0.00772677
v -0.06701416 0.00034862 0.00772677
v -0.06701416 0.00034862 0.00772677
v 0.07004086 0.00037324 0.00709552
v 0.05732952 0.00010111 0.00265340
v 0.05732952 0.00010111 0.00265340
v 0.05737537 0.00009307 0.00697359
v 0.04613769 0.00051877 0.00879020
v 0.04613583 0.00051848 0.00596699
v 0.00531496 0.00323385 0.00742934
v 0.00531496 0.00323385 0.00742934
v 0.00531671 0.00321826 0.00862279
v -0.00471750 0.00357072 0.00811162
v -0.00471719 0.00357065 0.00926298
v -0.02916410 -0.00389133 0.00767546
v -0.03684842 -0.00470445 0.00008390
v -0.03684842 -0.00470445 0.00008390
v -0.04495476 -0.00375259 0.00382410
v -0.04495476 -0.00375259 0.00382410
v -0.03978527 -0.00446421 0.00202376
v -0.04500333 -0.00375047 0.00871724
v -0.04500333 -0.00375047 0.00871724
v -0.03698512 -0.00471335 0.00535029
v -0.03698512 -0.00471335 0.00535029
v -0.03984614 -0.00446452 0.00714221
v -0.05784696 -0.00156991 0.00151258
v -0.05784696 -0.00156991 0.00151258
v -0.06541306 -0.00000702 0.00400675
v -0.06541306 -0.00000702 0.00400675
v -0.06275790 -0.00059313 0.00303673
v -0.05800983 -0.00150521 0.00631456
v -0.05800983 -0.00150521 0.00631456
v -0.06578405 0.00007511 0.00845561
v -0.06578405 0.00007511 0.00845561
v -0.06309633 -0.00049580 0.00765555
v 0.00531683 0.00321828 0.00980353
v 0.05737705 0.00009373 0.00980353
v -0.01037270 0.00294629 0.00980353
v 0.07015020 0.00039827 0.00980353
v 0.03263840 0.00132083 0.00577041
v 0.03263840 0.00132083 0.00577041
v 0.03263749 0.00130512 0.00807582
v 0.03263714 0.00130511 0.00980353
v 0.01843521 0.00229096 0.00766104
v 0.01843512 0.00229101 0.00913619
v -0.01587456 0.00018653 0.00643109
v -0.01587456 0.00018653 0.00643109
v -0.01584511 0.00018157 0.00852710
v -0.01584060 0.00018362 0.00980353
v -0.01796726 -0.00108670 0.00905116
v -0.01798682 -0.00109576 0.00674955
v -0.01981085 -0.00189855 0.00330580
v -0.01981085 -0.00189855 0.00330580
v -0.01978258 -0.00190372 0.00723979
v -0.01977802 -0.00190158 0.00980353
v -0.02207387 -0.00252069 0.00398600
v -0.02206966 -0.00251866 0.00822663
v -0.03691806 -0.00471323 0.00390844
v -0.03691806 -0.00471323 0.00390844
v -0.03343537 -0.00449457 0.00014172
v -0.03343537 -0.00449457 0.00014172
v -0.03540421 -0.00471164 0.00213720
v -0.03698567 -0.00471335 0.00892712
v -0.03698567 -0.00471335 0.00892712
v -0.03567525 -0.00473936 0.00716461
v -0.03054266 -0.00413090 0.00021836
v -0.03054266 -0.00413090 0.00021836
v 0.07160972 0.00074492 0.01348581
v -0.02540664 -0.00319547 0.01908372
v -0.02540664 -0.00319547 0.01908372
v -0.06561857 -0.00000655 0.01709061
v -0.06561857 -0.00000655 0.01709061
v -0.01037861 0.00296169 0.01225162
v -0.01037861 0.00296169 0.01225162
v -0.01339926 0.00165777 0.01173087
v 0.06941883 0.00026151 0.01660352
v 0.06941883 0.00026151 0.01660352
v 0.06941883 0.00026151 0.01660352
v 0.06537223 0.00003805 0.01513789
v -0.02891568 -0.00385863 0.01665635
v 0.07222307 0.00087583 0.01076178
v -0.06692386 0.00030829 0.01617157
v -0.06692386 0.00030829 0.01617157
v -0.06692386 0.00030829 0.01617157
v -0.01339538 0.00165936 0.01030957
v 0.06550096 0.00006584 0.01118143
v -0.01037274 0.00294635 0.01088442
v -0.02545656 -0.00321856 0.01382770
v -0.06578405 0.00007513 0.01262680
v -0.06578405 0.00007513 0.01262680
v -0.06701416 0.00034862 0.01188028
v -0.06701416 0.00034862 0.01188028
v -0.06701416 0.00034862 0.01188028
v 0.07004085 0.00037324 0.01251153
v 0.05732952 0.00010111 0.01695365
v 0.05732952 0.00010111 0.01695365
v 0.05737537 0.00009307 0.01263346
v 0.04613769 0.00051877 0.01081685
v 0.04613584 0.00051848 0.01364006
v 0.00531496 0.00323385 0.01217771
v 0.00531496 0.00323385 0.01217771
v 0.00531671 0.00321826 0.01098426
v -0.00471750 0.00357072 0.01149543
v -0.00471719 0.00357065 0.01034408
v -0.02916410 -0.00389133 0.01193159
v -0.03684842 -0.00470445 0.01952315
v -0.03684842 -0.00470445 0.01952315
v -0.04495475 -0.00375259 0.01578295
v -0.04495475 -0.00375259 0.01578295
v -0.03978527 -0.00446421 0.01758329
v -0.04500333 -0.00375047 0.01088981
v -0.04500333 -0.00375047 0.01088981
v -0.03698512 -0.00471335 0.01425676
v -0.03698512 -0.00471335 0.01425676
v -0.03984614 -0.00446452 0.01246484
v -0.05784696 -0.00156991 0.01809447
v -0.05784696 -0.00156991 0.01809447
v -0.06541306 -0.00000702 0.01560030
v -0.06541306 -0.00000702 0.01560030
v -0.06275790 -0.00059313 0.01657032
v -0.05800983 -0.00150521 0.01329249
v -0.05800983 -0.00150521 0.01329249
v -0.06578405 0.00007511 0.01115144
v -0.06578405 0.00007511 0.01115144
v -0.06309633 -0.00049580 0.01195150
v 0.03263840 0.00132083 0.01383664
v 0.03263840 0.00132083 0.01383664
v 0.03263749 0.00130512 0.01153123
v 0.01843521 0.00229096 0.01194602
v 0.01843512 0.00229101 0.01047086
v -0.01587456 0.00018653 0.01317596
v -0.01587456 0.00018653 0.01317596
v -0.01584511 0.00018157 0.01107995
v -0.01796726 -0.00108670 0.01055589
v -0.01798682 -0.00109576 0.01285750
v -0.01981085 -0.00189855 0.01630125
v -0.01981085 -0.00189855 0.01630125
v -0.01978258 -0.00190372 0.01236727
v -0.02207387 -0.00252069 0.01562105
v -0.02206966 -0.00251866 0.01138042
v -0.03691806 -0.00471323 0.01569861
v -0.03691806 -0.00471323 0.01569861
v -0.03343536 -0.00449457 0.01946533
v -0.03343536 -0.00449457 0.01946533
v -0.03540421 -0.00471164 0.01746985
v -0.03698567 -0.00471335 0.01067993
v -0.03698567 -0.00471335 0.01067993
v -0.03567525 -0.00473936 0.01244244
v -0.03054266 -0.00413090 0.01938869
v -0.03054266 -0.00413090 0.01938869
v -0.05770224 -0.00157044 0.00396392
v -0.05770224 -0.00157044 0.00396392
v -0.04496172 -0.00375250 0.00052552
v -0.04496172 -0.00375250 0.00052552
v -0.05142391 -0.00273994 0.00242787
v -0.05800980 -0.00150523 0.00870272
v -0.05800980 -0.00150523 0.00870272
v -0.04500307 -0.00375047 0.00569786
v -0.04500307 -0.00375047 0.00569786
v -0.05151311 -0.00271802 0.00733623
v -0.05800980 -0.00150523 0.01090434
v -0.05800980 -0.00150523 0.01090434
v -0.04500307 -0.00375047 0.01390919
v -0.04500307 -0.00375047 0.01390919
v -0.05151311 -0.00271802 0.01227082
v -0.05770225 -0.00157044 0.01564313
v -0.05770225 -0.00157044 0.01564313
v -0.04496172 -0.00375250 0.01908154
v -0.04496172 -0.00375250 0.01908154
v -0.05142391 -0.00273994 0.01717919
v -0.02868563 -0.00342487 0.00016367
v 0.07117730 0.00093220 0.00480984
v 0.07117730 0.00093220 0.00480984
v -0.06658579 0.00044830 0.00383692
v -0.06658579 0.00044830 0.00383692
v -0.01357771 0.00202403 0.00696093
v 0.06520120 0.00039980 0.00189758
v 0.07269612 0.00127162 0.00792070
v 0.07269612 0.00127162 0.00792070
v -0.06671007 0.00044843 0.00297148
v -0.06671007 0.00044843 0.00297148
v -0.06678478 0.00046350 0.00813685
v -0.06678478 0.00046350 0.00813685
v -0.06678478 0.00046350 0.00731724
v -0.06678478 0.00046350 0.00731724
v 0.04614205 0.00091112 0.00415810
v -0.00479650 0.00395396 0.00750082
v -0.03187197 -0.00392222 0.00007496
v -0.03976714 -0.00408065 0.00012404
v -0.03976590 -0.00408064 0.00392393
v -0.03982849 -0.00408087 0.00888037
v -0.03982812 -0.00408088 0.00540408
v -0.06286177 -0.00033494 0.00199391
v -0.06263206 -0.00033547 0.00408916
v -0.06308640 -0.00027463 0.00660447
v -0.06308639 -0.00027465 0.00870707
v 0.07292249 0.00132329 0.00980353
v 0.07292249 0.00132329 0.00980353
v 0.01844294 0.00268286 0.00685322
v -0.01816835 -0.00072678 0.00520031
v -0.02220448 -0.00213904 0.00132226
v -0.03573963 -0.00434755 0.00406811
v -0.03513922 -0.00427403 0.00000449
v -0.03578687 -0.00434653 0.00913351
v -0.03578599 -0.00434648 0.00518686
v -0.02868563 -0.00342487 0.01944338
v 0.07117730 0.00093220 0.01479721
v 0.07117730 0.00093220 0.01479721
v -0.06658578 0.00044830 0.01577013
v -0.06658578 0.00044830 0.01577013
v -0.01357771 0.00202403 0.01264612
v 0.06520121 0.00039980 0.01770947
v 0.07269612 0.00127162 0.01168635
v 0.07269612 0.00127162 0.01168635
v -0.06671007 0.00044843 0.01663557
v -0.06671007 0.00044843 0.01663557
v -0.06678478 0.00046350 0.01147020
v -0.06678478 0.00046350 0.01147020
v -0.06678478 0.00046350 0.01228981
v -0.06678478 0.00046350 0.01228981
v 0.04614205 0.00091112 0.01544895
v -0.00479650 0.00395396 0.01210623
v -0.03187197 -0.00392222 0.01953209
v -0.03976714 -0.00408065 0.01948302
v -0.03976590 -0.00408064 0.01568313
v -0.03982849 -0.00408087 0.01072668
v -0.03982813 -0.00408088 0.01420297
v -0.06286178 -0.00033494 0.01761315
v -0.06263205 -0.00033547 0.01551790
v -0.06308640 -0.00027463 0.01300258
v -0.06308639 -0.00027465 0.01089998
v 0.01844294 0.00268286 0.01275383
v -0.01816835 -0.00072678 0.01440674
v -0.02220448 -0.00213904 0.01828479
v -0.03573962 -0.00434755 0.01553894
v -0.03513922 -0.00427403 0.01960256
v -0.03578687 -0.00434653 0.01047354
v -0.03578599 -0.00434648 0.01442019
v -0.05135355 -0.00243530 0.00392906
v -0.05140539 -0.00243510 0.00093006
v -0.05147051 -0.00242076 0.00874089
v -0.05147048 -0.00242075 0.00593179
v -0.05147051 -0.00242076 0.01086617
v -0.05147048 -0.00242075 0.01367527
v -0.05135354 -0.00243530 0.01567799
v -0.05140540 -0.00243510 0.01867699
v -0.03453814 -0.00304368 0.00381834
v -0.03511406 -0.00312762 0.00430114
v -0.03511406 -0.00312762 0.00430114
v -0.03499694 -0.00311746 0.00456775
v -0.03499694 -0.00311746 0.00456775
v -0.03508603 -0.00312320 0.00485516
v -0.03508603 -0.00312320 0.00485516
v -0.03472533 -0.00306651 0.00557963
v -0.03376469 -0.00295615 0.00557252
v -0.03353823 -0.00292677 0.00411710
v -0.03471965 -0.00306564 0.00883347
v -0.03508456 -0.00312278 0.00949496
v -0.03508456 -0.00312278 0.00949496
v -0.03498326 -0.00311525 0.00980353
v -0.03498326 -0.00311525 0.00980353
v -0.03508456 -0.00312278 0.01011209
v -0.03508456 -0.00312278 0.01011209
v -0.03471965 -0.00306564 0.01077359
v -0.03377301 -0.00295714 0.01058480
v -0.03377301 -0.00295714 0.00902226
v -0.03472533 -0.00306651 0.01402742
v -0.03508603 -0.00312320 0.01475190
v -0.03508603 -0.00312320 0.01475190
v -0.03499694 -0.00311746 0.01503931
v -0.03499694 -0.00311746 0.01503931
v -0.03511406 -0.00312761 0.01530591
v -0.03511406 -0.00312761 0.01530591
v -0.03453814 -0.00304368 0.01578872
v -0.03353822 -0.00292677 0.01548995
v -0.03376469 -0.00295615 0.01403453
v -0.03456531 -0.00466820 0.00556978
v -0.03492890 -0.00469201 0.00483541
v -0.03492890 -0.00469201 0.00483541
v -0.03483454 -0.00468577 0.00456696
v -0.03483454 -0.00468577 0.00456696
v -0.03495354 -0.00469604 0.00431901
v -0.03495354 -0.00469604 0.00431901
v -0.03436884 -0.00464383 0.00382501
v -0.03333250 -0.00452164 0.00411387
v -0.03356996 -0.00455280 0.00556805
v -0.03456052 -0.00466743 0.01076616
v -0.03492820 -0.00469168 0.01009273
v -0.03492820 -0.00469168 0.01009273
v -0.03482298 -0.00468379 0.00980353
v -0.03482298 -0.00468379 0.00980353
v -0.03492820 -0.00469168 0.00951432
v -0.03492820 -0.00469168 0.00951432
v -0.03456053 -0.00466743 0.00884089
v -0.03358043 -0.00455408 0.00902224
v -0.03358043 -0.00455408 0.01058482
v -0.03436884 -0.00464383 0.01578205
v -0.03495354 -0.00469604 0.01528805
v -0.03495354 -0.00469604 0.01528805
v -0.03483454 -0.00468577 0.01504009
v -0.03483454 -0.00468577 0.01504009
v -0.03492890 -0.00469201 0.01477165
v -0.03492890 -0.00469201 0.01477165
v -0.03456531 -0.00466820 0.01403727
v -0.03356997 -0.00455280 0.01403901
v -0.03333250 -0.00452164 0.01549318
v -0.03512512 -0.00432359 0.00420779
v -0.03500305 -0.00350572 0.00442391
v -0.03498654 -0.00350322 0.00471258
v -0.03517658 -0.00351700 0.00498467
v -0.03510472 -0.00431870 0.00937098
v -0.03498084 -0.00350218 0.00964289
v -0.03498084 -0.00350218 0.00996416
v -0.03517822 -0.00351705 0.01024765
v -0.03510287 -0.00431864 0.01463406
v -0.03498654 -0.00350322 0.01489447
v -0.03500304 -0.00350572 0.01518315
v -0.03520097 -0.00352219 0.01541008
v -0.03199208 -0.00271956 0.00518034
v -0.03306941 -0.00286331 0.00235424
v -0.03536715 -0.00314138 0.00517559
v -0.03536715 -0.00314138 0.00517559
v -0.03524982 -0.00471313 0.00516087
v -0.03524982 -0.00471313 0.00516087
v -0.03534352 -0.00314271 0.00406498
v -0.03534352 -0.00314271 0.00406498
v -0.03522228 -0.00471401 0.00407877
v -0.03522228 -0.00471401 0.00407877
v -0.03402897 -0.00298675 0.00726690
v -0.03216909 -0.00274262 0.00980353
v -0.03536858 -0.00314148 0.00916753
v -0.03536858 -0.00314148 0.00916753
v -0.03525158 -0.00471325 0.00918208
v -0.03525158 -0.00471325 0.00918208
v -0.03402898 -0.00298675 0.01234015
v -0.03536859 -0.00314148 0.01043953
v -0.03536859 -0.00314148 0.01043953
v -0.03536716 -0.00314139 0.01443146
v -0.03536716 -0.00314139 0.01443146
v -0.03199208 -0.00271956 0.01442671
v -0.03525158 -0.00471325 0.01042497
v -0.03525158 -0.00471325 0.01042497
v -0.03306941 -0.00286331 0.01725281
v -0.03534352 -0.00314271 0.01554207
v -0.03534352 -0.00314271 0.01554207
v -0.03524982 -0.00471313 0.01444618
v -0.03524982 -0.00471313 0.01444618
v -0.03522228 -0.00471401 0.01552829
v -0.03522228 -0.00471401 0.01552829
v -0.03172582 -0.00430415 0.00517749
v -0.03284564 -0.00445455 0.00235431
v -0.03384809 -0.00458518 0.00726497
v -0.03191221 -0.00432869 0.00980353
v -0.03384810 -0.00458518 0.01234208
v -0.03172582 -0.00430415 0.01442957
v -0.03284564 -0.00445455 0.01725274
v -0.02887147 -0.00264240 0.00016367
v 0.07103673 0.00195213 0.00485296
v -0.01392718 0.00303002 0.00696093
v 0.06512889 0.00145021 0.00191157
v 0.07261142 0.00231266 0.00797093
v 0.04616258 0.00196787 0.00416009
v -0.00495393 0.00499071 0.00750082
v -0.03200514 -0.00313022 0.00007496
v -0.03972925 -0.00331351 0.00012448
v 0.07285682 0.00236924 0.00980353
v 0.01845824 0.00373714 0.00685322
v -0.01849391 0.00025386 0.00520031
v -0.02245762 -0.00132678 0.00132226
v -0.03518456 -0.00347208 0.00000449
v -0.02887147 -0.00264240 0.01944338
v 0.07103674 0.00195213 0.01475409
v -0.01392718 0.00303002 0.01264612
v 0.06512889 0.00145021 0.01769548
v 0.07261142 0.00231266 0.01163612
v 0.04616258 0.00196787 0.01544697
v -0.00495393 0.00499071 0.01210623
v -0.03200514 -0.00313022 0.01953209
v -0.03972925 -0.00331351 0.01948257
v 0.01845824 0.00373714 0.01275383
v -0.01849391 0.00025386 0.01440674
v -0.02245762 -0.00132678 0.01828479
v -0.03518456 -0.00347208 0.01960256
v -0.03065954 -0.00335420 0.01950519
v -0.03065954 -0.00335420 0.01950519
v -0.03349260 -0.00370962 0.01956642
v -0.03349260 -0.00370962 0.01956642
v -0.02009424 -0.00111498 0.01639273
v -0.02009424 -0.00111498 0.01639273
v -0.01622569 0.00098550 0.01322518
v -0.01622569 0.00098550 0.01322518
v 0.03267387 0.00216473 0.01388880
v 0.03267387 0.00216473 0.01388880
v -0.03684970 -0.00392158 0.01960702
v -0.03684970 -0.00392158 0.01960702
v 0.00526235 0.00407030 0.01220331
v 0.00526235 0.00407030 0.01220331
v 0.05731176 0.00094404 0.01704771
v 0.05731176 0.00094404 0.01704771
v 0.07291681 0.00178274 0.01062455
v 0.07291681 0.00178274 0.01062455
v 0.06931432 0.00106917 0.01666808
v 0.06931432 0.00106917 0.01666808
v 0.06931432 0.00106917 0.01666808
v 0.06931432 0.00106917 0.01666808
v -0.01064406 0.00376791 0.01228240
v -0.01064406 0.00376791 0.01228240
v -0.02561750 -0.00243521 0.01920323
v -0.02561750 -0.00243521 0.01920323
v 0.07214183 0.00160504 0.01301936
v 0.07214183 0.00160504 0.01301936
v -0.03065954 -0.00335420 0.00010187
v -0.03065954 -0.00335420 0.00010187
v -0.03349260 -0.00370962 0.00004063
v -0.03349260 -0.00370962 0.00004063
v -0.02009424 -0.00111498 0.00321432
v -0.02009424 -0.00111498 0.00321432
v -0.01622569 0.00098550 0.00638187
v -0.01622569 0.00098550 0.00638187
v 0.03267387 0.00216473 0.00571825
v 0.03267387 0.00216473 0.00571825
v -0.03684970 -0.00392158 0.00000003
v -0.03684970 -0.00392158 0.00000003
v 0.00526235 0.00407030 0.00740374
v 0.00526235 0.00407030 0.00740374
v 0.05731175 0.00094404 0.00255934
v 0.05731175 0.00094404 0.00255934
v 0.07291681 0.00178274 0.00898250
v 0.07291681 0.00178274 0.00898250
v 0.06931432 0.00106917 0.00293897
v 0.06931432 0.00106917 0.00293897
v 0.06931432 0.00106917 0.00293897
v 0.06931432 0.00106917 0.00293897
v -0.01064406 0.00376791 0.00732465
v -0.01064406 0.00376791 0.00732465
v -0.02561750 -0.00243521 0.00040382
v -0.02561750 -0.00243521 0.00040382
v 0.07214183 0.00160504 0.00658769
v 0.07214183 0.00160504 0.00658769
v -0.05131637 -0.00182569 0.01867361
v -0.06261010 0.00018057 0.01550819
v -0.06670793 0.00087239 0.01662066
v -0.06670793 0.00087239 0.01662066
v -0.06283976 0.00018075 0.01760366
v -0.06658363 0.00087235 0.01575517
v -0.06658363 0.00087235 0.01575517
v -0.05126486 -0.00182576 0.01567458
v -0.05763959 -0.00102542 0.01558363
v -0.05763959 -0.00102542 0.01558363
v -0.06540203 0.00044944 0.01555570
v -0.06540203 0.00044944 0.01555570
v -0.04488751 -0.00307526 0.01915179
v -0.04488751 -0.00307526 0.01915179
v -0.06561647 0.00044968 0.01711095
v -0.06561647 0.00044968 0.01711095
v -0.05779041 -0.00102514 0.01814169
v -0.05779041 -0.00102514 0.01814169
v -0.06697122 0.00071967 0.01614925
v -0.06697122 0.00071967 0.01614925
v -0.06697122 0.00071967 0.01614925
v -0.06697122 0.00071967 0.01614925
v -0.03972883 -0.00331351 0.01568269
v -0.04488067 -0.00307531 0.01570980
v -0.04488067 -0.00307531 0.01570980
v -0.06678478 0.00081253 0.01146967
v -0.06678478 0.00081253 0.01146967
v -0.03517658 -0.00351700 0.01462238
v -0.03512512 -0.00432359 0.01539926
v -0.03577673 -0.00354402 0.01554142
v -0.03582226 -0.00354285 0.01441752
v -0.03491998 -0.00430654 0.01517813
v -0.03979258 -0.00331359 0.01420294
v -0.06678478 0.00081254 0.01228928
v -0.06678478 0.00081254 0.01228928
v -0.03490443 -0.00430415 0.01490027
v -0.05138525 -0.00182623 0.01367506
v -0.06306652 0.00016767 0.01300213
v -0.04493190 -0.00307473 0.01397474
v -0.04493190 -0.00307473 0.01397474
v -0.03532390 -0.00392876 0.01451400
v -0.03532390 -0.00392876 0.01451400
v -0.06577974 0.00045313 0.01265838
v -0.06577974 0.00045313 0.01265838
v -0.03502322 -0.00390921 0.01475765
v -0.03502322 -0.00390921 0.01475765
v -0.05795317 -0.00100490 0.01334408
v -0.05795317 -0.00100490 0.01334408
v -0.06705553 0.00068725 0.01187975
v -0.06705553 0.00068725 0.01187975
v -0.06705553 0.00068725 0.01187975
v -0.06705553 0.00068725 0.01187975
v -0.03492390 -0.00390259 0.01504141
v -0.03492390 -0.00390259 0.01504141
v -0.03698919 -0.00393053 0.01433422
v -0.03698919 -0.00393053 0.01433422
v -0.03531569 -0.00393213 0.01547570
v -0.03531569 -0.00393213 0.01547570
v -0.03505162 -0.00391372 0.01530508
v -0.03505162 -0.00391372 0.01530508
v -0.03692278 -0.00393061 0.01561650
v -0.03692278 -0.00393061 0.01561650
v -0.06306652 0.00016766 0.01089954
v -0.05138526 -0.00182623 0.01086596
v -0.05795316 -0.00100491 0.01085210
v -0.05795316 -0.00100491 0.01085210
v -0.06577973 0.00045312 0.01111887
v -0.06577973 0.00045312 0.01111887
v -0.03489938 -0.00430318 0.00964846
v -0.03979270 -0.00331359 0.00888040
v -0.03517822 -0.00351705 0.00935940
v -0.03510472 -0.00431870 0.01023607
v -0.03489938 -0.00430318 0.00995859
v -0.03582293 -0.00354290 0.01047619
v -0.03582293 -0.00354290 0.00913086
v -0.03979270 -0.00331359 0.01072665
v -0.03502266 -0.00390891 0.01010929
v -0.03502266 -0.00390891 0.01010929
v -0.03532562 -0.00392887 0.00924836
v -0.03532562 -0.00392887 0.00924836
v -0.03698951 -0.00393054 0.00900452
v -0.03698951 -0.00393054 0.00900452
v -0.04493203 -0.00307473 0.01082408
v -0.04493203 -0.00307473 0.01082408
v -0.03502266 -0.00390891 0.00949776
v -0.03502266 -0.00390891 0.00949776
v -0.03698951 -0.00393054 0.01060253
v -0.03698951 -0.00393054 0.01060253
v -0.03532562 -0.00392887 0.01035869
v -0.03532562 -0.00392887 0.01035869
v -0.03491142 -0.00390051 0.00980353
v -0.03491142 -0.00390051 0.00980353
v -0.06678478 0.00081253 0.00813739
v -0.06678478 0.00081253 0.00813739
v -0.06678478 0.00081254 0.00731778
v -0.06678478 0.00081254 0.00731778
v -0.06306652 0.00016767 0.00660492
v -0.06306652 0.00016766 0.00870752
v -0.06577974 0.00045312 0.00848819
v -0.06577974 0.00045312 0.00848819
v -0.06705553 0.00068725 0.00772730
v -0.06705553 0.00068725 0.00772730
v -0.06705553 0.00068725 0.00772730
v -0.06705553 0.00068725 0.00772730
v -0.06577974 0.00045313 0.00694867
v -0.06577974 0.00045313 0.00694867
v -0.06658362 0.00087235 0.00385189
v -0.06658362 0.00087235 0.00385189
v -0.06670793 0.00087239 0.00298639
v -0.06670793 0.00087239 0.00298639
v -0.06283976 0.00018075 0.00200339
v -0.06261010 0.00018057 0.00409887
v -0.06540202 0.00044944 0.00405135
v -0.06540202 0.00044944 0.00405135
v -0.06697123 0.00071967 0.00345780
v -0.06697123 0.00071967 0.00345780
v -0.06697123 0.00071967 0.00345780
v -0.06697123 0.00071967 0.00345780
v -0.06561647 0.00044968 0.00249610
v -0.06561647 0.00044968 0.00249610
v -0.05131636 -0.00182569 0.00093344
v -0.05779041 -0.00102514 0.00146536
v -0.05779041 -0.00102514 0.00146536
v -0.04488751 -0.00307526 0.00045526
v -0.04488751 -0.00307526 0.00045526
v -0.05126486 -0.00182576 0.00393248
v -0.05763960 -0.00102542 0.00402343
v -0.05763960 -0.00102542 0.00402343
v -0.03491998 -0.00430654 0.00442892
v -0.03577673 -0.00354402 0.00406563
v -0.03582225 -0.00354285 0.00518953
v -0.03520097 -0.00352219 0.00419698
v -0.03972883 -0.00331351 0.00392437
v -0.03510287 -0.00431864 0.00497299
v -0.05138525 -0.00182623 0.00593199
v -0.03490443 -0.00430415 0.00470679
v -0.03979258 -0.00331359 0.00540411
v -0.03698919 -0.00393054 0.00527283
v -0.03698919 -0.00393054 0.00527283
v -0.03502322 -0.00390921 0.00484941
v -0.03502322 -0.00390921 0.00484941
v -0.04493190 -0.00307473 0.00563232
v -0.04493190 -0.00307473 0.00563232
v -0.03692279 -0.00393061 0.00399055
v -0.03692279 -0.00393061 0.00399055
v -0.04488067 -0.00307531 0.00389725
v -0.04488067 -0.00307531 0.00389725
v -0.03505162 -0.00391372 0.00430197
v -0.03505162 -0.00391372 0.00430197
v -0.03532391 -0.00392876 0.00509305
v -0.03532391 -0.00392876 0.00509305
v -0.03531568 -0.00393213 0.00413135
v -0.03531568 -0.00393213 0.00413135
v -0.03492391 -0.00390259 0.00456564
v -0.03492391 -0.00390259 0.00456564
v -0.05795318 -0.00100490 0.00626297
v -0.05795318 -0.00100490 0.00626297
v -0.05138526 -0.00182623 0.00874109
v -0.05795315 -0.00100491 0.00875496
v -0.05795315 -0.00100491 0.00875496
v -0.04493203 -0.00307473 0.00878298
v -0.04493203 -0.00307473 0.00878298
v 0.06958568 0.00226501 0.00521053
v -0.06580733 0.00084365 0.00771894
v -0.01658371 0.00190800 0.00753594
v 0.05731001 0.00192304 0.00492411
v 0.05732580 0.00163788 0.00854298
v -0.06554087 0.00092101 0.00329165
v -0.03163106 -0.00429400 0.00296760
v 0.06998700 0.00221657 0.00862106
v 0.03271009 0.00284014 0.00899897
v 0.03271009 0.00313511 0.00695645
v -0.01091516 0.00469979 0.00805337
v -0.01091516 0.00440482 0.00929281
v -0.03495531 -0.00308569 0.00719478
v -0.01658371 0.00161917 0.00924676
v -0.03688747 -0.00312663 0.00200779
v -0.03698150 -0.00312992 0.00713926
v -0.05765413 -0.00046878 0.00275067
v -0.05789531 -0.00049394 0.00750930
v 0.00520863 0.00503306 0.00801686
v 0.00520863 0.00473809 0.00921675
v -0.02038307 -0.00040769 0.00865869
v -0.02038307 -0.00026021 0.00536409
v -0.02587340 -0.00166180 0.00322587
v -0.02590305 -0.00167181 0.00791381
v -0.03534637 -0.00353090 0.00412773
v -0.03535535 -0.00352755 0.00924448
v 0.06958569 0.00226501 0.01439652
v -0.06580733 0.00084365 0.01188811
v -0.01658371 0.00190800 0.01207112
v 0.05731000 0.00192304 0.01468294
v 0.05732580 0.00163788 0.01106407
v -0.06554087 0.00092101 0.01631540
v 0.06998700 0.00221657 0.01098599
v 0.03271009 0.00284014 0.01060808
v 0.03271009 0.00313511 0.01265060
v -0.01091516 0.00469979 0.01155368
v -0.01091516 0.00440482 0.01031425
v -0.03535534 -0.00352755 0.01036257
v -0.01658371 0.00161917 0.01036029
v -0.03688748 -0.00312663 0.01759926
v -0.03698150 -0.00312992 0.01246779
v -0.05765413 -0.00046878 0.01685638
v -0.05789531 -0.00049394 0.01209775
v 0.00520863 0.00503306 0.01159019
v 0.00520863 0.00473809 0.01039030
v -0.02038307 -0.00040769 0.01094836
v -0.02038307 -0.00026021 0.01424296
v -0.02587340 -0.00166180 0.01638118
v -0.02590305 -0.00167181 0.01169324
v -0.03535372 -0.00352744 0.01451010
v -0.03265473 -0.00280995 0.01219376
v -0.03535372 -0.00352744 0.00509695
v -0.04480837 -0.00238361 0.00217774
v -0.04485921 -0.00238461 0.00720774
v -0.04485921 -0.00238461 0.01239931
v -0.04480837 -0.00238361 0.01742932
v 0.06977638 0.00031620 0.00512672
v -0.06581230 0.00007354 0.00771792
v -0.01585470 0.00017721 0.00753594
v 0.05735674 0.00008981 0.00491237
v 0.05737890 0.00009390 0.00853770
v -0.06554970 -0.00000871 0.00326606
v 0.07014054 0.00039588 0.00859365
v 0.03263727 0.00130512 0.00899875
v 0.03263761 0.00130506 0.00695599
v -0.01037284 0.00294647 0.00805337
v -0.01037270 0.00294629 0.00929281
v -0.03241688 -0.00439929 0.01219576
v -0.01584116 0.00018336 0.00924676
v -0.03688147 -0.00472543 0.00200792
v -0.03697442 -0.00472896 0.00713922
v -0.05777587 -0.00158177 0.00273812
v -0.05801102 -0.00151586 0.00750863
v 0.00531643 0.00321821 0.00801686
v 0.00531682 0.00321828 0.00921675
v -0.01977859 -0.00190185 0.00865869
v -0.01979228 -0.00190828 0.00536409
v -0.02544004 -0.00321647 0.00322577
v -0.02547054 -0.00322037 0.00791373
v -0.03481687 -0.00468912 0.00719394
v -0.03241689 -0.00439930 0.00741129
v 0.06977638 0.00031620 0.01448033
v -0.06581231 0.00007354 0.01188913
v -0.01585470 0.00017721 0.01207112
v 0.05735675 0.00008981 0.01469468
v 0.05737889 0.00009390 0.01106936
v -0.06554971 -0.00000871 0.01634100
v 0.07014055 0.00039588 0.01101340
v 0.03263727 0.00130512 0.01060830
v 0.03263761 0.00130506 0.01265107
v -0.01037284 0.00294647 0.01155368
v -0.01037270 0.00294629 0.01031425
v -0.03481687 -0.00468912 0.01241312
v -0.01584116 0.00018336 0.01036029
v -0.03688147 -0.00472543 0.01759913
v -0.03697442 -0.00472896 0.01246783
v -0.05777588 -0.00158177 0.01686893
v -0.05801102 -0.00151586 0.01209842
v 0.00531643 0.00321821 0.01159019
v 0.00531682 0.00321828 0.01039030
v -0.01977859 -0.00190185 0.01094836
v -0.01979228 -0.00190828 0.01424296
v -0.02544004 -0.00321647 0.01638128
v -0.02547055 -0.00322037 0.01169332
v -0.03163106 -0.00429400 0.01663945
v -0.03423713 -0.00461638 0.01707861
v -0.03423713 -0.00461638 0.00252844
v -0.04495981 -0.00376696 0.00217478
v -0.04500472 -0.00376484 0.00720755
v -0.04500471 -0.00376484 0.01239950
v -0.04495982 -0.00376696 0.01743227
v 0.07215238 0.00114960 0.00652738
v 0.07215238 0.00114960 0.00652738
v -0.02550884 -0.00282405 0.00040382
v -0.06561868 0.00021645 0.00248979
v -0.01050851 0.00332040 0.00732465
v 0.06937563 0.00061367 0.00292615
v 0.06937563 0.00061367 0.00292615
v 0.07289730 0.00131758 0.00896312
v 0.07289730 0.00131758 0.00896312
v -0.03495530 -0.00308569 0.01241227
v -0.06697235 0.00051544 0.00344994
v -0.06697235 0.00051544 0.00344994
v -0.06578098 0.00025989 0.00694842
v -0.06705553 0.00051918 0.00772703
v -0.06705553 0.00051918 0.00772703
v 0.05732020 0.00047768 0.00255611
v 0.00528920 0.00360735 0.00740374
v -0.03265474 -0.00280995 0.00741329
v -0.03684833 -0.00432125 0.00000000
v -0.04484292 -0.00272946 0.00389799
v -0.04489562 -0.00272967 0.00878303
v -0.03699090 -0.00353076 0.00527300
v -0.05775992 -0.00074696 0.00146846
v -0.06540423 0.00021608 0.00404496
v -0.05792424 -0.00074942 0.00626314
v -0.06578098 0.00025988 0.00848793
v 0.03265576 0.00169797 0.00571812
v -0.01604668 0.00054231 0.00638187
v -0.01994982 -0.00153315 0.00321432
v -0.03692436 -0.00353088 0.00399042
v -0.03344664 -0.00410827 0.00004063
v -0.03699110 -0.00353077 0.00900436
v -0.03439565 -0.00301669 0.00252365
v -0.03057890 -0.00374805 0.00010187
v 0.07215238 0.00114960 0.01307967
v 0.07215238 0.00114960 0.01307967
v -0.02550884 -0.00282405 0.01920323
v -0.06561428 0.00068292 0.01710463
v -0.01050852 0.00332040 0.01228240
v 0.06937563 0.00061367 0.01668091
v 0.06937563 0.00061367 0.01668091
v 0.07289731 0.00131758 0.01064393
v 0.07289731 0.00131758 0.01064393
v -0.03439565 -0.00301669 0.01708340
v -0.06697009 0.00092389 0.01614139
v -0.06697009 0.00092389 0.01614139
v -0.06577849 0.00064637 0.01265812
v -0.06705553 0.00085531 0.01187948
v -0.06705553 0.00085531 0.01187948
v 0.05732020 0.00047768 0.01705094
v 0.00528920 0.00360735 0.01220331
v -0.03190426 -0.00271043 0.01663731
v -0.03684833 -0.00432125 0.01960705
v -0.04484291 -0.00272946 0.01570906
v -0.04489562 -0.00272967 0.01082403
v -0.03699090 -0.00353076 0.01433405
v -0.05775992 -0.00074696 0.01813859
v -0.06539982 0.00068279 0.01554930
v -0.05792424 -0.00074942 0.01334391
v -0.06577850 0.00064637 0.01111861
v 0.03265576 0.00169797 0.01388893
v -0.01604668 0.00054231 0.01322518
v -0.01994982 -0.00153315 0.01639273
v -0.03692437 -0.00353088 0.01561663
v -0.03344663 -0.00410827 0.01956642
v -0.03699110 -0.00353077 0.01060269
v -0.03534636 -0.00353090 0.01547933
v -0.03057889 -0.00374805 0.01950518
v -0.05760921 -0.00074710 0.00402660
v -0.04484955 -0.00272944 0.00045600
v -0.05792424 -0.00074942 0.00875512
v -0.04489555 -0.00272967 0.00563236
v -0.05792424 -0.00074943 0.01085193
v -0.04489556 -0.00272967 0.01397469
v -0.05760921 -0.00074710 0.01558045
v -0.04484954 -0.00272944 0.01915105
v -0.03462499 -0.00305730 0.00464441
v -0.03463032 -0.00305761 0.00980353
v -0.03462498 -0.00305730 0.01496264
v -0.03445456 -0.00465798 0.00464168
v -0.03446288 -0.00465867 0.00980353
v -0.03445455 -0.00465798 0.01496537
v -0.03509256 -0.00351327 0.00429719
v -0.03496536 -0.00350217 0.00456582
v -0.03506327 -0.00350865 0.00485463
v -0.03506253 -0.00350833 0.00949262
v -0.03495234 -0.00350003 0.00980353
v -0.03506252 -0.00350833 0.01011444
v -0.03506326 -0.00350865 0.01475242
v -0.03496536 -0.00350217 0.01504123
v -0.03509256 -0.00351327 0.01530986
v -0.03190426 -0.00271043 0.00296975
v -0.03074020 -0.00296034 0.01950518
v -0.03353855 -0.00331096 0.01956642
v -0.02023865 -0.00063536 0.01639273
v -0.01640470 0.00154904 0.01322518
v 0.03269198 0.00275439 0.01388868
v -0.03685107 -0.00352192 0.01960700
v 0.00523549 0.00465615 0.01220331
v 0.05730332 0.00153332 0.01704448
v 0.07282720 0.00236242 0.01062158
v 0.06924460 0.00165051 0.01665640
v 0.06924460 0.00165051 0.01665640
v -0.01077961 0.00433832 0.01228240
v -0.02572616 -0.00204381 0.01920323
v 0.07204121 0.00218144 0.01300782
v -0.03074020 -0.00296034 0.00010187
v -0.03353855 -0.00331096 0.00004063
v -0.02023865 -0.00063536 0.00321432
v -0.01640470 0.00154904 0.00638187
v 0.03269198 0.00275439 0.00571837
v -0.03685107 -0.00352192 0.00000006
v 0.00523549 0.00465615 0.00740374
v 0.05730332 0.00153332 0.00256257
v 0.07282719 0.00236242 0.00898547
v 0.06924460 0.00165051 0.00295065
v 0.06924460 0.00165051 0.00295065
v -0.01077961 0.00433832 0.00732465
v -0.02572616 -0.00204381 0.00040382
v 0.07204121 0.00218144 0.00659924
v -0.06577849 0.00064637 0.00848844
v -0.05766998 -0.00130373 0.01558680
v -0.06540422 0.00021608 0.01556209
v -0.04492548 -0.00342108 0.01915253
v -0.06561868 0.00021645 0.01711726
v -0.05782090 -0.00130331 0.01814479
v -0.06697235 0.00051544 0.01615711
v -0.06697235 0.00051544 0.01615711
v -0.04491843 -0.00342116 0.01571054
v -0.04496823 -0.00341979 0.01397478
v -0.03529410 -0.00433007 0.01451790
v -0.06578098 0.00025989 0.01265863
v -0.03498317 -0.00430977 0.01476287
v -0.05798211 -0.00126038 0.01334425
v -0.06705553 0.00051918 0.01188002
v -0.06705553 0.00051918 0.01188002
v -0.03488245 -0.00430302 0.01504159
v -0.03698748 -0.00433031 0.01433439
v -0.03528500 -0.00433335 0.01547208
v -0.03501068 -0.00431418 0.01530031
v -0.03692120 -0.00433035 0.01561637
v -0.05798208 -0.00126039 0.01085226
v -0.06578098 0.00025988 0.01111912
v -0.03498279 -0.00430949 0.01010414
v -0.03529589 -0.00433019 0.00925223
v -0.03698794 -0.00433031 0.00900469
v -0.04496844 -0.00341978 0.01082412
v -0.03498279 -0.00430949 0.00950291
v -0.03698793 -0.00433031 0.01060237
v -0.03529589 -0.00433019 0.01035482
v -0.03487051 -0.00430100 0.00980353
v -0.06705553 0.00085531 0.00772757
v -0.06705553 0.00085531 0.00772757
v -0.06577850 0.00064637 0.00694893
v -0.06539982 0.00068279 0.00405775
v -0.06697010 0.00092389 0.00346566
v -0.06697010 0.00092389 0.00346566
v -0.06561428 0.00068292 0.00250242
v -0.05782090 -0.00130331 0.00146226
v -0.04492549 -0.00342109 0.00045452
v -0.05766998 -0.00130373 0.00402025
v -0.03698747 -0.00433031 0.00527266
v -0.03498317 -0.00430977 0.00484418
v -0.04496823 -0.00341979 0.00563227
v -0.03692120 -0.00433035 0.00399068
v -0.04491843 -0.00342116 0.00389652
v -0.03501068 -0.00431418 0.00430675
v -0.03529410 -0.00433007 0.00508915
v -0.03528500 -0.00433335 0.00413497
v -0.03488245 -0.00430302 0.00456546
v -0.05798211 -0.00126038 0.00626281
v -0.05798208 -0.00126039 0.00875479
v -0.04496844 -0.00341978 0.00878293
vt 0.23171741 0.54174876
vt 0.23171741 0.54174876
vt 0.29355773 0.98300993
vt 0.29355773 0.98300993
vt 0.30305678 0.37682140
vt 0.30305678 0.37682140
vt 0.30305678 0.37682140
vt 0.21231772 0.62211072
vt 0.21231772 0.62211072
vt 0.29824519 0.95652437
vt 0.29824519 0.95652437
vt 0.20589466 0.53910089
vt 0.28269276 0.99185002
vt 0.28269276 0.99185002
vt 0.30587837 0.37855208
vt 0.30587837 0.37855208
vt 0.30587837 0.37855208
vt 0.18335123 0.35589081
vt 0.18335123 0.35589081
vt 0.18335123 0.35589081
vt 0.18702048 0.35536063
vt 0.18702048 0.35536063
vt 0.18702048 0.35536063
vt 0.20428060 0.62355405
vt 0.28090730 0.96171230
vt 0.27554756 0.88041329
vt 0.27554756 0.88041329
vt 0.26190150 0.88327831
vt 0.21731932 0.66371250
vt 0.21731932 0.66371250
vt 0.21221466 0.66471326
vt 0.23389754 0.52813053
vt 0.23389754 0.52813053
vt 0.19913244 0.62456131
vt 0.18220828 0.54158932
vt 0.24827789 0.49433309
vt 0.24827789 0.49433309
vt 0.23109657 0.48610365
vt 0.23109657 0.48610365
vt 0.18342353 0.48187822
vt 0.18342353 0.48187822
vt 0.20154156 0.48076582
vt 0.20154156 0.48076582
vt 0.30029017 0.39487147
vt 0.30029017 0.39487147
vt 0.29190931 0.39004415
vt 0.29190931 0.39004415
vt 0.19135703 0.37148428
vt 0.19135703 0.37148428
vt 0.18060307 0.37247843
vt 0.18060307 0.37247843
vt 0.27506718 0.99475127
vt 0.27506718 0.99475127
vt 0.26888010 0.96458918
vt 0.25259584 0.88520288
vt 0.20756125 0.66565704
vt 0.24075398 0.76334763
vt 0.24075398 0.76334763
vt 0.23400126 0.76470906
vt 0.22812536 0.76590860
vt 0.21632218 0.59428084
vt 0.21632218 0.59428084
vt 0.20248836 0.59764558
vt 0.19399711 0.59950912
vt 0.22728896 0.56891572
vt 0.22728896 0.56891572
vt 0.20623566 0.57459342
vt 0.18965189 0.57823795
vt 0.21869002 0.50278181
vt 0.21869002 0.50278181
vt 0.23867841 0.51405323
vt 0.23867841 0.51405323
vt 0.18120831 0.50167334
vt 0.18120831 0.50167334
vt 0.20595875 0.50067216
vt 0.20595875 0.50067216
vt 0.13651630 0.56114888
vt 0.13651630 0.56114888
vt 0.25344738 0.99123770
vt 0.25344738 0.99123770
vt 0.00514960 0.43672204
vt 0.00514960 0.43672204
vt 0.00514960 0.43672204
vt 0.18604475 0.62749791
vt 0.18604475 0.62749791
vt 0.23871140 0.96873635
vt 0.23871140 0.96873635
vt 0.15934393 0.54853570
vt 0.26691520 0.99508643
vt 0.26691520 0.99508643
vt 0.00322224 0.43944234
vt 0.00322224 0.43944234
vt 0.00322224 0.43944234
vt 0.10794119 0.36823255
vt 0.10794119 0.36823255
vt 0.10794119 0.36823255
vt 0.10428943 0.36919051
vt 0.10428943 0.36919051
vt 0.10428943 0.36919051
vt 0.19400285 0.62566137
vt 0.25669160 0.96667963
vt 0.22961201 0.88983589
vt 0.22961201 0.88983589
vt 0.24328396 0.88709730
vt 0.19782546 0.66771102
vt 0.19782546 0.66771102
vt 0.20291203 0.66662139
vt 0.12912284 0.54943180
vt 0.12912284 0.54943180
vt 0.10242633 0.52384287
vt 0.10242633 0.52384287
vt 0.11507759 0.50941837
vt 0.11507759 0.50941837
vt 0.15778878 0.48644233
vt 0.15778878 0.48644233
vt 0.14040144 0.49255443
vt 0.14040144 0.49255443
vt 0.01486190 0.45234120
vt 0.01486190 0.45234120
vt 0.02071059 0.44455087
vt 0.02071059 0.44455087
vt 0.10661644 0.38603288
vt 0.10661644 0.38603288
vt 0.11709708 0.38270015
vt 0.11709708 0.38270015
vt 0.21550830 0.76852608
vt 0.21550830 0.76852608
vt 0.22225170 0.76711923
vt 0.17140128 0.60348308
vt 0.17140128 0.60348308
vt 0.18545353 0.60113370
vt 0.15131050 0.58445269
vt 0.15131050 0.58445269
vt 0.17294560 0.58139044
vt 0.13317429 0.51995361
vt 0.13317429 0.51995361
vt 0.11912513 0.53829896
vt 0.11912513 0.53829896
vt 0.16765355 0.50422364
vt 0.16765355 0.50422364
vt 0.14416263 0.51294267
vt 0.14416263 0.51294267
vt 0.26180792 0.43707508
vt 0.26180792 0.43707508
vt 0.27492341 0.44424087
vt 0.27492341 0.44424087
vt 0.18179499 0.42604953
vt 0.18179499 0.42604953
vt 0.19651152 0.42504126
vt 0.19651152 0.42504126
vt 0.13721739 0.43341553
vt 0.13721739 0.43341553
vt 0.12302068 0.43830782
vt 0.12302068 0.43830782
vt 0.06721614 0.47617960
vt 0.06721614 0.47617960
vt 0.05790929 0.48801082
vt 0.05790929 0.48801082
vt 0.50501096 0.83331710
vt 0.50501096 0.83331710
vt 0.55997425 0.32940656
vt 0.55997425 0.32940656
vt 0.55997425 0.32940656
vt 0.57200211 0.97327977
vt 0.57200211 0.97327977
vt 0.57200211 0.97327977
vt 0.48613119 0.75756121
vt 0.48613119 0.75756121
vt 0.56587493 0.36016852
vt 0.56587493 0.36016852
vt 0.48186499 0.83683348
vt 0.54712856 0.32193434
vt 0.57454723 0.97180122
vt 0.57454723 0.97180122
vt 0.57454723 0.97180122
vt 0.46914718 0.99648696
vt 0.46914718 0.99648696
vt 0.46914718 0.99648696
vt 0.47241780 0.99670166
vt 0.47241780 0.99670166
vt 0.47241780 0.99670166
vt 0.47793353 0.75614142
vt 0.54593986 0.35514098
vt 0.54471445 0.45033908
vt 0.54471445 0.45033908
vt 0.52897614 0.44778979
vt 0.49147028 0.70857644
vt 0.49147028 0.70857644
vt 0.48531905 0.70763820
vt 0.50771034 0.84606802
vt 0.50771034 0.84606802
vt 0.47236359 0.75526375
vt 0.46045944 0.83574373
vt 0.52140135 0.87643147
vt 0.52140135 0.87643147
vt 0.50721413 0.88399065
vt 0.50721413 0.88399065
vt 0.46465066 0.89054191
vt 0.46465066 0.89054191
vt 0.48017657 0.89089191
vt 0.48017657 0.89089191
vt 0.56898385 0.95816147
vt 0.56898385 0.95816147
vt 0.56200653 0.96237469
vt 0.56200653 0.96237469
vt 0.47557133 0.98276126
vt 0.47557133 0.98276126
vt 0.46651801 0.98242843
vt 0.46651801 0.98242843
vt 0.53702664 0.31912768
vt 0.53206450 0.35259581
vt 0.51819426 0.44614625
vt 0.47955245 0.70677394
vt 0.51241207 0.58670366
vt 0.51241207 0.58670366
vt 0.50463629 0.58557713
vt 0.49767327 0.58455420
vt 0.48870432 0.78552872
vt 0.48870432 0.78552872
vt 0.47633439 0.78281033
vt 0.46848530 0.78143185
vt 0.49906346 0.80804557
vt 0.49906346 0.80804557
vt 0.48031932 0.80440259
vt 0.46543622 0.80204135
vt 0.49552372 0.87002349
vt 0.49552372 0.87002349
vt 0.51234704 0.85928857
vt 0.51234704 0.85928857
vt 0.46168303 0.87304366
vt 0.46168303 0.87304366
vt 0.48343965 0.87280929
vt 0.48343965 0.87280929
vt 0.41845527 0.82053125
vt 0.41845527 0.82053125
vt 0.51208377 0.32230604
vt 0.51208377 0.32230604
vt 0.51208377 0.32230604
vt 0.31351140 0.93539369
vt 0.31351140 0.93539369
vt 0.31351140 0.93539369
vt 0.45852086 0.75346828
vt 0.45852086 0.75346828
vt 0.49751124 0.35003257
vt 0.49751124 0.35003257
vt 0.43963039 0.83060908
vt 0.52654499 0.31888258
vt 0.31149811 0.93323541
vt 0.31149811 0.93323541
vt 0.31149811 0.93323541
vt 0.40545750 0.98819846
vt 0.40545750 0.98819846
vt 0.40545750 0.98819846
vt 0.40223804 0.98745245
vt 0.40223804 0.98745245
vt 0.40223804 0.98745245
vt 0.46677837 0.75448787
vt 0.51804757 0.35100555
vt 0.49159849 0.44246382
vt 0.49159849 0.44246382
vt 0.50739944 0.44459075
vt 0.46762434 0.70504105
vt 0.46762434 0.70504105
vt 0.47378328 0.70592797
vt 0.41216508 0.83197391
vt 0.41216508 0.83197391
vt 0.39020622 0.85713625
vt 0.39020622 0.85713625
vt 0.40162766 0.86851156
vt 0.40162766 0.86851156
vt 0.44065729 0.88722610
vt 0.44065729 0.88722610
vt 0.42558324 0.88306803
vt 0.42558324 0.88306803
vt 0.32079938 0.92176002
vt 0.32079938 0.92176002
vt 0.32627246 0.92783022
vt 0.32627246 0.92783022
vt 0.40325707 0.97307760
vt 0.40325707 0.97307760
vt 0.41209263 0.97539514
vt 0.41209263 0.97539514
vt 0.48294497 0.58233470
vt 0.48294497 0.58233470
vt 0.49071300 0.58351278
vt 0.44794223 0.77948952
vt 0.44794223 0.77948952
vt 0.46057242 0.78047550
vt 0.43148798 0.79804420
vt 0.43148798 0.79804420
vt 0.45049936 0.79999173
vt 0.41690472 0.85850054
vt 0.41690472 0.85850054
vt 0.40387523 0.84331334
vt 0.40387523 0.84331334
vt 0.44861940 0.87113661
vt 0.44861940 0.87113661
vt 0.42770272 0.86468786
vt 0.42770272 0.86468786
vt 0.53512508 0.92427391
vt 0.53512508 0.92427391
vt 0.54599273 0.91779494
vt 0.54599273 0.91779494
vt 0.46554485 0.93786156
vt 0.46554485 0.93786156
vt 0.47801256 0.93818849
vt 0.47801256 0.93818849
vt 0.42601705 0.93266022
vt 0.42601705 0.93266022
vt 0.41389069 0.92934334
vt 0.41389069 0.92934334
vt 0.36313897 0.89906889
vt 0.36313897 0.89906889
vt 0.35459012 0.88969409
vt 0.35459012 0.88969409
vt 0.21571971 0.50518072
vt 0.21571971 0.50518072
vt 0.20853105 0.50429559
vt 0.20853105 0.50429559
vt 0.20166506 0.51157695
vt 0.20842440 0.51745003
vt 0.21691097 0.51488602
vt 0.21344119 0.50575221
vt 0.21344119 0.50575221
vt 0.21095657 0.50541484
vt 0.21095657 0.50541484
vt 0.17898731 0.50543487
vt 0.17898731 0.50543487
vt 0.17120171 0.50690556
vt 0.17120171 0.50690556
vt 0.16785121 0.51588738
vt 0.17767517 0.51899523
vt 0.18550466 0.51236355
vt 0.17661208 0.50682294
vt 0.17661208 0.50682294
vt 0.17393900 0.50731057
vt 0.17393900 0.50731057
vt 0.14320074 0.51733685
vt 0.14320074 0.51733685
vt 0.13687681 0.52100158
vt 0.13687681 0.52100158
vt 0.13961457 0.53046429
vt 0.14849259 0.52950662
vt 0.15247303 0.52142811
vt 0.14138937 0.51933408
vt 0.14138937 0.51933408
vt 0.13921665 0.52063036
vt 0.13921665 0.52063036
vt 0.48587340 0.86898088
vt 0.48587340 0.86898088
vt 0.49247286 0.86781633
vt 0.49247286 0.86781633
vt 0.49299014 0.85875279
vt 0.48521286 0.85665184
vt 0.47937483 0.86242706
vt 0.48811379 0.86778408
vt 0.48811379 0.86778408
vt 0.49033430 0.86740047
vt 0.49033430 0.86740047
vt 0.45201319 0.86828113
vt 0.45201319 0.86828113
vt 0.45926014 0.86942559
vt 0.45926014 0.86942559
vt 0.46470758 0.86251318
vt 0.45736074 0.85674852
vt 0.44867378 0.86015117
vt 0.45456100 0.86778843
vt 0.45456100 0.86778843
vt 0.45697704 0.86825013
vt 0.45697704 0.86825013
vt 0.42047408 0.85726750
vt 0.42047408 0.85726750
vt 0.42647374 0.86030048
vt 0.42647374 0.86030048
vt 0.43461081 0.85586864
vt 0.43067834 0.84865022
vt 0.42260873 0.84841794
vt 0.42264792 0.85748887
vt 0.42264792 0.85748887
vt 0.42466882 0.85850179
vt 0.42466882 0.85850179
vt 0.50921232 0.83687365
vt 0.23606311 0.53834450
vt 0.56213260 0.32341969
vt 0.29605004 0.98684192
vt 0.48939624 0.75811738
vt 0.21507882 0.62249708
vt 0.57678401 0.34792244
vt 0.30828997 0.96655470
vt 0.54658431 0.31343824
vt 0.28333381 0.99671042
vt 0.28115854 0.88782805
vt 0.55038548 0.44236976
vt 0.49232906 0.72690201
vt 0.21668971 0.64946878
vt 0.51078099 0.84355795
vt 0.23715089 0.53099579
vt 0.24769445 0.50404418
vt 0.52060765 0.86837113
vt 0.53815949 0.31148666
vt 0.27597338 0.99916917
vt 0.51364231 0.58889484
vt 0.24161716 0.75946665
vt 0.21838903 0.59410763
vt 0.49031508 0.78592211
vt 0.50376874 0.80508262
vt 0.23264214 0.57167828
vt 0.51586145 0.85870117
vt 0.24264695 0.51468313
vt 0.13116345 0.55972850
vt 0.41339564 0.82271814
vt 0.25266495 0.99574143
vt 0.51175529 0.31595051
vt 0.18365878 0.62894160
vt 0.45523465 0.75305265
vt 0.23342657 0.98191118
vt 0.49062467 0.33514804
vt 0.26823938 0.99980670
vt 0.52953082 0.31090987
vt 0.48848355 0.43319196
vt 0.22737315 0.89886087
vt 0.19279659 0.65436989
vt 0.46148521 0.72232902
vt 0.12725037 0.55337048
vt 0.40994897 0.82867295
vt 0.39330912 0.84963048
vt 0.10681415 0.53260475
vt 0.21318687 0.76529849
vt 0.48113176 0.58407462
vt 0.44628698 0.77939671
vt 0.16943473 0.60414207
vt 0.14747149 0.58911622
vt 0.42784220 0.79383779
vt 0.40067306 0.84172845
vt 0.11570185 0.54045463
vt 0.35240835 0.88779348
vt 0.05552710 0.49026275
vt 0.01485506 0.43677408
vt 0.32137960 0.93494517
vt 0.30867663 0.93481493
vt 0.00019330 0.43853766
vt 0.30867663 0.93481493
vt 0.00019330 0.43853766
vt 0.31298402 0.92555147
vt 0.00573848 0.44886726
vt 0.00275724 0.43357939
vt 0.31202018 0.93777955
vt 0.00275724 0.43357939
vt 0.31202018 0.93777955
vt 0.06862153 0.47311324
vt 0.36454332 0.90156782
vt 0.12431668 0.51119971
vt 0.40910447 0.86650717
vt 0.10765101 0.36484760
vt 0.40539566 0.99092197
vt 0.10765101 0.36484760
vt 0.40539566 0.99092197
vt 0.13949658 0.51465738
vt 0.42303249 0.86325449
vt 0.13637988 0.51629704
vt 0.42000875 0.86169124
vt 0.41913176 0.86174184
vt 0.13544184 0.51631200
vt 0.14018743 0.51346499
vt 0.42372546 0.86449754
vt 0.13754998 0.51599288
vt 0.42123193 0.86180770
vt 0.42445645 0.87602127
vt 0.13959365 0.50141418
vt 0.40089247 0.99031645
vt 0.10236326 0.36647791
vt 0.40089247 0.99031645
vt 0.10236326 0.36647791
vt 0.13858071 0.51549137
vt 0.42212793 0.86229825
vt 0.41105500 0.92919505
vt 0.11977347 0.43871039
vt 0.39871621 0.98018998
vt 0.10080361 0.37835503
vt 0.11690770 0.37303764
vt 0.41219965 0.98377371
vt 0.13996895 0.43161631
vt 0.42841929 0.93407661
vt 0.17510767 0.50230008
vt 0.45575237 0.87249923
vt 0.46184546 0.88394016
vt 0.18040214 0.49009430
vt 0.17630850 0.50175613
vt 0.45693463 0.87316471
vt 0.45322177 0.87267917
vt 0.17239265 0.50238639
vt 0.45459405 0.87237853
vt 0.17379540 0.50247234
vt 0.45192888 0.87330955
vt 0.17103501 0.50190568
vt 0.17733933 0.50084728
vt 0.45795900 0.87411970
vt 0.16390102 0.49293190
vt 0.44529316 0.88168585
vt 0.46842515 0.99909055
vt 0.18231913 0.35271817
vt 0.46842515 0.99909055
vt 0.18231913 0.35271817
vt 0.18772531 0.35217047
vt 0.47287428 0.99980670
vt 0.18772531 0.35217047
vt 0.47287428 0.99980670
vt 0.19367829 0.36231667
vt 0.47784367 0.99081600
vt 0.46401435 0.99035299
vt 0.17707880 0.36366612
vt 0.30401352 0.37301862
vt 0.57273638 0.97598767
vt 0.57273638 0.97598767
vt 0.30401352 0.37301862
vt 0.30829003 0.37654352
vt 0.57678407 0.97412366
vt 0.30829003 0.37654352
vt 0.57678407 0.97412366
vt 0.30726171 0.38813788
vt 0.57534832 0.96403778
vt 0.56462157 0.97057897
vt 0.29421768 0.38065869
vt 0.27797738 0.44536620
vt 0.54862416 0.91661108
vt 0.53306293 0.92625344
vt 0.25932789 0.43482488
vt 0.21315421 0.50087678
vt 0.49043894 0.87193024
vt 0.49246222 0.87247354
vt 0.21520101 0.50034559
vt 0.48728296 0.87377632
vt 0.20976983 0.49960333
vt 0.21433976 0.50069773
vt 0.49163991 0.87217212
vt 0.50065649 0.87991774
vt 0.22335899 0.49133843
vt 0.48830298 0.87279093
vt 0.21086149 0.50041902
vt 0.19960259 0.42416173
vt 0.48074800 0.93886137
vt 0.48944223 0.87213969
vt 0.21201974 0.50082165
vt 0.20566106 0.48845917
vt 0.48326856 0.88453043
vt 0.46286181 0.93851715
vt 0.17862374 0.42547065
vt 0.28795630 0.98820442
vt 0.28795630 0.98820442
vt 0.23037912 0.55444491
vt 0.23037912 0.55444491
vt 0.30508271 0.38321918
vt 0.30508271 0.38321918
vt 0.21309496 0.63783884
vt 0.21309496 0.63783884
vt 0.20807447 0.62285876
vt 0.29815733 0.97414988
vt 0.29815733 0.97414988
vt 0.29815733 0.97414988
vt 0.28921226 0.95927680
vt 0.21854186 0.53967679
vt 0.27855280 0.99380684
vt 0.27855280 0.99380684
vt 0.30494714 0.37681198
vt 0.30494714 0.37681198
vt 0.30494714 0.37681198
vt 0.20142467 0.62410009
vt 0.27436751 0.96339345
vt 0.20696220 0.63895839
vt 0.20635600 0.55734146
vt 0.18609698 0.56075847
vt 0.18900824 0.35950565
vt 0.18900824 0.35950565
vt 0.18515876 0.35465771
vt 0.18515876 0.35465771
vt 0.18515876 0.35465771
vt 0.28322127 0.98075140
vt 0.29005858 0.92535800
vt 0.29005858 0.92535800
vt 0.27345741 0.92932987
vt 0.25681892 0.88433391
vt 0.26841694 0.88191390
vt 0.22670946 0.70720756
vt 0.22670946 0.70720756
vt 0.22152145 0.70826685
vt 0.21474212 0.66421294
vt 0.20984153 0.66519129
vt 0.19395578 0.53947854
vt 0.24188234 0.50680959
vt 0.24188234 0.50680959
vt 0.24489279 0.46434945
vt 0.24489279 0.46434945
vt 0.23968171 0.49022871
vt 0.18297265 0.45701671
vt 0.18297265 0.45701671
vt 0.20397465 0.49465144
vt 0.20397465 0.49465144
vt 0.19248289 0.48134249
vt 0.28946641 0.41654009
vt 0.28946641 0.41654009
vt 0.29951844 0.37992865
vt 0.29951844 0.37992865
vt 0.29609561 0.39246589
vt 0.19390683 0.39476609
vt 0.19390683 0.39476609
vt 0.18169281 0.36035001
vt 0.18169281 0.36035001
vt 0.18598086 0.37199068
vt 0.21651213 0.70929348
vt 0.26215234 0.93179119
vt 0.20227551 0.63988757
vt 0.27280578 0.98372698
vt 0.25801110 0.82394415
vt 0.25801110 0.82394415
vt 0.24809544 0.82591754
vt 0.24074103 0.82741040
vt 0.23732804 0.76403838
vt 0.23097356 0.76532519
vt 0.21325172 0.60788226
vt 0.21325172 0.60788226
vt 0.20261478 0.60996246
vt 0.19639555 0.61121166
vt 0.19771925 0.59872913
vt 0.20900442 0.59606290
vt 0.22181389 0.58183646
vt 0.22181389 0.58183646
vt 0.20434567 0.58705372
vt 0.19204150 0.58995539
vt 0.21650867 0.57188380
vt 0.19748661 0.57661498
vt 0.22277734 0.49795616
vt 0.22277734 0.49795616
vt 0.23602271 0.52125913
vt 0.23602271 0.52125913
vt 0.22807458 0.50840205
vt 0.18256755 0.49571645
vt 0.18256755 0.49571645
vt 0.19357945 0.50182527
vt 0.23259771 0.53385675
vt 0.23259771 0.53385675
vt 0.26064149 0.99380749
vt 0.26064149 0.99380749
vt 0.14275810 0.57233119
vt 0.14275810 0.57233119
vt 0.00580791 0.44344908
vt 0.00580791 0.44344908
vt 0.19152258 0.64226329
vt 0.19152258 0.64226329
vt 0.19024087 0.62651539
vt 0.24573117 0.98490393
vt 0.24573117 0.98490393
vt 0.24573117 0.98490393
vt 0.24809848 0.96771038
vt 0.14787564 0.55403960
vt 0.27149120 0.99525541
vt 0.27149120 0.99525541
vt 0.00339533 0.43746197
vt 0.00339533 0.43746197
vt 0.00339533 0.43746197
vt 0.19684353 0.62503934
vt 0.26336509 0.96565032
vt 0.19760132 0.64087826
vt 0.16606942 0.56554019
vt 0.10406899 0.37386644
vt 0.10406899 0.37386644
vt 0.10575688 0.36779284
vt 0.10575688 0.36779284
vt 0.10575688 0.36779284
vt 0.26205996 0.98509216
vt 0.23396705 0.93686390
vt 0.23396705 0.93686390
vt 0.25079125 0.93397933
vt 0.24837165 0.88606668
vt 0.23675753 0.88840806
vt 0.20631702 0.71139050
vt 0.20631702 0.71139050
vt 0.21150315 0.71032184
vt 0.20039162 0.66715658
vt 0.20528172 0.66612661
vt 0.17053901 0.54421413
vt 0.11329024 0.53286231
vt 0.11329024 0.53286231
vt 0.09368423 0.49473685
vt 0.09368423 0.49473685
vt 0.10876119 0.51663810
vt 0.14837819 0.46292740
vt 0.14837819 0.46292740
vt 0.14363016 0.50652635
vt 0.14363016 0.50652635
vt 0.14910255 0.48951769
vt 0.03346881 0.46811962
vt 0.03346881 0.46811962
vt 0.00965722 0.43819779
vt 0.00965722 0.43819779
vt 0.01779327 0.44845188
vt 0.11345788 0.40888047
vt 0.11345788 0.40888047
vt 0.11126512 0.37175721
vt 0.11126512 0.37175721
vt 0.11185975 0.38437575
vt 0.22350098 0.83102310
vt 0.22350098 0.83102310
vt 0.23339279 0.82893342
vt 0.21892954 0.76781237
vt 0.22527747 0.76649356
vt 0.17958325 0.61478305
vt 0.17958325 0.61478305
vt 0.19018506 0.61250961
vt 0.19026722 0.60025465
vt 0.17883560 0.60224199
vt 0.16144378 0.59419549
vt 0.16144378 0.59419549
vt 0.17957787 0.59212041
vt 0.16241279 0.58293879
vt 0.18180177 0.57981515
vt 0.12747708 0.51710135
vt 0.12747708 0.51710135
vt 0.12443651 0.54391587
vt 0.12443651 0.54391587
vt 0.12670834 0.52887136
vt 0.16404541 0.49912810
vt 0.16404541 0.49912810
vt 0.15616909 0.50918931
vt 0.13258877 0.55421150
vt 0.13258877 0.55421150
vt 0.27857676 0.41038811
vt 0.27857676 0.41038811
vt 0.26005653 0.47216648
vt 0.26005653 0.47216648
vt 0.26836324 0.44066322
vt 0.18077144 0.39577812
vt 0.18077144 0.39577812
vt 0.19904642 0.45594937
vt 0.19904642 0.45594937
vt 0.18915348 0.42555147
vt 0.12617843 0.40461928
vt 0.12617843 0.40461928
vt 0.13289948 0.46829855
vt 0.13289948 0.46829855
vt 0.13012126 0.43586749
vt 0.04111603 0.45810884
vt 0.04111603 0.45810884
vt 0.08273857 0.50798184
vt 0.08273857 0.50798184
vt 0.06256704 0.48209912
vt 0.55394185 0.32533711
vt 0.50282830 0.82136810
vt 0.50282830 0.82136810
vt 0.57356799 0.96781808
vt 0.57356799 0.96781808
vt 0.48738667 0.73986995
vt 0.48738667 0.73986995
vt 0.48182991 0.75681484
vt 0.56499457 0.33908319
vt 0.56499457 0.33908319
vt 0.56499457 0.33908319
vt 0.55549312 0.35748100
vt 0.49322742 0.83575016
vt 0.54162836 0.32003713
vt 0.57375509 0.97329813
vt 0.57375509 0.97329813
vt 0.57375509 0.97329813
vt 0.47489232 0.75564706
vt 0.53840017 0.35361159
vt 0.48048106 0.73876023
vt 0.48130298 0.82015598
vt 0.46305948 0.81813997
vt 0.47400048 0.99294764
vt 0.47400048 0.99294764
vt 0.47076467 0.99747270
vt 0.47076467 0.99747270
vt 0.47076467 0.99747270
vt 0.54767656 0.33278227
vt 0.55840880 0.39748061
vt 0.55840880 0.39748061
vt 0.53932136 0.39376521
vt 0.52309388 0.44687855
vt 0.53649634 0.44899786
vt 0.49983498 0.65483880
vt 0.49983498 0.65483880
vt 0.49365300 0.65392596
vt 0.48837918 0.70810449
vt 0.48239505 0.70719755
vt 0.47110632 0.83707362
vt 0.51540333 0.86582619
vt 0.51540333 0.86582619
vt 0.51982814 0.90193909
vt 0.51982814 0.90193909
vt 0.51430172 0.88020277
vt 0.46531048 0.91175926
vt 0.46531048 0.91175926
vt 0.48181641 0.87855583
vt 0.48181641 0.87855583
vt 0.47241300 0.89069819
vt 0.55915999 0.94044191
vt 0.55915999 0.94044191
vt 0.56879616 0.97065210
vt 0.56879616 0.97065210
vt 0.56548613 0.96025348
vt 0.47690803 0.96339732
vt 0.47690803 0.96339732
vt 0.46771738 0.99263638
vt 0.46771738 0.99263638
vt 0.47104508 0.98257744
vt 0.48752251 0.65301824
vt 0.52627647 0.39163369
vt 0.47493577 0.73791313
vt 0.53540713 0.33005065
vt 0.52829075 0.51569289
vt 0.52829075 0.51569289
vt 0.51689231 0.51402152
vt 0.50831813 0.51275820
vt 0.50848508 0.58613390
vt 0.50106996 0.58505571
vt 0.48636210 0.77235651
vt 0.48636210 0.77235651
vt 0.47639498 0.77044809
vt 0.47026300 0.76943552
vt 0.47196677 0.78198171
vt 0.48218226 0.78408206
vt 0.49363363 0.79666531
vt 0.49363363 0.79666531
vt 0.47816408 0.79293871
vt 0.46707615 0.79094648
vt 0.48947459 0.80614513
vt 0.47248206 0.80309677
vt 0.49946833 0.87413257
vt 0.49946833 0.87413257
vt 0.50979155 0.85253823
vt 0.50979155 0.85253823
vt 0.50338036 0.86467791
vt 0.46324876 0.87847573
vt 0.46324876 0.87847573
vt 0.47252244 0.87229383
vt 0.50632483 0.84071964
vt 0.50632483 0.84071964
vt 0.51903743 0.32016206
vt 0.42401493 0.80971485
vt 0.42401493 0.80971485
vt 0.31359485 0.92969692
vt 0.31359485 0.92969692
vt 0.46245250 0.73617327
vt 0.46245250 0.73617327
vt 0.46285400 0.75400198
vt 0.50447166 0.33010978
vt 0.50447166 0.33010978
vt 0.50447166 0.33010978
vt 0.50822628 0.35047305
vt 0.42904928 0.82628083
vt 0.53235900 0.31866294
vt 0.31182367 0.93490219
vt 0.31182367 0.93490219
vt 0.31182367 0.93490219
vt 0.46983236 0.75489706
vt 0.52570671 0.35172957
vt 0.46938312 0.73711491
vt 0.44499725 0.81479406
vt 0.40180454 0.98336768
vt 0.40180454 0.98336768
vt 0.40360901 0.98867851
vt 0.40360901 0.98867851
vt 0.40360901 0.98867851
vt 0.52287292 0.32910484
vt 0.49383005 0.38790590
vt 0.49383005 0.38790590
vt 0.51317453 0.38988858
vt 0.51329303 0.44542551
vt 0.49985221 0.44356483
vt 0.47521150 0.65118802
vt 0.47521150 0.65118802
vt 0.48139241 0.65210813
vt 0.47071940 0.70548618
vt 0.47670931 0.70635462
vt 0.44987500 0.83394730
vt 0.39904311 0.84869981
vt 0.39904311 0.84869981
vt 0.38430780 0.88207495
vt 0.38430780 0.88207495
vt 0.39592507 0.86281770
vt 0.43384352 0.90752870
vt 0.43384352 0.90752870
vt 0.42759484 0.87069476
vt 0.42759484 0.87069476
vt 0.43312615 0.88512903
vt 0.33537465 0.90760618
vt 0.33537465 0.90760618
vt 0.31735176 0.93380278
vt 0.31735176 0.93380278
vt 0.32354891 0.92478377
vt 0.40761036 0.95399731
vt 0.40761036 0.95399731
vt 0.40795994 0.98489851
vt 0.40795994 0.98489851
vt 0.40767959 0.97421950
vt 0.48835313 0.50977153
vt 0.48835313 0.50977153
vt 0.49974626 0.51147932
vt 0.48686829 0.58292890
vt 0.49427718 0.58404863
vt 0.45400688 0.76756132
vt 0.45400688 0.76756132
vt 0.46410048 0.76862615
vt 0.46499360 0.78094888
vt 0.45460549 0.77999663
vt 0.43999052 0.78872085
vt 0.43999052 0.78872085
vt 0.45588365 0.78964007
vt 0.44122434 0.79900575
vt 0.45838442 0.80101204
vt 0.41192514 0.86129916
vt 0.41192514 0.86129916
vt 0.40828857 0.83757782
vt 0.40828857 0.83757782
vt 0.41091630 0.85108900
vt 0.44552478 0.87595850
vt 0.44552478 0.87595850
vt 0.43837625 0.86731619
vt 0.41504702 0.82724571
vt 0.41504702 0.82724571
vt 0.55013555 0.94592118
vt 0.55013555 0.94592118
vt 0.53234017 0.89482850
vt 0.53234017 0.89482850
vt 0.54055667 0.92103094
vt 0.46584663 0.96308124
vt 0.46584663 0.96308124
vt 0.47898641 0.91214985
vt 0.47898641 0.91214985
vt 0.47177857 0.93801999
vt 0.41837877 0.95691639
vt 0.41837877 0.95691639
vt 0.42053807 0.90392780
vt 0.42053807 0.90392780
vt 0.41995546 0.93099695
vt 0.34244487 0.91548610
vt 0.34244487 0.91548610
vt 0.37436402 0.87161636
vt 0.37436402 0.87161636
vt 0.35886776 0.89437884
vt 0.50706917 0.83329678
vt 0.56070232 0.32710648
vt 0.56070232 0.32710648
vt 0.57208937 0.97411388
vt 0.57208937 0.97411388
vt 0.48808530 0.75761956
vt 0.56866884 0.35897070
vt 0.54703856 0.31690621
vt 0.54703856 0.31690621
vt 0.57527077 0.97238350
vt 0.57527077 0.97238350
vt 0.46879825 0.99722064
vt 0.46879825 0.99722064
vt 0.47267523 0.99756610
vt 0.47267523 0.99756610
vt 0.54697400 0.44999343
vt 0.49320155 0.71032786
vt 0.50968617 0.84523618
vt 0.52274400 0.87501407
vt 0.50548726 0.88471240
vt 0.46291271 0.89033616
vt 0.48196170 0.89073163
vt 0.57046384 0.95846391
vt 0.56162310 0.96380228
vt 0.47664332 0.98379916
vt 0.46541369 0.98338622
vt 0.53777456 0.31408274
vt 0.53777456 0.31408274
vt 0.51414442 0.58721191
vt 0.49048737 0.78516984
vt 0.50103843 0.80749393
vt 0.49435708 0.87182236
vt 0.51424831 0.85851109
vt 0.45981538 0.87419248
vt 0.48535931 0.87396067
vt 0.41648799 0.81991410
vt 0.51205432 0.31989384
vt 0.51205432 0.31989384
vt 0.31318545 0.93616897
vt 0.31318545 0.93616897
vt 0.45663378 0.75295699
vt 0.49518514 0.34807569
vt 0.52809000 0.31409681
vt 0.52809000 0.31409681
vt 0.31063464 0.93358421
vt 0.31063464 0.93358421
vt 0.40558052 0.98900837
vt 0.40558052 0.98900837
vt 0.40173772 0.98821181
vt 0.40173772 0.98821181
vt 0.48953629 0.44147748
vt 0.46545938 0.70621473
vt 0.41051120 0.83060187
vt 0.38932931 0.85538590
vt 0.40307546 0.86970592
vt 0.44239908 0.88753915
vt 0.42390949 0.88239241
vt 0.31929111 0.92162043
vt 0.32622585 0.92931187
vt 0.40191996 0.97376698
vt 0.41287947 0.97664148
vt 0.48113972 0.58231843
vt 0.44633958 0.77862829
vt 0.42975640 0.79694241
vt 0.41750211 0.86056620
vt 0.40227652 0.84201503
vt 0.45010152 0.87281382
vt 0.42552131 0.86523771
vt 0.53393894 0.92517787
vt 0.54731274 0.91708928
vt 0.46410379 0.93799329
vt 0.47946247 0.93836057
vt 0.42737040 0.93320757
vt 0.41244143 0.92908680
vt 0.36401492 0.90028101
vt 0.35352823 0.88863343
vt 0.21633615 0.51008153
vt 0.21457425 0.50557220
vt 0.21457425 0.50557220
vt 0.21216671 0.50585175
vt 0.21216671 0.50585175
vt 0.20978674 0.50500023
vt 0.20978674 0.50500023
vt 0.20473875 0.50787151
vt 0.20486541 0.51417983
vt 0.21329013 0.51578355
vt 0.18261391 0.50885051
vt 0.17777926 0.50629169
vt 0.17777926 0.50629169
vt 0.17532857 0.50733703
vt 0.17532857 0.50733703
vt 0.17265321 0.50724530
vt 0.17265321 0.50724530
vt 0.16916506 0.51150608
vt 0.17226289 0.51729763
vt 0.18200761 0.51534379
vt 0.14815067 0.51918548
vt 0.14231205 0.51848650
vt 0.14231205 0.51848650
vt 0.14043885 0.52021837
vt 0.14043885 0.52021837
vt 0.13809425 0.52091169
vt 0.13809425 0.52091169
vt 0.13824700 0.52578664
vt 0.14332290 0.52986920
vt 0.15051185 0.52508688
vt 0.48232207 0.86577117
vt 0.48704901 0.86821228
vt 0.48704901 0.86821228
vt 0.48918399 0.86734867
vt 0.48918399 0.86734867
vt 0.49136755 0.86749572
vt 0.49136755 0.86749572
vt 0.49271506 0.86324561
vt 0.48968190 0.85801911
vt 0.48215219 0.85984075
vt 0.45003134 0.86415136
vt 0.45338485 0.86787021
vt 0.45338485 0.86787021
vt 0.45580491 0.86777401
vt 0.45580491 0.86777401
vt 0.45806816 0.86867762
vt 0.45806816 0.86867762
vt 0.46228880 0.86597651
vt 0.46141440 0.85990947
vt 0.45257533 0.85860848
vt 0.42156884 0.85280991
vt 0.42162836 0.85728049
vt 0.42162836 0.85728049
vt 0.42376754 0.85777307
vt 0.42376754 0.85777307
vt 0.42556733 0.85922194
vt 0.42556733 0.85922194
vt 0.43081954 0.85823184
vt 0.43269032 0.85259199
vt 0.42599568 0.84867221
vt 0.49203467 0.87004870
vt 0.21330854 0.50337541
vt 0.21146870 0.50316608
vt 0.20976295 0.50229621
vt 0.45804194 0.87134731
vt 0.17587814 0.50460649
vt 0.17386091 0.50494975
vt 0.17183706 0.50456846
vt 0.42467842 0.86180615
vt 0.14002219 0.51744938
vt 0.13839751 0.51837236
vt 0.13662043 0.51857811
vt 0.20659024 0.52488339
vt 0.22279555 0.52030599
vt 0.20727456 0.50324190
vt 0.20727456 0.50324190
vt 0.48465404 0.87016702
vt 0.48465404 0.87016702
vt 0.21681659 0.50463879
vt 0.21681659 0.50463879
vt 0.49361235 0.86834645
vt 0.49361235 0.86834645
vt 0.19355932 0.51289904
vt 0.17915586 0.52645385
vt 0.18014562 0.50426179
vt 0.18014562 0.50426179
vt 0.46048111 0.87056071
vt 0.46048111 0.87056071
vt 0.16054894 0.51950294
vt 0.16966258 0.50625312
vt 0.16966258 0.50625312
vt 0.14395338 0.51586163
vt 0.14395338 0.51586163
vt 0.15312317 0.53567404
vt 0.45050305 0.86905783
vt 0.45050305 0.86905783
vt 0.13630743 0.53780586
vt 0.13564542 0.52093279
vt 0.13564542 0.52093279
vt 0.42730165 0.86179292
vt 0.42730165 0.86179292
vt 0.41922641 0.85744572
vt 0.41922641 0.85744572
vt 0.48320535 0.84987307
vt 0.49805629 0.85358703
vt 0.47197235 0.86161107
vt 0.45838496 0.84977794
vt 0.44195417 0.85720605
vt 0.43456766 0.84272277
vt 0.41924626 0.84199035
vt 0.23398221 0.54189551
vt 0.29470521 0.98419631
vt 0.21409659 0.62218678
vt 0.30069938 0.95741516
vt 0.28332263 0.99404746
vt 0.27761352 0.88064933
vt 0.21864516 0.66234970
vt 0.23605850 0.52910864
vt 0.24988940 0.49592489
vt 0.27554965 0.99710327
vt 0.24224059 0.76267600
vt 0.21823882 0.59455830
vt 0.22941686 0.56946182
vt 0.24083093 0.51487070
vt 0.13448343 0.56217921
vt 0.25285962 0.99277997
vt 0.18443921 0.62826854
vt 0.23680605 0.97052145
vt 0.26720133 0.99735439
vt 0.22780573 0.89086622
vt 0.19607013 0.66698027
vt 0.12751155 0.55119133
vt 0.10156483 0.52595508
vt 0.21387736 0.76849401
vt 0.16974755 0.60449398
vt 0.14956546 0.58579540
vt 0.11745653 0.53990793
vt 0.12920693 0.55654943
vt 0.41167235 0.82569551
vt 0.12147613 0.54691249
vt 0.40531108 0.83520067
vt 0.15845314 0.59662914
vt 0.43706462 0.78661722
vt 0.17654678 0.61654174
vt 0.45076087 0.76622462
vt 0.22028005 0.83207965
vt 0.48480773 0.50863326
vt 0.39699113 0.84567946
vt 0.11125802 0.53652966
vt 0.47130853 0.65320176
vt 0.20299175 0.70983416
vt 0.23039991 0.94038600
vt 0.48955417 0.38416994
vt 0.53384525 0.31119812
vt 0.27210641 0.99948794
vt 0.24304581 0.98882627
vt 0.50119007 0.32554919
vt 0.24304581 0.98882627
vt 0.50119007 0.32554919
vt 0.18822771 0.64165568
vt 0.45835999 0.73769081
vt 0.13931748 0.57442230
vt 0.42061895 0.80827796
vt 0.26045218 0.99777406
vt 0.52064312 0.31343013
vt 0.50999671 0.84021580
vt 0.23660703 0.53467011
vt 0.51332128 0.85112953
vt 0.23989895 0.52283937
vt 0.49704200 0.79550231
vt 0.22551562 0.58289289
vt 0.48985571 0.77201968
vt 0.21673395 0.60830230
vt 0.53201395 0.51563221
vt 0.26138788 0.82364732
vt 0.24517073 0.50936359
vt 0.51823461 0.86353612
vt 0.22915345 0.70446771
vt 0.50298578 0.65789843
vt 0.56358480 0.39514601
vt 0.29472429 0.92719138
vt 0.54237193 0.31246233
vt 0.27965364 0.99793977
vt 0.56945837 0.33567101
vt 0.30217007 0.97669834
vt 0.56945837 0.33567101
vt 0.30217007 0.97669834
vt 0.49086273 0.74250966
vt 0.21588428 0.63598287
vt 0.50649059 0.82097811
vt 0.23435265 0.55501139
vt 0.55435854 0.31842887
vt 0.28969195 0.99177617
vt 0.05674244 0.48930705
vt 0.02072921 0.44290245
vt 0.00228836 0.43935794
vt 0.00228836 0.43935794
vt 0.01332695 0.45282912
vt 0.00462066 0.43573713
vt 0.00462066 0.43573713
vt 0.06813690 0.47466701
vt 0.04173830 0.45494360
vt 0.34296152 0.91825652
vt 0.00880615 0.43517667
vt 0.31669992 0.93636233
vt 0.37285876 0.86871195
vt 0.08117063 0.51143372
vt 0.31083035 0.93018317
vt 0.00296589 0.44370240
vt 0.33269623 0.90667248
vt 0.03063279 0.46956491
vt 0.31034845 0.93629724
vt 0.00147527 0.43605846
vt 0.31034845 0.93629724
vt 0.00147527 0.43605846
vt 0.11672224 0.50790000
vt 0.09646911 0.49215645
vt 0.38682392 0.88403749
vt 0.10806356 0.36724007
vt 0.10806356 0.36724007
vt 0.14126229 0.51596594
vt 0.42024651 0.85953796
vt 0.13373165 0.51763165
vt 0.14186269 0.51254088
vt 0.42193779 0.85960484
vt 0.13851359 0.49352956
vt 0.10360060 0.36855179
vt 0.10360060 0.36855179
vt 0.42343953 0.86037266
vt 0.12133285 0.43871760
vt 0.10504575 0.38559294
vt 0.41775575 0.90260816
vt 0.12968357 0.47006226
vt 0.13984202 0.51406115
vt 0.42337900 0.86387599
vt 0.39980438 0.98525321
vt 0.10158345 0.37241638
vt 0.13903867 0.51507437
vt 0.42258027 0.86277640
vt 0.40488565 0.95469248
vt 0.11028855 0.40853268
vt 0.40314409 0.99061918
vt 0.10500714 0.36566269
vt 0.40314409 0.99061918
vt 0.10500714 0.36566269
vt 0.13806535 0.51574206
vt 0.42167997 0.86205298
vt 0.42409101 0.87025940
vt 0.13989055 0.50743955
vt 0.41957030 0.86171657
vt 0.13591088 0.51630449
vt 0.13696495 0.51614487
vt 0.42062038 0.86174947
vt 0.12987928 0.51375580
vt 0.41411817 0.86412448
vt 0.11805397 0.38134491
vt 0.13877915 0.43266642
vt 0.12843834 0.40232682
vt 0.42030954 0.95892519
vt 0.11227937 0.36894256
vt 0.40879771 0.98734784
vt 0.45638743 0.87034577
vt 0.18141787 0.48226559
vt 0.17758173 0.50353885
vt 0.45265755 0.87054366
vt 0.45456064 0.87003982
vt 0.16916861 0.50239933
vt 0.17917933 0.50059366
vt 0.15983458 0.48600870
vt 0.45390797 0.87252885
vt 0.17309406 0.50242931
vt 0.17682394 0.50130165
vt 0.45744687 0.87364221
vt 0.45990229 0.87902993
vt 0.17887077 0.49547076
vt 0.15193500 0.46227401
vt 0.43685627 0.90788126
vt 0.17570810 0.50202805
vt 0.45634356 0.87283194
vt 0.16746803 0.49741876
vt 0.44861108 0.87749767
vt 0.45257539 0.87299436
vt 0.17171384 0.50214601
vt 0.17445156 0.50238615
vt 0.45517325 0.87243885
vt 0.18286103 0.35504001
vt 0.18286103 0.35504001
vt 0.18739933 0.35451949
vt 0.18739933 0.35451949
vt 0.19260940 0.37048548
vt 0.17921923 0.37161857
vt 0.46621981 0.99472177
vt 0.17969899 0.35819209
vt 0.47064978 0.99944866
vt 0.18502225 0.35244423
vt 0.47064978 0.99944866
vt 0.18502225 0.35244423
vt 0.19070181 0.35724348
vt 0.47535902 0.99531132
vt 0.30315512 0.37571591
vt 0.30315512 0.37571591
vt 0.30669793 0.37811029
vt 0.30669793 0.37811029
vt 0.30188179 0.39471740
vt 0.29124865 0.38854665
vt 0.56867909 0.97328329
vt 0.29911566 0.37683862
vt 0.30615181 0.37478101
vt 0.57476032 0.97505569
vt 0.30615181 0.37478101
vt 0.57476032 0.97505569
vt 0.30777588 0.38234061
vt 0.57606626 0.96908075
vt 0.27649474 0.44496852
vt 0.29261959 0.41675198
vt 0.56198627 0.94032443
vt 0.26283595 0.47470516
vt 0.53461593 0.89249110
vt 0.26037687 0.43605387
vt 0.54884231 0.94841617
vt 0.27677283 0.40774167
vt 0.49040124 0.86962450
vt 0.21727599 0.50088131
vt 0.20789321 0.49941874
vt 0.21500920 0.50287116
vt 0.22900279 0.48536009
vt 0.48715124 0.87093431
vt 0.19819531 0.42476571
vt 0.48874673 0.86992395
vt 0.20362507 0.48092145
vt 0.20771547 0.49403119
vt 0.48527583 0.87915337
vt 0.48887265 0.87246525
vt 0.21144064 0.50062025
vt 0.20263186 0.45631039
vt 0.48200834 0.91169590
vt 0.49655941 0.87619561
vt 0.21928003 0.49584192
vt 0.51685977 0.90308559
vt 0.24134347 0.46308160
vt 0.21374702 0.50078720
vt 0.49103948 0.87205118
vt 0.48779303 0.87328357
vt 0.21031567 0.50001115
vt 0.21477041 0.50052160
vt 0.49205112 0.87232280
vt 0.48994064 0.87203497
vt 0.21258698 0.50084913
vt 0.19664046 0.39323914
vt 0.47929591 0.96483868
vt 0.18009685 0.42596811
vt 0.46343815 0.96443510
vt 0.17785127 0.39456832
vt 0.46235368 0.91122866
vt 0.17951298 0.45778245
vt 0.29037896 0.97774971
vt 0.18534870 0.35982984
vt 0.20758966 0.60897607
vt 0.28138852 0.92744911
vt 0.26728001 0.93071496
vt 0.30234876 0.38148510
vt 0.49399453 0.84829193
vt 0.27756864 0.98260671
vt 0.24416344 0.82671094
vt 0.25287652 0.82496589
vt 0.20992076 0.63840789
vt 0.20447667 0.63944173
vt 0.19368175 0.50671101
vt 0.19907437 0.61066872
vt 0.23224473 0.50239503
vt 0.19327155 0.49529588
vt 0.28401950 0.41346872
vt 0.18733954 0.39527738
vt 0.22411644 0.70773631
vt 0.21899596 0.70878410
vt 0.19768062 0.58874321
vt 0.21272869 0.58459967
vt 0.21817270 0.55578887
vt 0.19584261 0.55891991
vt 0.21572615 0.50241107
vt 0.17827749 0.50269818
vt 0.25429857 0.98515081
vt 0.10762989 0.37271923
vt 0.18522140 0.61356032
vt 0.24276023 0.93537283
vt 0.25701511 0.93282056
vt 0.00765275 0.44076031
vt 0.26798651 0.98457229
vt 0.23731965 0.82811481
vt 0.22862314 0.82994086
vt 0.19466472 0.64153683
vt 0.20007654 0.64034414
vt 0.17084745 0.50404096
vt 0.19371881 0.61176598
vt 0.12046728 0.52495950
vt 0.15388098 0.50293189
vt 0.03729617 0.46311766
vt 0.11981983 0.40675497
vt 0.20890883 0.71085578
vt 0.21402834 0.70980304
vt 0.18637712 0.59105468
vt 0.17089510 0.59316134
vt 0.15455188 0.56875861
vt 0.17639379 0.56287265
vt 0.14166614 0.51494449
vt 0.16414487 0.52737629
vt 0.20899960 0.50152367
vt 0.25247154 0.46826482
vt 0.19100963 0.45649362
vt 0.14064282 0.46562278
vt 0.08821696 0.50136441
vt 0.55606735 0.33568782
vt 0.47085780 0.99287480
vt 0.48108184 0.77134317
vt 0.54844487 0.39551002
vt 0.53219903 0.39254022
vt 0.57122815 0.96930641
vt 0.54101294 0.33103466
vt 0.51232332 0.51335025
vt 0.52240026 0.51482689
vt 0.48383570 0.73929822
vt 0.47757435 0.73830914
vt 0.44485262 0.84971833
vt 0.47295526 0.76985019
vt 0.50735736 0.86996984
vt 0.47252697 0.87840760
vt 0.55464280 0.94317377
vt 0.47137734 0.96322978
vt 0.49675995 0.65438414
vt 0.49057811 0.65347111
vt 0.47218412 0.79175961
vt 0.48560354 0.79468906
vt 0.49189958 0.82087433
vt 0.47184834 0.81930208
vt 0.47238660 0.86750501
vt 0.47135171 0.85360897
vt 0.51400000 0.32945067
vt 0.40485924 0.98421335
vt 0.45935488 0.76812321
vt 0.50393718 0.38891107
vt 0.52034581 0.39078283
vt 0.31540835 0.93180490
vt 0.52975678 0.32936585
vt 0.50431341 0.51216269
vt 0.49424154 0.51065207
vt 0.46601668 0.73665643
vt 0.47229579 0.73752654
vt 0.43988141 0.86273652
vt 0.46756616 0.76905161
vt 0.40556228 0.85501307
vt 0.43659568 0.87322402
vt 0.33891687 0.91154015
vt 0.41299736 0.95544767
vt 0.47828615 0.65164518
vt 0.48446697 0.65256506
vt 0.46195087 0.79024482
vt 0.44825274 0.78915823
vt 0.43463287 0.81241131
vt 0.45430544 0.81671244
vt 0.42467856 0.83808619
vt 0.41609925 0.84826291
vt 0.49924934 0.86048359
vt 0.52608150 0.89837992
vt 0.47214809 0.91194659
vt 0.42719340 0.90572065
vt 0.37933961 0.87684274
vt 0.55359811 0.32081938
vt 0.55359811 0.32081938
vt 0.50478464 0.82110357
vt 0.57463408 0.96809536
vt 0.48931521 0.74043357
vt 0.56708390 0.33801854
vt 0.56708390 0.33801854
vt 0.54200780 0.31497055
vt 0.54200780 0.31497055
vt 0.15800282 0.51380229
vt 0.57422668 0.97412336
vt 0.57422668 0.97412336
vt 0.47472417 0.99374998
vt 0.47071058 0.99840081
vt 0.47071058 0.99840081
vt 0.56082016 0.39720345
vt 0.50167072 0.65557063
vt 0.19330075 0.52151394
vt 0.51712108 0.86483663
vt 0.24316859 0.46333945
vt 0.18107173 0.45705998
vt 0.20600800 0.49390686
vt 0.29093260 0.41702801
vt 0.56849951 0.97165722
vt 0.19538991 0.39437169
vt 0.46693760 0.99330616
vt 0.53027809 0.51597512
vt 0.48830020 0.77213407
vt 0.49551201 0.79616868
vt 0.22109370 0.49644697
vt 0.51176775 0.85170251
vt 0.18050350 0.49517709
vt 0.22372520 0.51294303
vt 0.50838405 0.84020960
vt 0.52067715 0.31593835
vt 0.52067715 0.31593835
vt 0.42221695 0.80889362
vt 0.00473007 0.44387823
vt 0.46044329 0.73615313
vt 0.50278115 0.32848471
vt 0.50278115 0.32848471
vt 0.53346592 0.31370407
vt 0.53346592 0.31370407
vt 0.13253455 0.53135574
vt 0.00250222 0.43680954
vt 0.00250222 0.43680954
vt 0.10293807 0.37357861
vt 0.10540910 0.36680162
vt 0.10540910 0.36680162
vt 0.49160296 0.38694090
vt 0.47324237 0.65135574
vt 0.14249747 0.54152727
vt 0.39768198 0.84725112
vt 0.09488098 0.49311841
vt 0.15018205 0.46221501
vt 0.14143606 0.50663900
vt 0.03230432 0.46915227
vt 0.00963055 0.43694198
vt 0.11191057 0.40909880
vt 0.11196158 0.37076527
vt 0.48636940 0.50946510
vt 0.45221633 0.76678586
vt 0.43833610 0.78770000
vt 0.12843888 0.51503575
vt 0.40663511 0.83620191
vt 0.16579266 0.49779868
vt 0.13577352 0.51843542
vt 0.41322029 0.82615858
vt 0.27739817 0.40935397
vt 0.26174662 0.47318161
vt 0.17924495 0.39555812
vt 0.20096569 0.45577341
vt 0.12752309 0.40380770
vt 0.13103183 0.46889603
vt 0.04179780 0.45668429
vt 0.08157571 0.50959128
vt 0.21121322 0.50860548
vt 0.17590328 0.51014745
vt 0.14241317 0.52239853
vt 0.48815754 0.86476761
vt 0.45616838 0.86507076
vt 0.42550173 0.85559171
vt 0.21421954 0.50317264
vt 0.21238352 0.50336933
vt 0.21057855 0.50279045
vt 0.17678720 0.50413406
vt 0.17489117 0.50487751
vt 0.17282076 0.50483072
vt 0.14070015 0.51674795
vt 0.13925347 0.51800036
vt 0.13747220 0.51854509
vt 0.21858659 0.52611917
vt 0.13074909 0.55572742
vt 0.12277759 0.54563808
vt 0.15975349 0.59537745
vt 0.17788421 0.61574054
vt 0.22171435 0.83137697
vt 0.11186967 0.53463376
vt 0.20466748 0.71136749
vt 0.23205759 0.93781573
vt 0.27185136 0.99758339
vt 0.24428752 0.98628426
vt 0.24428752 0.98628426
vt 0.18988229 0.64256084
vt 0.14093235 0.57349324
vt 0.26069972 0.99587965
vt 0.23487377 0.53452343
vt 0.23821139 0.52218425
vt 0.22383007 0.58225667
vt 0.21518964 0.60809320
vt 0.25979275 0.82356608
vt 0.24387144 0.50787199
vt 0.22821672 0.70653689
vt 0.29218856 0.92548126
vt 0.27913824 0.99608862
vt 0.30002779 0.97485042
vt 0.30002779 0.97485042
vt 0.21471976 0.63746655
vt 0.23250796 0.55479407
vt 0.28871855 0.99013221
vt 0.18068352 0.35971928
vt 0.34301212 0.91671187
vt 0.31734455 0.93485373
vt 0.37330228 0.87028074
vt 0.31249109 0.92965341
vt 0.33423209 0.90686828
vt 0.31113139 0.93555731
vt 0.31113139 0.93555731
vt 0.38542584 0.88334274
vt 0.41894221 0.90350777
vt 0.42514417 0.86286521
vt 0.40087223 0.98393124
vt 0.42409983 0.86102629
vt 0.40626317 0.95401597
vt 0.40339082 0.98959011
vt 0.40339082 0.98959011
vt 0.42272392 0.85989767
vt 0.42558694 0.87077510
vt 0.41939962 0.85974020
vt 0.42107257 0.85950458
vt 0.41284469 0.86305487
vt 0.41950989 0.95762742
vt 0.40851742 0.98577225
vt 0.45359957 0.87020558
vt 0.45879099 0.87218803
vt 0.46140644 0.87910903
vt 0.43539986 0.90801859
vt 0.45724815 0.87077904
vt 0.44712713 0.87712002
vt 0.45168123 0.87115741
vt 0.45549035 0.87009525
vt 0.18509422 0.35362804
vt 0.18509422 0.35362804
vt 0.18992104 0.35881275
vt 0.29905242 0.37877190
vt 0.30550766 0.37586766
vt 0.30550766 0.37586766
vt 0.30623412 0.38318992
vt 0.56046373 0.94006765
vt 0.53373933 0.89386028
vt 0.54924011 0.94692731
vt 0.48370406 0.87921023
vt 0.48792818 0.87035716
vt 0.48062322 0.91220897
vt 0.49808371 0.87554264
vt 0.51839489 0.90282631
vt 0.49125588 0.86977845
vt 0.48640171 0.87180984
vt 0.49278459 0.87048614
vt 0.48956659 0.86967713
vt 0.47818193 0.96380132
vt 0.46456900 0.96343213
vt 0.46369460 0.91177773
f 25/25 577/577 1371/1371
f 25/25 1371/1371 560/560
f 577/577 13/13 548/548
f 577/577 548/548 1371/1371
f 1371/1371 548/548 3/3
f 1371/1371 3/3 557/557
f 560/560 1371/1371 557/557
f 560/560 557/557 10/10
f 51/51 608/608 1372/1372
f 51/51 1372/1372 607/607
f 608/608 49/49 573/573
f 608/608 573/573 1372/1372
f 1372/1372 573/573 23/23
f 1372/1372 23/23 576/576
f 607/607 1372/1372 576/576
f 607/607 576/576 20/20
f 63/63 621/621 1373/1373
f 63/63 1373/1373 624/624
f 621/621 24/24 556/556
f 621/621 556/556 1373/1373
f 1373/1373 556/556 8/8
f 1373/1373 8/8 619/619
f 624/624 1373/1373 619/619
f 624/624 619/619 61/61
f 28/28 580/580 1374/1374
f 28/28 1374/1374 582/582
f 580/580 25/25 560/560
f 580/580 560/560 1374/1374
f 1374/1374 560/560 10/10
f 1374/1374 10/10 579/579
f 582/582 1374/1374 579/579
f 582/582 579/579 27/27
f 55/55 610/610 1375/1375
f 55/55 1375/1375 581/581
f 610/610 54/54 568/568
f 610/610 568/568 1375/1375
f 1375/1375 568/568 25/25
f 1375/1375 25/25 580/580
f 581/581 1375/1375 580/580
f 581/581 580/580 28/28
f 47/47 603/603 1376/1376
f 47/47 1376/1376 602/602
f 603/603 45/45 553/553
f 603/603 553/553 1376/1376
f 1376/1376 553/553 17/17
f 1376/1376 17/17 566/566
f 602/602 1376/1376 566/566
f 602/602 566/566 7/7
f 171/171 1119/1119 1377/1377
f 171/171 1377/1377 758/758
f 354/354 1054/1054 1377/1377
f 354/354 1377/1377 1119/1119
f 353/353 1120/1120 1377/1377
f 353/353 1377/1377 1054/1054
f 191/191 836/836 1377/1377
f 191/191 1377/1377 1120/1120
f 160/160 758/758 1377/1377
f 160/160 1377/1377 836/836
f 54/54 612/612 1378/1378
f 54/54 1378/1378 568/568
f 612/612 52/52 562/562
f 612/612 562/562 1378/1378
f 1378/1378 562/562 13/13
f 1378/1378 13/13 577/577
f 568/568 1378/1378 577/577
f 568/568 577/577 25/25
f 60/60 616/616 1379/1379
f 60/60 1379/1379 618/618
f 616/616 55/55 581/581
f 616/616 581/581 1379/1379
f 1379/1379 581/581 28/28
f 1379/1379 28/28 615/615
f 618/618 1379/1379 615/615
f 618/618 615/615 59/59
f 59/59 615/615 1380/1380
f 59/59 1380/1380 617/617
f 615/615 28/28 582/582
f 615/615 582/582 1380/1380
f 1380/1380 582/582 27/27
f 1380/1380 27/27 614/614
f 617/617 1380/1380 614/614
f 617/617 614/614 58/58
f 24/24 569/569 1381/1381
f 24/24 1381/1381 556/556
f 569/569 31/31 586/586
f 569/569 586/586 1381/1381
f 1381/1381 586/586 29/29
f 1381/1381 29/29 554/554
f 556/556 1381/1381 554/554
f 556/556 554/554 8/8
f 34/34 611/611 1382/1382
f 34/34 1382/1382 567/567
f 611/611 56/56 587/587
f 611/611 587/587 1382/1382
f 1382/1382 587/587 31/31
f 1382/1382 31/31 569/569
f 567/567 1382/1382 569/569
f 567/567 569/569 24/24
f 328/328 1026/1026 1383/1383
f 328/328 1383/1383 1101/1101
f 333/333 1098/1098 1383/1383
f 333/333 1383/1383 1026/1026
f 320/320 1023/1023 1383/1383
f 320/320 1383/1383 1098/1098
f 319/319 1091/1091 1383/1383
f 319/319 1383/1383 1023/1023
f 76/76 638/638 1383/1383
f 76/76 1383/1383 1091/1091
f 74/74 1101/1101 1383/1383
f 74/74 1383/1383 638/638
f 64/64 622/622 1384/1384
f 64/64 1384/1384 623/623
f 622/622 34/34 567/567
f 622/622 567/567 1384/1384
f 1384/1384 567/567 24/24
f 1384/1384 24/24 621/621
f 623/623 1384/1384 621/621
f 623/623 621/621 63/63
f 70/70 635/635 1385/1385
f 70/70 1385/1385 632/632
f 635/635 71/71 590/590
f 635/635 590/590 1385/1385
f 1385/1385 590/590 37/37
f 1385/1385 37/37 593/593
f 632/632 1385/1385 593/593
f 632/632 593/593 39/39
f 74/74 638/638 1386/1386
f 74/74 1386/1386 637/637
f 638/638 76/76 597/597
f 638/638 597/597 1386/1386
f 1386/1386 597/597 43/43
f 1386/1386 43/43 598/598
f 637/637 1386/1386 598/598
f 637/637 598/598 41/41
f 144/144 730/730 1387/1387
f 144/144 1387/1387 727/727
f 730/730 146/146 600/600
f 730/730 600/600 1387/1387
f 1387/1387 600/600 45/45
f 1387/1387 45/45 603/603
f 727/727 1387/1387 603/603
f 727/727 603/603 47/47
f 148/148 735/735 1388/1388
f 148/148 1388/1388 732/732
f 735/735 150/150 605/605
f 735/735 605/605 1388/1388
f 1388/1388 605/605 49/49
f 1388/1388 49/49 608/608
f 732/732 1388/1388 608/608
f 732/732 608/608 51/51
f 31/31 585/585 1389/1389
f 31/31 1389/1389 586/586
f 585/585 59/59 617/617
f 585/585 617/617 1389/1389
f 1389/1389 617/617 58/58
f 1389/1389 58/58 584/584
f 586/586 1389/1389 584/584
f 586/586 584/584 29/29
f 56/56 609/609 1390/1390
f 56/56 1390/1390 587/587
f 609/609 60/60 618/618
f 609/609 618/618 1390/1390
f 1390/1390 618/618 59/59
f 1390/1390 59/59 585/585
f 587/587 1390/1390 585/585
f 587/587 585/585 31/31
f 68/68 628/628 1391/1391
f 68/68 1391/1391 630/630
f 628/628 64/64 623/623
f 628/628 623/623 1391/1391
f 1391/1391 623/623 63/63
f 1391/1391 63/63 627/627
f 630/630 1391/1391 627/627
f 630/630 627/627 67/67
f 67/67 627/627 1392/1392
f 67/67 1392/1392 629/629
f 627/627 63/63 624/624
f 627/627 624/624 1392/1392
f 1392/1392 624/624 61/61
f 1392/1392 61/61 625/625
f 629/629 1392/1392 625/625
f 629/629 625/625 65/65
f 12/12 570/570 1393/1393
f 12/12 1393/1393 561/561
f 570/570 67/67 629/629
f 570/570 629/629 1393/1393
f 1393/1393 629/629 65/65
f 1393/1393 65/65 550/550
f 561/561 1393/1393 550/550
f 561/561 550/550 1/1
f 35/35 571/571 1394/1394
f 35/35 1394/1394 588/588
f 571/571 68/68 630/630
f 571/571 630/630 1394/1394
f 1394/1394 630/630 67/67
f 1394/1394 67/67 570/570
f 588/588 1394/1394 570/570
f 588/588 570/570 12/12
f 316/316 1094/1094 1395/1395
f 316/316 1395/1395 1340/1340
f 1094/1094 69/69 1338/1338
f 1094/1094 1338/1338 1395/1395
f 1395/1395 1338/1338 531/531
f 1395/1395 531/531 1360/1360
f 1340/1340 1395/1395 1360/1360
f 1340/1340 1360/1360 534/534
f 327/327 1100/1100 1396/1396
f 327/327 1396/1396 1279/1279
f 1100/1100 73/73 1283/1283
f 1100/1100 1283/1283 1396/1396
f 1396/1396 1283/1283 496/496
f 1396/1396 496/496 1287/1287
f 1279/1279 1396/1396 1287/1287
f 1279/1279 1287/1287 488/488
f 101/101 653/653 1397/1397
f 101/101 1397/1397 669/669
f 653/653 86/86 650/650
f 653/653 650/650 1397/1397
f 1397/1397 650/650 79/79
f 1397/1397 79/79 641/641
f 669/669 1397/1397 641/641
f 669/669 641/641 89/89
f 125/125 699/699 1398/1398
f 125/125 1398/1398 700/700
f 699/699 96/96 668/668
f 699/699 668/668 1398/1398
f 1398/1398 668/668 99/99
f 1398/1398 99/99 665/665
f 700/700 1398/1398 665/665
f 700/700 665/665 123/123
f 131/131 710/710 1399/1399
f 131/131 1399/1399 708/708
f 710/710 129/129 706/706
f 710/710 706/706 1399/1399
f 1399/1399 706/706 84/84
f 1399/1399 84/84 649/649
f 708/708 1399/1399 649/649
f 708/708 649/649 100/100
f 104/104 674/674 1400/1400
f 104/104 1400/1400 672/672
f 674/674 103/103 671/671
f 674/674 671/671 1400/1400
f 1400/1400 671/671 86/86
f 1400/1400 86/86 653/653
f 672/672 1400/1400 653/653
f 672/672 653/653 101/101
f 55/55 673/673 1401/1401
f 55/55 1401/1401 610/610
f 673/673 104/104 672/672
f 673/673 672/672 1401/1401
f 1401/1401 672/672 101/101
f 1401/1401 101/101 661/661
f 610/610 1401/1401 661/661
f 610/610 661/661 54/54
f 121/121 694/694 1402/1402
f 121/121 1402/1402 695/695
f 694/694 83/83 659/659
f 694/694 659/659 1402/1402
f 1402/1402 659/659 93/93
f 1402/1402 93/93 646/646
f 695/695 1402/1402 646/646
f 695/695 646/646 119/119
f 54/54 661/661 1403/1403
f 54/54 1403/1403 612/612
f 661/661 101/101 669/669
f 661/661 669/669 1403/1403
f 1403/1403 669/669 89/89
f 1403/1403 89/89 655/655
f 612/612 1403/1403 655/655
f 612/612 655/655 52/52
f 60/60 705/705 1404/1404
f 60/60 1404/1404 616/616
f 705/705 128/128 703/703
f 705/705 703/703 1404/1404
f 1404/1404 703/703 104/104
f 1404/1404 104/104 673/673
f 616/616 1404/1404 673/673
f 616/616 673/673 55/55
f 128/128 704/704 1405/1405
f 128/128 1405/1405 703/703
f 704/704 127/127 702/702
f 704/704 702/702 1405/1405
f 1405/1405 702/702 103/103
f 1405/1405 103/103 674/674
f 703/703 1405/1405 674/674
f 703/703 674/674 104/104
f 100/100 649/649 1406/1406
f 100/100 1406/1406 662/662
f 649/649 84/84 647/647
f 649/649 647/647 1406/1406
f 1406/1406 647/647 105/105
f 1406/1406 105/105 678/678
f 662/662 1406/1406 678/678
f 662/662 678/678 107/107
f 34/34 660/660 1407/1407
f 34/34 1407/1407 611/611
f 660/660 100/100 662/662
f 660/660 662/662 1407/1407
f 1407/1407 662/662 107/107
f 1407/1407 107/107 679/679
f 611/611 1407/1407 679/679
f 611/611 679/679 56/56
f 139/139 1105/1105 1408/1408
f 139/139 1408/1408 1282/1282
f 1105/1105 329/329 1083/1083
f 1105/1105 1083/1083 1408/1408
f 1408/1408 1083/1083 491/491
f 1408/1408 491/491 1298/1298
f 1282/1282 1408/1408 1298/1298
f 1282/1282 1298/1298 495/495
f 64/64 709/709 1409/1409
f 64/64 1409/1409 622/622
f 709/709 131/131 708/708
f 709/709 708/708 1409/1409
f 1409/1409 708/708 100/100
f 1409/1409 100/100 660/660
f 622/622 1409/1409 660/660
f 622/622 660/660 34/34
f 136/136 717/717 1410/1410
f 136/136 1410/1410 720/720
f 717/717 113/113 685/685
f 717/717 685/685 1410/1410
f 1410/1410 685/685 111/111
f 1410/1410 111/111 682/682
f 720/720 1410/1410 682/682
f 720/720 682/682 137/137
f 140/140 722/722 1411/1411
f 140/140 1411/1411 723/723
f 722/722 115/115 690/690
f 722/722 690/690 1411/1411
f 1411/1411 690/690 117/117
f 1411/1411 117/117 689/689
f 723/723 1411/1411 689/689
f 723/723 689/689 142/142
f 156/156 742/742 1412/1412
f 156/156 1412/1412 745/745
f 742/742 121/121 695/695
f 742/742 695/695 1412/1412
f 1412/1412 695/695 119/119
f 1412/1412 119/119 692/692
f 745/745 1412/1412 692/692
f 745/745 692/692 158/158
f 152/152 737/737 1413/1413
f 152/152 1413/1413 740/740
f 737/737 125/125 700/700
f 737/737 700/700 1413/1413
f 1413/1413 700/700 123/123
f 1413/1413 123/123 697/697
f 740/740 1413/1413 697/697
f 740/740 697/697 154/154
f 107/107 678/678 1414/1414
f 107/107 1414/1414 677/677
f 678/678 105/105 676/676
f 678/678 676/676 1414/1414
f 1414/1414 676/676 127/127
f 1414/1414 127/127 704/704
f 677/677 1414/1414 704/704
f 677/677 704/704 128/128
f 56/56 679/679 1415/1415
f 56/56 1415/1415 609/609
f 679/679 107/107 677/677
f 679/679 677/677 1415/1415
f 1415/1415 677/677 128/128
f 1415/1415 128/128 705/705
f 609/609 1415/1415 705/705
f 609/609 705/705 60/60
f 68/68 715/715 1416/1416
f 68/68 1416/1416 628/628
f 715/715 134/134 713/713
f 715/715 713/713 1416/1416
f 1416/1416 713/713 131/131
f 1416/1416 131/131 709/709
f 628/628 1416/1416 709/709
f 628/628 709/709 64/64
f 134/134 714/714 1417/1417
f 134/134 1417/1417 713/713
f 714/714 132/132 711/711
f 714/714 711/711 1417/1417
f 1417/1417 711/711 129/129
f 1417/1417 129/129 710/710
f 713/713 1417/1417 710/710
f 713/713 710/710 131/131
f 88/88 654/654 1418/1418
f 88/88 1418/1418 663/663
f 654/654 77/77 643/643
f 654/654 643/643 1418/1418
f 1418/1418 643/643 132/132
f 1418/1418 132/132 714/714
f 663/663 1418/1418 714/714
f 663/663 714/714 134/134
f 35/35 680/680 1419/1419
f 35/35 1419/1419 571/571
f 680/680 88/88 663/663
f 680/680 663/663 1419/1419
f 1419/1419 663/663 134/134
f 1419/1419 134/134 715/715
f 571/571 1419/1419 715/715
f 571/571 715/715 68/68
f 338/338 1107/1107 1420/1420
f 338/338 1420/1420 1236/1236
f 1107/1107 141/141 1239/1239
f 1107/1107 1239/1239 1420/1420
f 1420/1420 1239/1239 464/464
f 1420/1420 464/464 1249/1249
f 1236/1236 1420/1420 1249/1249
f 1236/1236 1249/1249 458/458
f 332/332 1034/1034 1421/1421
f 332/332 1421/1421 1099/1099
f 331/331 1104/1104 1421/1421
f 331/331 1421/1421 1034/1034
f 344/344 1045/1045 1421/1421
f 344/344 1421/1421 1104/1104
f 343/343 1109/1109 1421/1421
f 343/343 1421/1421 1045/1045
f 88/88 680/680 1421/1421
f 88/88 1421/1421 1109/1109
f 35/35 1099/1099 1421/1421
f 35/35 1421/1421 680/680
f 75/75 1090/1090 1422/1422
f 75/75 1422/1422 1339/1339
f 1090/1090 318/318 1079/1079
f 1090/1090 1079/1079 1422/1422
f 1422/1422 1079/1079 539/539
f 1422/1422 539/539 1359/1359
f 1339/1339 1422/1422 1359/1359
f 1339/1339 1359/1359 533/533
f 39/39 593/593 1423/1423
f 39/39 1423/1423 592/592
f 593/593 37/37 729/729
f 593/593 729/729 1423/1423
f 1423/1423 729/729 146/146
f 1423/1423 146/146 730/730
f 592/592 1423/1423 730/730
f 592/592 730/730 144/144
f 41/41 598/598 1424/1424
f 41/41 1424/1424 595/595
f 598/598 43/43 734/734
f 598/598 734/734 1424/1424
f 1424/1424 734/734 150/150
f 1424/1424 150/150 735/735
f 595/595 1424/1424 735/735
f 595/595 735/735 148/148
f 115/115 687/687 1425/1425
f 115/115 1425/1425 690/690
f 687/687 152/152 740/740
f 687/687 740/740 1425/1425
f 1425/1425 740/740 154/154
f 1425/1425 154/154 739/739
f 690/690 1425/1425 739/739
f 690/690 739/739 117/117
f 113/113 684/684 1426/1426
f 113/113 1426/1426 685/685
f 684/684 156/156 745/745
f 684/684 745/745 1426/1426
f 1426/1426 745/745 158/158
f 1426/1426 158/158 744/744
f 685/685 1426/1426 744/744
f 685/685 744/744 111/111
f 183/183 757/757 1427/1427
f 183/183 1427/1427 773/773
f 757/757 169/169 754/754
f 757/757 754/754 1427/1427
f 1427/1427 754/754 161/161
f 1427/1427 161/161 746/746
f 773/773 1427/1427 746/746
f 773/773 746/746 172/172
f 208/208 803/803 1428/1428
f 208/208 1428/1428 804/804
f 803/803 178/178 772/772
f 803/803 772/772 1428/1428
f 1428/1428 772/772 181/181
f 1428/1428 181/181 769/769
f 804/804 1428/1428 769/769
f 804/804 769/769 206/206
f 220/220 820/820 1429/1429
f 220/220 1429/1429 817/817
f 820/820 218/218 816/816
f 820/820 816/816 1429/1429
f 1429/1429 816/816 168/168
f 1429/1429 168/168 753/753
f 817/817 1429/1429 753/753
f 817/817 753/753 182/182
f 186/186 778/778 1430/1430
f 186/186 1430/1430 776/776
f 778/778 185/185 775/775
f 778/778 775/775 1430/1430
f 1430/1430 775/775 169/169
f 1430/1430 169/169 757/757
f 776/776 1430/1430 757/757
f 776/776 757/757 183/183
f 212/212 777/777 1431/1431
f 212/212 1431/1431 806/806
f 777/777 186/186 776/776
f 777/777 776/776 1431/1431
f 1431/1431 776/776 183/183
f 1431/1431 183/183 764/764
f 806/806 1431/1431 764/764
f 806/806 764/764 211/211
f 204/204 797/797 1432/1432
f 204/204 1432/1432 799/799
f 797/797 165/165 762/762
f 797/797 762/762 1432/1432
f 1432/1432 762/762 175/175
f 1432/1432 175/175 750/750
f 799/799 1432/1432 750/750
f 799/799 750/750 202/202
f 211/211 764/764 1433/1433
f 211/211 1433/1433 808/808
f 764/764 183/183 773/773
f 764/764 773/773 1433/1433
f 1433/1433 773/773 172/172
f 1433/1433 172/172 759/759
f 808/808 1433/1433 759/759
f 808/808 759/759 210/210
f 217/217 814/814 1434/1434
f 217/217 1434/1434 812/812
f 814/814 216/216 811/811
f 814/814 811/811 1434/1434
f 1434/1434 811/811 186/186
f 1434/1434 186/186 777/777
f 812/812 1434/1434 777/777
f 812/812 777/777 212/212
f 216/216 813/813 1435/1435
f 216/216 1435/1435 811/811
f 813/813 214/214 810/810
f 813/813 810/810 1435/1435
f 1435/1435 810/810 185/185
f 1435/1435 185/185 778/778
f 811/811 1435/1435 778/778
f 811/811 778/778 186/186
f 182/182 753/753 1436/1436
f 182/182 1436/1436 765/765
f 753/753 168/168 752/752
f 753/753 752/752 1436/1436
f 1436/1436 752/752 188/188
f 1436/1436 188/188 782/782
f 765/765 1436/1436 782/782
f 765/765 782/782 189/189
f 192/192 763/763 1437/1437
f 192/192 1437/1437 807/807
f 763/763 182/182 765/765
f 763/763 765/765 1437/1437
f 1437/1437 765/765 189/189
f 1437/1437 189/189 783/783
f 807/807 1437/1437 783/783
f 807/807 783/783 213/213
f 366/366 1065/1065 1438/1438
f 366/366 1438/1438 1123/1123
f 365/365 1122/1122 1438/1438
f 365/365 1438/1438 1065/1065
f 193/193 874/874 1438/1438
f 193/193 1438/1438 1122/1122
f 246/246 1124/1124 1438/1438
f 246/246 1438/1438 874/874
f 376/376 1074/1074 1438/1438
f 376/376 1438/1438 1124/1124
f 375/375 1123/1123 1438/1438
f 375/375 1438/1438 1074/1074
f 221/221 819/819 1439/1439
f 221/221 1439/1439 818/818
f 819/819 220/220 817/817
f 819/819 817/817 1439/1439
f 1439/1439 817/817 182/182
f 1439/1439 182/182 763/763
f 818/818 1439/1439 763/763
f 818/818 763/763 192/192
f 227/227 828/828 1440/1440
f 227/227 1440/1440 831/831
f 828/828 196/196 789/789
f 828/828 789/789 1440/1440
f 1440/1440 789/789 194/194
f 1440/1440 194/194 785/785
f 831/831 1440/1440 785/785
f 831/831 785/785 229/229
f 231/231 833/833 1441/1441
f 231/231 1441/1441 834/834
f 833/833 198/198 794/794
f 833/833 794/794 1441/1441
f 1441/1441 794/794 200/200
f 1441/1441 200/200 793/793
f 834/834 1441/1441 793/793
f 834/834 793/793 233/233
f 300/300 920/920 1442/1442
f 300/300 1442/1442 924/924
f 920/920 204/204 799/799
f 920/920 799/799 1442/1442
f 1442/1442 799/799 202/202
f 1442/1442 202/202 795/795
f 924/924 1442/1442 795/795
f 924/924 795/795 302/302
f 304/304 925/925 1443/1443
f 304/304 1443/1443 929/929
f 925/925 208/208 804/804
f 925/925 804/804 1443/1443
f 1443/1443 804/804 206/206
f 1443/1443 206/206 800/800
f 929/929 1443/1443 800/800
f 929/929 800/800 306/306
f 189/189 782/782 1444/1444
f 189/189 1444/1444 781/781
f 782/782 188/188 779/779
f 782/782 779/779 1444/1444
f 1444/1444 779/779 214/214
f 1444/1444 214/214 813/813
f 781/781 1444/1444 813/813
f 781/781 813/813 216/216
f 213/213 783/783 1445/1445
f 213/213 1445/1445 805/805
f 783/783 189/189 781/781
f 783/783 781/781 1445/1445
f 1445/1445 781/781 216/216
f 1445/1445 216/216 814/814
f 805/805 1445/1445 814/814
f 805/805 814/814 217/217
f 225/225 826/826 1446/1446
f 225/225 1446/1446 824/824
f 826/826 224/224 823/823
f 826/826 823/823 1446/1446
f 1446/1446 823/823 220/220
f 1446/1446 220/220 819/819
f 824/824 1446/1446 819/819
f 824/824 819/819 221/221
f 224/224 825/825 1447/1447
f 224/224 1447/1447 823/823
f 825/825 222/222 821/821
f 825/825 821/821 1447/1447
f 1447/1447 821/821 218/218
f 1447/1447 218/218 820/820
f 823/823 1447/1447 820/820
f 823/823 820/820 220/220
f 171/171 758/758 1448/1448
f 171/171 1448/1448 766/766
f 758/758 160/160 747/747
f 758/758 747/747 1448/1448
f 1448/1448 747/747 222/222
f 1448/1448 222/222 825/825
f 766/766 1448/1448 825/825
f 766/766 825/825 224/224
f 193/193 784/784 1449/1449
f 193/193 1449/1449 767/767
f 784/784 171/171 766/766
f 784/784 766/766 1449/1449
f 1449/1449 766/766 224/224
f 1449/1449 224/224 826/826
f 767/767 1449/1449 826/826
f 767/767 826/826 225/225
f 364/364 1063/1063 1450/1450
f 364/364 1450/1450 1121/1121
f 363/363 1103/1103 1450/1450
f 363/363 1450/1450 1063/1063
f 231/231 834/834 1450/1450
f 231/231 1450/1450 1103/1103
f 233/233 1093/1093 1450/1450
f 233/233 1450/1450 834/834
f 350/350 1046/1046 1450/1450
f 350/350 1450/1450 1093/1093
f 355/355 1121/1121 1450/1450
f 355/355 1450/1450 1046/1046
f 365/365 1064/1064 1451/1451
f 365/365 1451/1451 1122/1122
f 364/364 1121/1121 1451/1451
f 364/364 1451/1451 1064/1064
f 355/355 1055/1055 1451/1451
f 355/355 1451/1451 1121/1121
f 354/354 1119/1119 1451/1451
f 354/354 1451/1451 1055/1055
f 171/171 784/784 1451/1451
f 171/171 1451/1451 1119/1119
f 193/193 1122/1122 1451/1451
f 193/193 1451/1451 784/784
f 258/258 863/863 1452/1452
f 258/258 1452/1452 848/848
f 863/863 247/247 837/837
f 863/863 837/837 1452/1452
f 1452/1452 837/837 236/236
f 1452/1452 236/236 845/845
f 848/848 1452/1452 845/845
f 848/848 845/845 244/244
f 281/281 894/894 1453/1453
f 281/281 1453/1453 893/893
f 894/894 279/279 859/859
f 894/894 859/859 1453/1453
f 1453/1453 859/859 256/256
f 1453/1453 256/256 862/862
f 893/893 1453/1453 862/862
f 893/893 862/862 253/253
f 288/288 902/902 1454/1454
f 288/288 1454/1454 904/904
f 902/902 257/257 844/844
f 902/902 844/844 1454/1454
f 1454/1454 844/844 243/243
f 1454/1454 243/243 901/901
f 904/904 1454/1454 901/901
f 904/904 901/901 286/286
f 261/261 866/866 1455/1455
f 261/261 1455/1455 868/868
f 866/866 258/258 848/848
f 866/866 848/848 1455/1455
f 1455/1455 848/848 244/244
f 1455/1455 244/244 865/865
f 868/868 1455/1455 865/865
f 868/868 865/865 260/260
f 212/212 806/806 1456/1456
f 212/212 1456/1456 867/867
f 806/806 211/211 855/855
f 806/806 855/855 1456/1456
f 1456/1456 855/855 258/258
f 1456/1456 258/258 866/866
f 867/867 1456/1456 866/866
f 867/867 866/866 261/261
f 277/277 889/889 1457/1457
f 277/277 1457/1457 887/887
f 889/889 275/275 841/841
f 889/889 841/841 1457/1457
f 1457/1457 841/841 250/250
f 1457/1457 250/250 853/853
f 887/887 1457/1457 853/853
f 887/887 853/853 240/240
f 211/211 808/808 1458/1458
f 211/211 1458/1458 855/855
f 808/808 210/210 850/850
f 808/808 850/850 1458/1458
f 1458/1458 850/850 247/247
f 1458/1458 247/247 863/863
f 855/855 1458/1458 863/863
f 855/855 863/863 258/258
f 217/217 812/812 1459/1459
f 217/217 1459/1459 899/899
f 812/812 212/212 867/867
f 812/812 867/867 1459/1459
f 1459/1459 867/867 261/261
f 1459/1459 261/261 897/897
f 899/899 1459/1459 897/897
f 899/899 897/897 285/285
f 285/285 897/897 1460/1460
f 285/285 1460/1460 898/898
f 897/897 261/261 868/868
f 897/897 868/868 1460/1460
f 1460/1460 868/868 260/260
f 1460/1460 260/260 896/896
f 898/898 1460/1460 896/896
f 898/898 896/896 283/283
f 257/257 856/856 1461/1461
f 257/257 1461/1461 844/844
f 856/856 264/264 872/872
f 856/856 872/872 1461/1461
f 1461/1461 872/872 263/263
f 1461/1461 263/263 843/843
f 844/844 1461/1461 843/843
f 844/844 843/843 243/243
f 192/192 807/807 1462/1462
f 192/192 1462/1462 854/854
f 807/807 213/213 873/873
f 807/807 873/873 1462/1462
f 1462/1462 873/873 264/264
f 1462/1462 264/264 856/856
f 854/854 1462/1462 856/856
f 854/854 856/856 257/257
f 361/361 1056/1056 1463/1463
f 361/361 1463/1463 1111/1111
f 366/366 1123/1123 1463/1463
f 366/366 1463/1463 1056/1056
f 375/375 1073/1073 1463/1463
f 375/375 1463/1463 1123/1123
f 374/374 1116/1116 1463/1463
f 374/374 1463/1463 1073/1073
f 299/299 917/917 1463/1463
f 299/299 1463/1463 1116/1116
f 297/297 1111/1111 1463/1463
f 297/297 1463/1463 917/917
f 221/221 818/818 1464/1464
f 221/221 1464/1464 903/903
f 818/818 192/192 854/854
f 818/818 854/854 1464/1464
f 1464/1464 854/854 257/257
f 1464/1464 257/257 902/902
f 903/903 1464/1464 902/902
f 903/903 902/902 288/288
f 293/293 914/914 1465/1465
f 293/293 1465/1465 911/911
f 914/914 295/295 875/875
f 914/914 875/875 1465/1465
f 1465/1465 875/875 267/267
f 1465/1465 267/267 879/879
f 911/911 1465/1465 879/879
f 911/911 879/879 269/269
f 297/297 917/917 1466/1466
f 297/297 1466/1466 916/916
f 917/917 299/299 883/883
f 917/917 883/883 1466/1466
f 1466/1466 883/883 273/273
f 1466/1466 273/273 884/884
f 916/916 1466/1466 884/884
f 916/916 884/884 271/271
f 312/312 939/939 1467/1467
f 312/312 1467/1467 935/935
f 939/939 314/314 885/885
f 939/939 885/885 1467/1467
f 1467/1467 885/885 275/275
f 1467/1467 275/275 889/889
f 935/935 1467/1467 889/889
f 935/935 889/889 277/277
f 308/308 934/934 1468/1468
f 308/308 1468/1468 930/930
f 934/934 310/310 890/890
f 934/934 890/890 1468/1468
f 1468/1468 890/890 279/279
f 1468/1468 279/279 894/894
f 930/930 1468/1468 894/894
f 930/930 894/894 281/281
f 264/264 871/871 1469/1469
f 264/264 1469/1469 872/872
f 871/871 285/285 898/898
f 871/871 898/898 1469/1469
f 1469/1469 898/898 283/283
f 1469/1469 283/283 869/869
f 872/872 1469/1469 869/869
f 872/872 869/869 263/263
f 213/213 805/805 1470/1470
f 213/213 1470/1470 873/873
f 805/805 217/217 899/899
f 805/805 899/899 1470/1470
f 1470/1470 899/899 285/285
f 1470/1470 285/285 871/871
f 873/873 1470/1470 871/871
f 873/873 871/871 264/264
f 225/225 824/824 1471/1471
f 225/225 1471/1471 909/909
f 824/824 221/221 903/903
f 824/824 903/903 1471/1471
f 1471/1471 903/903 288/288
f 1471/1471 288/288 907/907
f 909/909 1471/1471 907/907
f 909/909 907/907 291/291
f 291/291 907/907 1472/1472
f 291/291 1472/1472 908/908
f 907/907 288/288 904/904
f 907/907 904/904 1472/1472
f 1472/1472 904/904 286/286
f 1472/1472 286/286 905/905
f 908/908 1472/1472 905/905
f 908/908 905/905 289/289
f 246/246 857/857 1473/1473
f 246/246 1473/1473 849/849
f 857/857 291/291 908/908
f 857/857 908/908 1473/1473
f 1473/1473 908/908 289/289
f 1473/1473 289/289 838/838
f 849/849 1473/1473 838/838
f 849/849 838/838 235/235
f 193/193 767/767 1474/1474
f 193/193 1474/1474 874/874
f 767/767 225/225 909/909
f 767/767 909/909 1474/1474
f 1474/1474 909/909 291/291
f 1474/1474 291/291 857/857
f 874/874 1474/1474 857/857
f 874/874 857/857 246/246
f 246/246 849/849 1475/1475
f 246/246 1475/1475 1124/1124
f 235/235 919/919 1475/1475
f 235/235 1475/1475 849/849
f 266/266 1125/1125 1475/1475
f 266/266 1475/1475 919/919
f 377/377 1075/1075 1475/1475
f 377/377 1475/1475 1125/1125
f 376/376 1124/1124 1475/1475
f 376/376 1475/1475 1075/1075
f 372/372 1066/1066 1476/1476
f 372/372 1476/1476 1118/1118
f 377/377 1125/1125 1476/1476
f 377/377 1476/1476 1066/1066
f 266/266 913/913 1476/1476
f 266/266 1476/1476 1125/1125
f 295/295 914/914 1476/1476
f 295/295 1476/1476 913/913
f 293/293 1118/1118 1476/1476
f 293/293 1476/1476 914/914
f 353/353 1053/1053 1477/1477
f 353/353 1477/1477 1120/1120
f 352/352 1097/1097 1477/1477
f 352/352 1477/1477 1053/1053
f 227/227 831/831 1477/1477
f 227/227 1477/1477 1097/1097
f 229/229 830/830 1477/1477
f 229/229 1477/1477 831/831
f 191/191 1120/1120 1477/1477
f 191/191 1477/1477 830/830
f 196/196 787/787 1478/1478
f 196/196 1478/1478 789/789
f 787/787 300/300 924/924
f 787/787 924/924 1478/1478
f 1478/1478 924/924 302/302
f 1478/1478 302/302 922/922
f 789/789 1478/1478 922/922
f 789/789 922/922 194/194
f 198/198 790/790 1479/1479
f 198/198 1479/1479 794/794
f 790/790 304/304 929/929
f 790/790 929/929 1479/1479
f 1479/1479 929/929 306/306
f 1479/1479 306/306 927/927
f 794/794 1479/1479 927/927
f 794/794 927/927 200/200
f 271/271 884/884 1480/1480
f 271/271 1480/1480 880/880
f 884/884 273/273 932/932
f 884/884 932/932 1480/1480
f 1480/1480 932/932 310/310
f 1480/1480 310/310 934/934
f 880/880 1480/1480 934/934
f 880/880 934/934 308/308
f 269/269 879/879 1481/1481
f 269/269 1481/1481 877/877
f 879/879 267/267 937/937
f 879/879 937/937 1481/1481
f 1481/1481 937/937 314/314
f 1481/1481 314/314 939/939
f 877/877 1481/1481 939/939
f 877/877 939/939 312/312
f 384/384 1207/1207 1483/1483
f 384/384 1483/1483 942/942
f 1207/1207 390/390 948/948
f 1207/1207 948/948 1483/1483
f 1482/1482 947/947 172/172
f 1482/1482 172/172 746/746
f 941/941 1482/1482 746/746
f 941/941 746/746 163/163
f 382/382 1205/1205 1484/1484
f 382/382 1484/1484 940/940
f 1205/1205 406/406 970/970
f 1205/1205 970/970 1484/1484
f 1484/1484 970/970 223/223
f 1484/1484 223/223 748/748
f 940/940 1484/1484 748/748
f 940/940 748/748 159/159
f 519/519 1328/1328 1485/1485
f 519/519 1485/1485 950/950
f 1328/1328 521/521 962/962
f 1328/1328 962/962 1485/1485
f 1485/1485 962/962 203/203
f 1485/1485 203/203 749/749
f 950/950 1485/1485 749/749
f 950/950 749/749 174/174
f 386/386 1203/1203 1486/1486
f 386/386 1486/1486 945/945
f 1203/1203 394/394 956/956
f 1203/1203 956/956 1486/1486
f 1486/1486 956/956 187/187
f 1486/1486 187/187 751/751
f 945/945 1486/1486 751/751
f 945/945 751/751 167/167
f 388/388 1199/1199 1487/1487
f 388/388 1487/1487 946/946
f 1201/1201 384/384 942/942
f 1201/1201 942/942 1488/1488
f 1488/1488 942/942 162/162
f 1488/1488 162/162 756/756
f 946/946 1487/1487 755/755
f 946/946 755/755 170/170
f 390/390 1197/1197 1490/1490
f 390/390 1490/1490 948/948
f 1197/1197 400/400 967/967
f 1197/1197 967/967 1490/1490
f 1489/1489 966/966 210/210
f 1489/1489 210/210 759/759
f 947/947 1489/1489 759/759
f 947/947 759/759 172/172
f 331/331 1033/1033 1491/1491
f 331/331 1491/1491 1104/1104
f 330/330 1106/1106 1491/1491
f 330/330 1491/1491 1033/1033
f 140/140 723/723 1491/1491
f 140/140 1491/1491 1106/1106
f 142/142 1108/1108 1491/1491
f 142/142 1491/1491 723/723
f 339/339 1036/1036 1491/1491
f 339/339 1491/1491 1108/1108
f 344/344 1104/1104 1491/1491
f 344/344 1491/1491 1036/1036
f 513/513 1326/1326 1493/1493
f 513/513 1493/1493 943/943
f 1324/1324 517/517 949/949
f 1324/1324 949/949 1492/1492
f 1492/1492 949/949 173/173
f 1492/1492 173/173 760/760
f 943/943 1493/1493 761/761
f 943/943 761/761 164/164
f 507/507 1314/1314 1494/1494
f 507/507 1494/1494 954/954
f 1314/1314 509/509 964/964
f 1314/1314 964/964 1494/1494
f 1494/1494 964/964 207/207
f 1494/1494 207/207 768/768
f 954/954 1494/1494 768/768
f 954/954 768/768 180/180
f 500/500 1309/1309 1495/1495
f 500/500 1495/1495 951/951
f 1311/1311 505/505 953/953
f 1311/1311 953/953 1496/1496
f 1496/1496 953/953 179/179
f 1496/1496 179/179 770/770
f 951/951 1495/1495 771/771
f 951/951 771/771 176/176
f 393/393 1195/1195 1497/1497
f 393/393 1497/1497 955/955
f 1195/1195 388/388 946/946
f 1195/1195 946/946 1497/1497
f 1497/1497 946/946 170/170
f 1497/1497 170/170 774/774
f 955/955 1497/1497 774/774
f 955/955 774/774 184/184
f 394/394 1194/1194 1498/1498
f 394/394 1498/1498 956/956
f 1194/1194 402/402 968/968
f 1194/1194 968/968 1498/1498
f 1498/1498 968/968 215/215
f 1498/1498 215/215 780/780
f 956/956 1498/1498 780/780
f 956/956 780/780 187/187
f 333/333 1035/1035 1499/1499
f 333/333 1499/1499 1098/1098
f 332/332 1099/1099 1499/1499
f 332/332 1499/1499 1035/1035
f 35/35 588/588 1499/1499
f 35/35 1499/1499 1099/1099
f 12/12 1088/1088 1499/1499
f 12/12 1499/1499 588/588
f 321/321 1024/1024 1499/1499
f 321/321 1499/1499 1088/1088
f 320/320 1098/1098 1499/1499
f 320/320 1499/1499 1024/1024
f 399/399 1192/1192 1500/1500
f 399/399 1500/1500 958/958
f 1192/1192 408/408 972/972
f 1192/1192 972/972 1500/1500
f 1500/1500 972/972 228/228
f 1500/1500 228/228 786/786
f 958/958 1500/1500 786/786
f 958/958 786/786 195/195
f 38/38 591/591 1501/1501
f 38/38 1501/1501 1341/1341
f 591/591 143/143 1334/1334
f 591/591 1334/1334 1501/1501
f 1501/1501 1334/1334 527/527
f 1501/1501 527/527 1355/1355
f 1341/1341 1501/1501 1355/1355
f 1341/1341 1355/1355 537/537
f 40/40 594/594 1502/1502
f 40/40 1502/1502 1278/1278
f 594/594 147/147 1366/1366
f 594/594 1366/1366 1502/1502
f 1502/1502 1366/1366 547/547
f 1502/1502 547/547 1370/1370
f 1278/1278 1502/1502 1370/1370
f 1278/1278 1370/1370 487/487
f 42/42 596/596 1503/1503
f 42/42 1503/1503 1345/1345
f 596/596 75/75 1339/1339
f 596/596 1339/1339 1503/1503
f 1503/1503 1339/1339 533/533
f 1503/1503 533/533 1346/1346
f 1345/1345 1503/1503 1346/1346
f 1345/1345 1346/1346 544/544
f 44/44 599/599 1504/1504
f 44/44 1504/1504 1319/1319
f 599/599 145/145 1329/1329
f 599/599 1329/1329 1504/1504
f 1504/1504 1329/1329 524/524
f 1504/1504 524/524 1330/1330
f 1319/1319 1504/1504 1330/1330
f 1319/1319 1330/1330 520/520
f 522/522 1321/1321 1505/1505
f 522/522 1505/1505 963/963
f 1321/1321 514/514 944/944
f 1321/1321 944/944 1505/1505
f 1505/1505 944/944 166/166
f 1505/1505 166/166 798/798
f 963/963 1505/1505 798/798
f 963/963 798/798 205/205
f 48/48 604/604 1506/1506
f 48/48 1506/1506 1305/1305
f 604/604 149/149 1343/1343
f 604/604 1343/1343 1506/1506
f 1506/1506 1343/1343 540/540
f 1506/1506 540/540 1364/1364
f 1305/1305 1506/1506 1364/1364
f 1305/1305 1364/1364 508/508
f 510/510 1307/1307 1507/1507
f 510/510 1507/1507 965/965
f 1307/1307 502/502 952/952
f 1307/1307 952/952 1507/1507
f 1507/1507 952/952 177/177
f 1507/1507 177/177 802/802
f 965/965 1507/1507 802/802
f 965/965 802/802 209/209
f 402/402 1189/1189 1508/1508
f 402/402 1508/1508 968/968
f 1189/1189 393/393 955/955
f 1189/1189 955/955 1508/1508
f 1508/1508 955/955 184/184
f 1508/1508 184/184 809/809
f 968/968 1508/1508 809/809
f 968/968 809/809 215/215
f 405/405 1187/1187 1509/1509
f 405/405 1509/1509 969/969
f 1187/1187 386/386 945/945
f 1187/1187 945/945 1509/1509
f 1509/1509 945/945 167/167
f 1509/1509 167/167 815/815
f 969/969 1509/1509 815/815
f 969/969 815/815 219/219
f 406/406 1185/1185 1510/1510
f 406/406 1510/1510 970/970
f 1185/1185 405/405 969/969
f 1185/1185 969/969 1510/1510
f 1510/1510 969/969 219/219
f 1510/1510 219/219 822/822
f 970/970 1510/1510 822/822
f 970/970 822/822 223/223
f 69/69 631/631 1511/1511
f 69/69 1511/1511 1338/1338
f 631/631 38/38 1341/1341
f 631/631 1341/1341 1511/1511
f 1511/1511 1341/1341 537/537
f 1511/1511 537/537 1353/1353
f 1338/1338 1511/1511 1353/1353
f 1338/1338 1353/1353 531/531
f 408/408 1183/1183 1512/1512
f 408/408 1512/1512 972/972
f 1183/1183 396/396 957/957
f 1183/1183 957/957 1512/1512
f 1512/1512 957/957 190/190
f 1512/1512 190/190 829/829
f 972/972 1512/1512 829/829
f 972/972 829/829 228/228
f 73/73 636/636 1513/1513
f 73/73 1513/1513 1283/1283
f 636/636 40/40 1278/1278
f 636/636 1278/1278 1513/1513
f 1513/1513 1278/1278 487/487
f 1513/1513 487/487 1290/1290
f 1283/1283 1513/1513 1290/1290
f 1283/1283 1290/1290 496/496
f 317/317 1016/1016 1514/1514
f 317/317 1514/1514 1095/1095
f 322/322 1089/1089 1514/1514
f 322/322 1514/1514 1016/1016
f 32/32 633/633 1514/1514
f 32/32 1514/1514 1089/1089
f 71/71 635/635 1514/1514
f 71/71 1514/1514 633/633
f 70/70 1095/1095 1514/1514
f 70/70 1514/1514 635/635
f 396/396 1181/1181 1515/1515
f 396/396 1515/1515 957/957
f 1181/1181 382/382 940/940
f 1181/1181 940/940 1515/1515
f 1515/1515 940/940 159/159
f 1515/1515 159/159 835/835
f 957/957 1515/1515 835/835
f 957/957 835/835 190/190
f 419/419 1180/1180 1517/1517
f 419/419 1517/1517 983/983
f 1180/1180 413/413 977/977
f 1180/1180 977/977 1517/1517
f 1516/1516 976/976 238/238
f 1516/1516 238/238 837/837
f 982/982 1516/1516 837/837
f 982/982 837/837 247/247
f 433/433 1178/1178 1518/1518
f 433/433 1518/1518 1003/1003
f 1178/1178 411/411 975/975
f 1178/1178 975/975 1518/1518
f 1518/1518 975/975 234/234
f 1518/1518 234/234 839/839
f 1003/1003 1518/1518 839/839
f 1003/1003 839/839 290/290
f 118/118 645/645 1519/1519
f 118/118 1519/1519 1213/1213
f 645/645 92/92 1212/1212
f 645/645 1212/1212 1519/1519
f 1519/1519 1212/1212 443/443
f 1519/1519 443/443 1224/1224
f 1213/1213 1519/1519 1224/1224
f 1213/1213 1224/1224 445/445
f 423/423 1176/1176 1520/1520
f 423/423 1520/1520 991/991
f 1176/1176 415/415 980/980
f 1176/1176 980/980 1520/1520
f 1520/1520 980/980 242/242
f 1520/1520 242/242 842/842
f 991/991 1520/1520 842/842
f 991/991 842/842 262/262
f 413/413 1174/1174 1522/1522
f 413/413 1522/1522 977/977
f 1172/1172 417/417 981/981
f 1172/1172 981/981 1521/1521
f 1521/1521 981/981 245/245
f 1521/1521 245/245 846/846
f 977/977 1522/1522 847/847
f 977/977 847/847 237/237
f 400/400 1169/1169 1524/1524
f 400/400 1524/1524 967/967
f 1169/1169 419/419 983/983
f 1169/1169 983/983 1524/1524
f 1523/1523 982/982 247/247
f 1523/1523 247/247 850/850
f 966/966 1523/1523 850/850
f 966/966 850/850 210/210
f 342/342 1043/1043 1525/1525
f 342/342 1525/1525 1112/1112
f 341/341 1114/1114 1525/1525
f 341/341 1525/1525 1043/1043
f 136/136 720/720 1525/1525
f 136/136 1525/1525 1114/1114
f 137/137 718/718 1525/1525
f 137/137 1525/1525 720/720
f 108/108 1112/1112 1525/1525
f 108/108 1525/1525 718/718
f 91/91 657/657 1526/1526
f 91/91 1526/1526 1211/1211
f 658/658 81/81 1214/1214
f 658/658 1214/1214 1527/1527
f 1527/1527 1214/1214 446/446
f 1527/1527 446/446 1230/1230
f 1211/1211 1526/1526 1228/1228
f 1211/1211 1228/1228 441/441
f 122/122 664/664 1528/1528
f 122/122 1528/1528 1246/1246
f 664/664 98/98 1243/1243
f 664/664 1243/1243 1528/1528
f 1528/1528 1243/1243 473/473
f 1528/1528 473/473 1252/1252
f 1246/1246 1528/1528 1252/1252
f 1246/1246 1252/1252 479/479
f 97/97 667/667 1530/1530
f 97/97 1530/1530 1242/1242
f 666/666 94/94 1234/1234
f 666/666 1234/1234 1529/1529
f 1529/1529 1234/1234 454/454
f 1529/1529 454/454 1258/1258
f 1242/1242 1530/1530 1260/1260
f 1242/1242 1260/1260 471/471
f 417/417 1168/1168 1531/1531
f 417/417 1531/1531 981/981
f 1168/1168 420/420 990/990
f 1168/1168 990/990 1531/1531
f 1531/1531 990/990 259/259
f 1531/1531 259/259 864/864
f 981/981 1531/1531 864/864
f 981/981 864/864 245/245
f 429/429 1165/1165 1532/1532
f 429/429 1532/1532 1001/1001
f 1165/1165 423/423 991/991
f 1165/1165 991/991 1532/1532
f 1532/1532 991/991 262/262
f 1532/1532 262/262 870/870
f 1001/1001 1532/1532 870/870
f 1001/1001 870/870 284/284
f 88/88 1109/1109 1533/1533
f 88/88 1533/1533 654/654
f 343/343 1044/1044 1533/1533
f 343/343 1533/1533 1109/1109
f 342/342 1112/1112 1533/1533
f 342/342 1533/1533 1044/1044
f 108/108 724/724 1533/1533
f 108/108 1533/1533 1112/1112
f 77/77 654/654 1533/1533
f 77/77 1533/1533 724/724
f 434/434 1163/1163 1534/1534
f 434/434 1534/1534 1005/1005
f 1163/1163 426/426 993/993
f 1163/1163 993/993 1534/1534
f 1534/1534 993/993 268/268
f 1534/1534 268/268 876/876
f 1005/1005 1534/1534 876/876
f 1005/1005 876/876 294/294
f 155/155 683/683 1535/1535
f 155/155 1535/1535 1216/1216
f 683/683 112/112 1231/1231
f 683/683 1231/1231 1535/1535
f 1535/1535 1231/1231 452/452
f 1535/1535 452/452 1232/1232
f 1216/1216 1535/1535 1232/1232
f 1216/1216 1232/1232 450/450
f 151/151 686/686 1536/1536
f 151/151 1536/1536 1272/1272
f 686/686 114/114 1284/1284
f 686/686 1284/1284 1536/1536
f 1536/1536 1284/1284 498/498
f 1536/1536 498/498 1291/1291
f 1272/1272 1536/1536 1291/1291
f 1272/1272 1291/1291 482/482
f 141/141 688/688 1537/1537
f 141/141 1537/1537 1239/1239
f 688/688 116/116 1241/1241
f 688/688 1241/1241 1537/1537
f 1537/1537 1241/1241 469/469
f 1537/1537 469/469 1264/1264
f 1239/1239 1537/1537 1264/1264
f 1239/1239 1264/1264 464/464
f 157/157 691/691 1538/1538
f 157/157 1538/1538 1209/1209
f 691/691 118/118 1213/1213
f 691/691 1213/1213 1538/1538
f 1538/1538 1213/1213 445/445
f 1538/1538 445/445 1226/1226
f 1209/1209 1538/1538 1226/1226
f 1209/1209 1226/1226 437/437
f 82/82 693/693 1539/1539
f 82/82 1539/1539 1215/1215
f 693/693 120/120 1210/1210
f 693/693 1210/1210 1539/1539
f 1539/1539 1210/1210 438/438
f 1539/1539 438/438 1219/1219
f 1215/1215 1539/1539 1219/1219
f 1215/1215 1219/1219 448/448
f 153/153 696/696 1540/1540
f 153/153 1540/1540 1245/1245
f 696/696 122/122 1246/1246
f 696/696 1246/1246 1540/1540
f 1540/1540 1246/1246 479/479
f 1540/1540 479/479 1256/1256
f 1245/1245 1540/1540 1256/1256
f 1245/1245 1256/1256 477/477
f 95/95 698/698 1541/1541
f 95/95 1541/1541 1235/1235
f 698/698 124/124 1271/1271
f 698/698 1271/1271 1541/1541
f 1541/1541 1271/1271 480/480
f 1541/1541 480/480 1275/1275
f 1235/1235 1541/1541 1275/1275
f 1235/1235 1275/1275 456/456
f 420/420 1162/1162 1542/1542
f 420/420 1542/1542 990/990
f 1162/1162 429/429 1001/1001
f 1162/1162 1001/1001 1542/1542
f 1542/1542 1001/1001 284/284
f 1542/1542 284/284 895/895
f 990/990 1542/1542 895/895
f 990/990 895/895 259/259
f 415/415 1160/1160 1543/1543
f 415/415 1543/1543 980/980
f 1160/1160 430/430 1002/1002
f 1160/1160 1002/1002 1543/1543
f 1543/1543 1002/1002 287/287
f 1543/1543 287/287 900/900
f 980/980 1543/1543 900/900
f 980/980 900/900 242/242
f 430/430 1158/1158 1544/1544
f 430/430 1544/1544 1002/1002
f 1158/1158 433/433 1003/1003
f 1158/1158 1003/1003 1544/1544
f 1544/1544 1003/1003 290/290
f 1544/1544 290/290 906/906
f 1002/1002 1544/1544 906/906
f 1002/1002 906/906 287/287
f 112/112 716/716 1545/1545
f 112/112 1545/1545 1231/1231
f 716/716 135/135 1238/1238
f 716/716 1238/1238 1545/1545
f 1545/1545 1238/1238 463/463
f 1545/1545 463/463 1269/1269
f 1231/1231 1545/1545 1269/1269
f 1231/1231 1269/1269 452/452
f 425/425 1156/1156 1546/1546
f 425/425 1546/1546 992/992
f 1156/1156 434/434 1005/1005
f 1156/1156 1005/1005 1546/1546
f 1546/1546 1005/1005 294/294
f 1546/1546 294/294 912/912
f 992/992 1546/1546 912/912
f 992/992 912/912 265/265
f 114/114 721/721 1547/1547
f 114/114 1547/1547 1284/1284
f 721/721 139/139 1282/1282
f 721/721 1282/1282 1547/1547
f 1547/1547 1282/1282 495/495
f 1547/1547 495/495 1295/1295
f 1284/1284 1547/1547 1295/1295
f 1284/1284 1295/1295 498/498
f 135/135 1113/1113 1548/1548
f 135/135 1548/1548 1238/1238
f 1113/1113 340/340 1087/1087
f 1113/1113 1087/1087 1548/1548
f 1548/1548 1087/1087 460/460
f 1548/1548 460/460 1266/1266
f 1238/1238 1548/1548 1266/1266
f 1238/1238 1266/1266 463/463
f 411/411 1154/1154 1549/1549
f 411/411 1549/1549 975/975
f 1154/1154 425/425 992/992
f 1154/1154 992/992 1549/1549
f 1549/1549 992/992 265/265
f 1549/1549 265/265 918/918
f 975/975 1549/1549 918/918
f 975/975 918/918 234/234
f 143/143 726/726 1550/1550
f 143/143 1550/1550 1334/1334
f 726/726 46/46 1320/1320
f 726/726 1320/1320 1550/1550
f 1550/1550 1320/1320 523/523
f 1550/1550 523/523 1336/1336
f 1334/1334 1550/1550 1336/1336
f 1334/1334 1336/1336 527/527
f 145/145 728/728 1551/1551
f 145/145 1551/1551 1329/1329
f 728/728 36/36 1134/1134
f 728/728 1134/1134 1551/1551
f 1551/1551 1134/1134 398/398
f 1551/1551 398/398 1332/1332
f 1329/1329 1551/1551 1332/1332
f 1329/1329 1332/1332 524/524
f 147/147 731/731 1552/1552
f 147/147 1552/1552 1366/1366
f 731/731 50/50 1306/1306
f 731/731 1306/1306 1552/1552
f 1552/1552 1306/1306 511/511
f 1552/1552 511/511 1368/1368
f 1366/1366 1552/1552 1368/1368
f 1366/1366 1368/1368 547/547
f 149/149 733/733 1553/1553
f 149/149 1553/1553 1343/1343
f 733/733 42/42 1345/1345
f 733/733 1345/1345 1553/1553
f 1553/1553 1345/1345 544/544
f 1553/1553 544/544 1350/1350
f 1343/1343 1553/1553 1350/1350
f 1343/1343 1350/1350 540/540
f 124/124 736/736 1554/1554
f 124/124 1554/1554 1271/1271
f 736/736 151/151 1272/1272
f 736/736 1272/1272 1554/1554
f 1554/1554 1272/1272 482/482
f 1554/1554 482/482 1273/1273
f 1271/1271 1554/1554 1273/1273
f 1271/1271 1273/1273 480/480
f 116/116 738/738 1555/1555
f 116/116 1555/1555 1241/1241
f 738/738 153/153 1245/1245
f 738/738 1245/1245 1555/1555
f 1555/1555 1245/1245 477/477
f 1555/1555 477/477 1248/1248
f 1241/1241 1555/1555 1248/1248
f 1241/1241 1248/1248 469/469
f 120/120 741/741 1556/1556
f 120/120 1556/1556 1210/1210
f 741/741 155/155 1216/1216
f 741/741 1216/1216 1556/1556
f 1556/1556 1216/1216 450/450
f 1556/1556 450/450 1217/1217
f 1210/1210 1556/1556 1217/1217
f 1210/1210 1217/1217 438/438
f 110/110 743/743 1557/1557
f 110/110 1557/1557 1148/1148
f 743/743 157/157 1209/1209
f 743/743 1209/1209 1557/1557
f 1557/1557 1209/1209 437/437
f 1557/1557 437/437 1222/1222
f 1148/1148 1557/1557 1222/1222
f 1148/1148 1222/1222 427/427
f 317/317 1018/1018 1558/1558
f 317/317 1558/1558 1016/1016
f 324/324 1020/1020 1558/1558
f 324/324 1558/1558 1018/1018
f 326/326 1022/1022 1558/1558
f 326/326 1558/1558 1020/1020
f 319/319 1023/1023 1558/1558
f 319/319 1558/1558 1022/1022
f 320/320 1024/1024 1558/1558
f 320/320 1558/1558 1023/1023
f 321/321 1025/1025 1558/1558
f 321/321 1558/1558 1024/1024
f 322/322 1016/1016 1558/1558
f 322/322 1558/1558 1025/1025
f 328/328 1028/1028 1559/1559
f 328/328 1559/1559 1026/1026
f 335/335 1030/1030 1559/1559
f 335/335 1559/1559 1028/1028
f 337/337 1032/1032 1559/1559
f 337/337 1559/1559 1030/1030
f 330/330 1033/1033 1559/1559
f 330/330 1559/1559 1032/1032
f 331/331 1034/1034 1559/1559
f 331/331 1559/1559 1033/1033
f 332/332 1035/1035 1559/1559
f 332/332 1559/1559 1034/1034
f 333/333 1026/1026 1559/1559
f 333/333 1559/1559 1035/1035
f 339/339 1038/1038 1560/1560
f 339/339 1560/1560 1036/1036
f 346/346 1040/1040 1560/1560
f 346/346 1560/1560 1038/1038
f 348/348 1042/1042 1560/1560
f 348/348 1560/1560 1040/1040
f 341/341 1043/1043 1560/1560
f 341/341 1560/1560 1042/1042
f 342/342 1044/1044 1560/1560
f 342/342 1560/1560 1043/1043
f 343/343 1045/1045 1560/1560
f 343/343 1560/1560 1044/1044
f 344/344 1036/1036 1560/1560
f 344/344 1560/1560 1045/1045
f 350/350 1048/1048 1561/1561
f 350/350 1561/1561 1046/1046
f 357/357 1050/1050 1561/1561
f 357/357 1561/1561 1048/1048
f 359/359 1052/1052 1561/1561
f 359/359 1561/1561 1050/1050
f 352/352 1053/1053 1561/1561
f 352/352 1561/1561 1052/1052
f 353/353 1054/1054 1561/1561
f 353/353 1561/1561 1053/1053
f 354/354 1055/1055 1561/1561
f 354/354 1561/1561 1054/1054
f 355/355 1046/1046 1561/1561
f 355/355 1561/1561 1055/1055
f 361/361 1058/1058 1562/1562
f 361/361 1562/1562 1056/1056
f 368/368 1060/1060 1562/1562
f 368/368 1562/1562 1058/1058
f 370/370 1062/1062 1562/1562
f 370/370 1562/1562 1060/1060
f 363/363 1063/1063 1562/1562
f 363/363 1562/1562 1062/1062
f 364/364 1064/1064 1562/1562
f 364/364 1562/1562 1063/1063
f 365/365 1065/1065 1562/1562
f 365/365 1562/1562 1064/1064
f 366/366 1056/1056 1562/1562
f 366/366 1562/1562 1065/1065
f 372/372 1068/1068 1563/1563
f 372/372 1563/1563 1066/1066
f 379/379 1070/1070 1563/1563
f 379/379 1563/1563 1068/1068
f 381/381 1072/1072 1563/1563
f 381/381 1563/1563 1070/1070
f 374/374 1073/1073 1563/1563
f 374/374 1563/1563 1072/1072
f 375/375 1074/1074 1563/1563
f 375/375 1563/1563 1073/1073
f 376/376 1075/1075 1563/1563
f 376/376 1563/1563 1074/1074
f 377/377 1066/1066 1563/1563
f 377/377 1563/1563 1075/1075
f 316/316 1340/1340 1564/1564
f 316/316 1564/1564 1017/1017
f 1340/1340 534/534 1356/1356
f 1340/1340 1356/1356 1564/1564
f 1564/1564 1356/1356 528/528
f 1564/1564 528/528 1077/1077
f 1017/1017 1564/1564 1077/1077
f 1017/1017 1077/1077 323/323
f 323/323 1077/1077 1565/1565
f 323/323 1565/1565 1019/1019
f 1077/1077 528/528 1363/1363
f 1077/1077 1363/1363 1565/1565
f 1565/1565 1363/1363 543/543
f 1565/1565 543/543 1078/1078
f 1019/1019 1565/1565 1078/1078
f 1019/1019 1078/1078 325/325
f 325/325 1078/1078 1566/1566
f 325/325 1566/1566 1021/1021
f 1078/1078 543/543 1349/1349
f 1078/1078 1349/1349 1566/1566
f 1566/1566 1349/1349 539/539
f 1566/1566 539/539 1079/1079
f 1021/1021 1566/1566 1079/1079
f 1021/1021 1079/1079 318/318
f 327/327 1279/1279 1567/1567
f 327/327 1567/1567 1027/1027
f 1279/1279 488/488 1293/1293
f 1279/1279 1293/1293 1567/1567
f 1567/1567 1293/1293 484/484
f 1567/1567 484/484 1081/1081
f 1027/1027 1567/1567 1081/1081
f 1027/1027 1081/1081 334/334
f 334/334 1081/1081 1568/1568
f 334/334 1568/1568 1029/1029
f 1081/1081 484/484 1299/1299
f 1081/1081 1299/1299 1568/1568
f 1568/1568 1299/1299 493/493
f 1568/1568 493/493 1082/1082
f 1029/1029 1568/1568 1082/1082
f 1029/1029 1082/1082 336/336
f 336/336 1082/1082 1569/1569
f 336/336 1569/1569 1031/1031
f 1082/1082 493/493 1286/1286
f 1082/1082 1286/1286 1569/1569
f 1569/1569 1286/1286 491/491
f 1569/1569 491/491 1083/1083
f 1031/1031 1569/1569 1083/1083
f 1031/1031 1083/1083 329/329
f 338/338 1236/1236 1570/1570
f 338/338 1570/1570 1037/1037
f 1236/1236 458/458 1253/1253
f 1236/1236 1253/1253 1570/1570
f 1570/1570 1253/1253 474/474
f 1570/1570 474/474 1085/1085
f 1037/1037 1570/1570 1085/1085
f 1037/1037 1085/1085 345/345
f 345/345 1085/1085 1571/1571
f 345/345 1571/1571 1039/1039
f 1085/1085 474/474 1261/1261
f 1085/1085 1261/1261 1571/1571
f 1571/1571 1261/1261 466/466
f 1571/1571 466/466 1086/1086
f 1039/1039 1571/1571 1086/1086
f 1039/1039 1086/1086 347/347
f 347/347 1086/1086 1572/1572
f 347/347 1572/1572 1041/1041
f 1086/1086 466/466 1267/1267
f 1086/1086 1267/1267 1572/1572
f 1572/1572 1267/1267 460/460
f 1572/1572 460/460 1087/1087
f 1041/1041 1572/1572 1087/1087
f 1041/1041 1087/1087 340/340
f 12/12 561/561 1573/1573
f 12/12 1573/1573 1088/1088
f 1/1 639/639 1573/1573
f 1/1 1573/1573 561/561
f 32/32 1089/1089 1573/1573
f 32/32 1573/1573 639/639
f 322/322 1025/1025 1573/1573
f 322/322 1573/1573 1089/1089
f 321/321 1088/1088 1573/1573
f 321/321 1573/1573 1025/1025
f 78/78 725/725 1574/1574
f 78/78 1574/1574 1140/1140
f 725/725 109/109 1147/1147
f 725/725 1147/1147 1574/1574
f 1574/1574 1147/1147 424/424
f 1574/1574 424/424 1153/1153
f 1140/1140 1574/1574 1153/1153
f 1140/1140 1153/1153 410/410
f 109/109 719/719 1575/1575
f 109/109 1575/1575 1147/1147
f 719/719 138/138 1152/1152
f 719/719 1152/1152 1575/1575
f 1575/1575 1152/1152 435/435
f 1575/1575 435/435 1155/1155
f 1147/1147 1575/1575 1155/1155
f 1147/1147 1155/1155 424/424
f 130/130 712/712 1576/1576
f 130/130 1576/1576 1150/1150
f 712/712 133/133 1151/1151
f 712/712 1151/1151 1576/1576
f 1576/1576 1151/1151 432/432
f 1576/1576 432/432 1157/1157
f 1150/1150 1576/1576 1157/1157
f 1150/1150 1157/1157 431/431
f 85/85 707/707 1577/1577
f 85/85 1577/1577 1142/1142
f 707/707 130/130 1150/1150
f 707/707 1150/1150 1577/1577
f 1577/1577 1150/1150 431/431
f 1577/1577 431/431 1159/1159
f 1142/1142 1577/1577 1159/1159
f 1142/1142 1159/1159 414/414
f 102/102 701/701 1578/1578
f 102/102 1578/1578 1145/1145
f 701/701 126/126 1149/1149
f 701/701 1149/1149 1578/1578
f 1578/1578 1149/1149 428/428
f 1578/1578 428/428 1161/1161
f 1145/1145 1578/1578 1161/1161
f 1145/1145 1161/1161 421/421
f 138/138 681/681 1579/1579
f 138/138 1579/1579 1152/1152
f 681/681 110/110 1148/1148
f 681/681 1148/1148 1579/1579
f 1579/1579 1148/1148 427/427
f 1579/1579 427/427 1164/1164
f 1152/1152 1579/1579 1164/1164
f 1152/1152 1164/1164 435/435
f 126/126 675/675 1580/1580
f 126/126 1580/1580 1149/1149
f 675/675 106/106 1146/1146
f 675/675 1146/1146 1580/1580
f 1580/1580 1146/1146 422/422
f 1580/1580 422/422 1166/1166
f 1149/1149 1580/1580 1166/1166
f 1149/1149 1166/1166 428/428
f 87/87 670/670 1581/1581
f 87/87 1581/1581 1143/1143
f 670/670 102/102 1145/1145
f 670/670 1145/1145 1581/1581
f 1581/1581 1145/1145 421/421
f 1581/1581 421/421 1167/1167
f 1143/1143 1581/1581 1167/1167
f 1143/1143 1167/1167 416/416
f 53/53 656/656 1582/1582
f 53/53 1582/1582 1135/1135
f 656/656 90/90 1144/1144
f 656/656 1144/1144 1582/1582
f 1582/1582 1144/1144 418/418
f 1582/1582 418/418 1170/1170
f 1135/1135 1582/1582 1170/1170
f 1135/1135 1170/1170 401/401
f 80/80 652/652 1584/1584
f 80/80 1584/1584 1141/1141
f 651/651 87/87 1143/1143
f 651/651 1143/1143 1583/1583
f 1583/1583 1143/1143 416/416
f 1583/1583 416/416 1171/1171
f 1141/1141 1584/1584 1173/1173
f 1141/1141 1173/1173 412/412
f 106/106 648/648 1585/1585
f 106/106 1585/1585 1146/1146
f 648/648 85/85 1142/1142
f 648/648 1142/1142 1585/1585
f 1585/1585 1142/1142 414/414
f 1585/1585 414/414 1175/1175
f 1146/1146 1585/1585 1175/1175
f 1146/1146 1175/1175 422/422
f 133/133 644/644 1586/1586
f 133/133 1586/1586 1151/1151
f 644/644 78/78 1140/1140
f 644/644 1140/1140 1586/1586
f 1586/1586 1140/1140 410/410
f 1586/1586 410/410 1177/1177
f 1151/1151 1586/1586 1177/1177
f 1151/1151 1177/1177 432/432
f 90/90 642/642 1587/1587
f 90/90 1587/1587 1144/1144
f 642/642 80/80 1141/1141
f 642/642 1141/1141 1587/1587
f 1587/1587 1141/1141 412/412
f 1587/1587 412/412 1179/1179
f 1144/1144 1587/1587 1179/1179
f 1144/1144 1179/1179 418/418
f 33/33 640/640 1588/1588
f 33/33 1588/1588 1133/1133
f 640/640 2/2 1126/1126
f 640/640 1126/1126 1588/1588
f 1588/1588 1126/1126 383/383
f 1588/1588 383/383 1182/1182
f 1133/1133 1588/1588 1182/1182
f 1133/1133 1182/1182 397/397
f 72/72 634/634 1589/1589
f 72/72 1589/1589 1139/1139
f 634/634 33/33 1133/1133
f 634/634 1133/1133 1589/1589
f 1589/1589 1133/1133 397/397
f 1589/1589 397/397 1184/1184
f 1139/1139 1589/1589 1184/1184
f 1139/1139 1184/1184 409/409
f 66/66 626/626 1590/1590
f 66/66 1590/1590 1138/1138
f 626/626 62/62 1137/1137
f 626/626 1137/1137 1590/1590
f 1590/1590 1137/1137 404/404
f 1590/1590 404/404 1186/1186
f 1138/1138 1590/1590 1186/1186
f 1138/1138 1186/1186 407/407
f 62/62 620/620 1591/1591
f 62/62 1591/1591 1137/1137
f 620/620 9/9 1128/1128
f 620/620 1128/1128 1591/1591
f 1591/1591 1128/1128 387/387
f 1591/1591 387/387 1188/1188
f 1137/1137 1591/1591 1188/1188
f 1137/1137 1188/1188 404/404
f 57/57 613/613 1592/1592
f 57/57 1592/1592 1136/1136
f 613/613 26/26 1131/1131
f 613/613 1131/1131 1592/1592
f 1592/1592 1131/1131 392/392
f 1592/1592 392/392 1190/1190
f 1136/1136 1592/1592 1190/1190
f 1136/1136 1190/1190 403/403
f 36/36 589/589 1593/1593
f 36/36 1593/1593 1134/1134
f 589/589 72/72 1139/1139
f 589/589 1139/1139 1593/1593
f 1593/1593 1139/1139 409/409
f 1593/1593 409/409 1191/1191
f 1134/1134 1593/1593 1191/1191
f 1134/1134 1191/1191 398/398
f 30/30 583/583 1594/1594
f 30/30 1594/1594 1132/1132
f 583/583 57/57 1136/1136
f 583/583 1136/1136 1594/1594
f 1594/1594 1136/1136 403/403
f 1594/1594 403/403 1193/1193
f 1132/1132 1594/1594 1193/1193
f 1132/1132 1193/1193 395/395
f 26/26 578/578 1595/1595
f 26/26 1595/1595 1131/1131
f 578/578 11/11 1129/1129
f 578/578 1129/1129 1595/1595
f 1595/1595 1129/1129 389/389
f 1595/1595 389/389 1196/1196
f 1131/1131 1595/1595 1196/1196
f 1131/1131 1196/1196 392/392
f 14/14 563/563 1596/1596
f 14/14 1596/1596 1130/1130
f 563/563 53/53 1135/1135
f 563/563 1135/1135 1596/1596
f 1596/1596 1135/1135 401/401
f 1596/1596 401/401 1198/1198
f 1130/1130 1596/1596 1198/1198
f 1130/1130 1198/1198 391/391
f 11/11 558/558 1597/1597
f 11/11 1597/1597 1129/1129
f 559/559 4/4 1127/1127
f 559/559 1127/1127 1598/1598
f 1598/1598 1127/1127 385/385
f 1598/1598 385/385 1202/1202
f 1129/1129 1597/1597 1200/1200
f 1129/1129 1200/1200 389/389
f 9/9 555/555 1599/1599
f 9/9 1599/1599 1128/1128
f 555/555 30/30 1132/1132
f 555/555 1132/1132 1599/1599
f 1599/1599 1132/1132 395/395
f 1599/1599 395/395 1204/1204
f 1128/1128 1599/1599 1204/1204
f 1128/1128 1204/1204 387/387
f 2/2 551/551 1600/1600
f 2/2 1600/1600 1126/1126
f 551/551 66/66 1138/1138
f 551/551 1138/1138 1600/1600
f 1600/1600 1138/1138 407/407
f 1600/1600 407/407 1206/1206
f 1126/1126 1600/1600 1206/1206
f 1126/1126 1206/1206 383/383
f 4/4 549/549 1601/1601
f 4/4 1601/1601 1127/1127
f 549/549 14/14 1130/1130
f 549/549 1130/1130 1601/1601
f 1601/1601 1130/1130 391/391
f 1601/1601 391/391 1208/1208
f 1127/1127 1601/1601 1208/1208
f 1127/1127 1208/1208 385/385
f 50/50 606/606 1602/1602
f 50/50 1602/1602 1306/1306
f 606/606 19/19 1302/1302
f 606/606 1302/1302 1602/1602
f 1602/1602 1302/1302 503/503
f 1602/1602 503/503 1308/1308
f 1306/1306 1602/1602 1308/1308
f 1306/1306 1308/1308 511/511
f 439/439 1218/1218 1603/1603
f 439/439 1603/1603 998/998
f 1218/1218 451/451 1014/1014
f 1218/1218 1014/1014 1603/1603
f 1603/1603 1014/1014 313/313
f 1603/1603 313/313 936/936
f 998/998 1603/1603 936/936
f 998/998 936/936 278/278
f 449/449 1220/1220 1604/1604
f 449/449 1604/1604 979/979
f 1220/1220 439/439 998/998
f 1220/1220 998/998 1604/1604
f 1604/1604 998/998 278/278
f 1604/1604 278/278 888/888
f 979/979 1604/1604 888/888
f 979/979 888/888 241/241
f 426/426 1221/1221 1605/1605
f 426/426 1605/1605 993/993
f 1221/1221 436/436 1015/1015
f 1221/1221 1015/1015 1605/1605
f 1605/1605 1015/1015 315/315
f 1605/1605 315/315 938/938
f 993/993 1605/1605 938/938
f 993/993 938/938 268/268
f 444/444 1223/1223 1606/1606
f 444/444 1606/1606 997/997
f 1223/1223 442/442 985/985
f 1223/1223 985/985 1606/1606
f 1606/1606 985/985 249/249
f 1606/1606 249/249 840/840
f 997/997 1606/1606 840/840
f 997/997 840/840 276/276
f 436/436 1225/1225 1607/1607
f 436/436 1607/1607 1015/1015
f 1225/1225 444/444 997/997
f 1225/1225 997/997 1607/1607
f 1607/1607 997/997 276/276
f 1607/1607 276/276 886/886
f 1015/1015 1607/1607 886/886
f 1015/1015 886/886 315/315
f 440/440 1227/1227 1608/1608
f 440/440 1608/1608 984/984
f 1229/1229 447/447 978/978
f 1229/1229 978/978 1609/1609
f 1609/1609 978/978 239/239
f 1609/1609 239/239 852/852
f 984/984 1608/1608 851/851
f 984/984 851/851 248/248
f 451/451 1233/1233 1610/1610
f 451/451 1610/1610 1014/1014
f 1233/1233 453/453 994/994
f 1233/1233 994/994 1610/1610
f 1610/1610 994/994 270/270
f 1610/1610 270/270 878/878
f 1014/1014 1610/1610 878/878
f 1014/1014 878/878 313/313
f 468/468 1247/1247 1611/1611
f 468/468 1611/1611 996/996
f 1247/1247 476/476 1013/1013
f 1247/1247 1013/1013 1611/1611
f 1611/1611 1013/1013 311/311
f 1611/1611 311/311 933/933
f 996/996 1611/1611 933/933
f 996/996 933/933 274/274
f 459/459 1250/1250 1612/1612
f 459/459 1612/1612 1084/1084
f 1250/1250 465/465 1007/1007
f 1250/1250 1007/1007 1612/1612
f 1612/1612 1007/1007 298/298
f 1612/1612 298/298 1115/1115
f 1084/1084 1612/1612 1115/1115
f 1084/1084 1115/1115 373/373
f 478/478 1251/1251 1613/1613
f 478/478 1613/1613 999/999
f 1251/1251 472/472 989/989
f 1251/1251 989/989 1613/1613
f 1613/1613 989/989 255/255
f 1613/1613 255/255 858/858
f 999/999 1613/1613 858/858
f 999/999 858/858 280/280
f 475/475 1254/1254 1614/1614
f 475/475 1614/1614 1244/1244
f 1254/1254 459/459 1084/1084
f 1254/1254 1084/1084 1614/1614
f 1614/1614 1084/1084 373/373
f 1614/1614 373/373 1071/1071
f 1244/1244 1614/1614 1071/1071
f 1244/1244 1071/1071 380/380
f 476/476 1255/1255 1615/1615
f 476/476 1615/1615 1013/1013
f 1255/1255 478/478 999/999
f 1255/1255 999/999 1615/1615
f 1615/1615 999/999 280/280
f 1615/1615 280/280 891/891
f 1013/1013 1615/1615 891/891
f 1013/1013 891/891 311/311
f 470/470 1259/1259 1617/1617
f 470/470 1617/1617 988/988
f 1257/1257 455/455 986/986
f 1257/1257 986/986 1616/1616
f 1616/1616 986/986 251/251
f 1616/1616 251/251 861/861
f 988/988 1617/1617 860/860
f 988/988 860/860 254/254
f 467/467 1262/1262 1618/1618
f 467/467 1618/1618 1240/1240
f 1262/1262 475/475 1244/1244
f 1262/1262 1244/1244 1618/1618
f 1618/1618 1244/1244 380/380
f 1618/1618 380/380 1069/1069
f 1240/1240 1618/1618 1069/1069
f 1240/1240 1069/1069 378/378
f 465/465 1263/1263 1619/1619
f 465/465 1619/1619 1007/1007
f 1263/1263 468/468 996/996
f 1263/1263 996/996 1619/1619
f 1619/1619 996/996 274/274
f 1619/1619 274/274 882/882
f 1007/1007 1619/1619 882/882
f 1007/1007 882/882 298/298
f 462/462 1265/1265 1620/1620
f 462/462 1620/1620 1004/1004
f 1265/1265 461/461 1237/1237
f 1265/1265 1237/1237 1620/1620
f 1620/1620 1237/1237 371/371
f 1620/1620 371/371 1117/1117
f 1004/1004 1620/1620 1117/1117
f 1004/1004 1117/1117 292/292
f 461/461 1268/1268 1621/1621
f 461/461 1621/1621 1237/1237
f 1268/1268 467/467 1240/1240
f 1268/1268 1240/1240 1621/1621
f 1621/1621 1240/1240 378/378
f 1621/1621 378/378 1067/1067
f 1237/1237 1621/1621 1067/1067
f 1237/1237 1067/1067 371/371
f 453/453 1270/1270 1622/1622
f 453/453 1622/1622 994/994
f 1270/1270 462/462 1004/1004
f 1270/1270 1004/1004 1622/1622
f 1622/1622 1004/1004 292/292
f 1622/1622 292/292 910/910
f 994/994 1622/1622 910/910
f 994/994 910/910 270/270
f 481/481 1274/1274 1623/1623
f 481/481 1623/1623 1000/1000
f 1274/1274 483/483 1012/1012
f 1274/1274 1012/1012 1623/1623
f 1623/1623 1012/1012 309/309
f 1623/1623 309/309 931/931
f 1000/1000 1623/1623 931/931
f 1000/1000 931/931 282/282
f 457/457 1276/1276 1624/1624
f 457/457 1624/1624 987/987
f 1276/1276 481/481 1000/1000
f 1276/1276 1000/1000 1624/1624
f 1624/1624 1000/1000 282/282
f 1624/1624 282/282 892/892
f 987/987 1624/1624 892/892
f 987/987 892/892 252/252
f 490/490 1285/1285 1625/1625
f 490/490 1625/1625 1280/1280
f 1285/1285 492/492 1281/1281
f 1285/1285 1281/1281 1625/1625
f 1625/1625 1281/1281 367/367
f 1625/1625 367/367 1057/1057
f 1280/1280 1625/1625 1057/1057
f 1280/1280 1057/1057 360/360
f 489/489 1288/1288 1626/1626
f 489/489 1626/1626 1080/1080
f 1288/1288 497/497 973/973
f 1288/1288 973/973 1626/1626
f 1626/1626 973/973 230/230
f 1626/1626 230/230 1102/1102
f 1080/1080 1626/1626 1102/1102
f 1080/1080 1102/1102 362/362
f 497/497 1289/1289 1627/1627
f 497/497 1627/1627 973/973
f 1289/1289 486/486 960/960
f 1289/1289 960/960 1627/1627
f 1627/1627 960/960 199/199
f 1627/1627 199/199 832/832
f 973/973 1627/1627 832/832
f 973/973 832/832 230/230
f 483/483 1292/1292 1628/1628
f 483/483 1628/1628 1012/1012
f 1292/1292 499/499 995/995
f 1292/1292 995/995 1628/1628
f 1628/1628 995/995 272/272
f 1628/1628 272/272 881/881
f 1012/1012 1628/1628 881/881
f 1012/1012 881/881 309/309
f 485/485 1294/1294 1629/1629
f 485/485 1629/1629 1277/1277
f 1294/1294 489/489 1080/1080
f 1294/1294 1080/1080 1629/1629
f 1629/1629 1080/1080 362/362
f 1629/1629 362/362 1061/1061
f 1277/1277 1629/1629 1061/1061
f 1277/1277 1061/1061 369/369
f 499/499 1296/1296 1630/1630
f 499/499 1630/1630 995/995
f 1296/1296 494/494 1006/1006
f 1296/1296 1006/1006 1630/1630
f 1630/1630 1006/1006 296/296
f 1630/1630 296/296 915/915
f 995/995 1630/1630 915/915
f 995/995 915/915 272/272
f 494/494 1297/1297 1631/1631
f 494/494 1631/1631 1006/1006
f 1297/1297 490/490 1280/1280
f 1297/1297 1280/1280 1631/1631
f 1631/1631 1280/1280 360/360
f 1631/1631 360/360 1110/1110
f 1006/1006 1631/1631 1110/1110
f 1006/1006 1110/1110 296/296
f 492/492 1300/1300 1632/1632
f 492/492 1632/1632 1281/1281
f 1300/1300 485/485 1277/1277
f 1300/1300 1277/1277 1632/1632
f 1632/1632 1277/1277 369/369
f 1632/1632 369/369 1059/1059
f 1281/1281 1632/1632 1059/1059
f 1281/1281 1059/1059 367/367
f 18/18 574/574 1633/1633
f 18/18 1633/1633 1301/1301
f 575/575 21/21 1303/1303
f 575/575 1303/1303 1634/1634
f 1634/1634 1303/1303 504/504
f 1634/1634 504/504 1312/1312
f 1301/1301 1633/1633 1310/1310
f 1301/1301 1310/1310 501/501
f 22/22 572/572 1635/1635
f 22/22 1635/1635 1304/1304
f 572/572 48/48 1305/1305
f 572/572 1305/1305 1635/1635
f 1635/1635 1305/1305 508/508
f 1635/1635 508/508 1313/1313
f 1304/1304 1635/1635 1313/1313
f 1304/1304 1313/1313 506/506
f 46/46 601/601 1636/1636
f 46/46 1636/1636 1320/1320
f 601/601 6/6 1316/1316
f 601/601 1316/1316 1636/1636
f 1636/1636 1316/1316 515/515
f 1636/1636 515/515 1322/1322
f 1320/1320 1636/1636 1322/1322
f 1320/1320 1322/1322 523/523
f 5/5 565/565 1638/1638
f 5/5 1638/1638 1315/1315
f 564/564 15/15 1317/1317
f 564/564 1317/1317 1637/1637
f 1637/1637 1317/1317 516/516
f 1637/1637 516/516 1323/1323
f 1315/1315 1638/1638 1325/1325
f 1315/1315 1325/1325 512/512
f 16/16 552/552 1639/1639
f 16/16 1639/1639 1318/1318
f 552/552 44/44 1319/1319
f 552/552 1319/1319 1639/1639
f 1639/1639 1319/1319 520/520
f 1639/1639 520/520 1327/1327
f 1318/1318 1639/1639 1327/1327
f 1318/1318 1327/1327 518/518
f 521/521 1331/1331 1640/1640
f 521/521 1640/1640 962/962
f 1331/1331 525/525 1009/1009
f 1331/1331 1009/1009 1640/1640
f 1640/1640 1009/1009 303/303
f 1640/1640 303/303 796/796
f 962/962 1640/1640 796/796
f 962/962 796/796 203/203
f 525/525 1333/1333 1641/1641
f 525/525 1641/1641 1009/1009
f 1333/1333 399/399 958/958
f 1333/1333 958/958 1641/1641
f 1641/1641 958/958 195/195
f 1641/1641 195/195 923/923
f 1009/1009 1641/1641 923/923
f 1009/1009 923/923 303/303
f 526/526 1335/1335 1642/1642
f 526/526 1642/1642 1008/1008
f 1335/1335 522/522 963/963
f 1335/1335 963/963 1642/1642
f 1642/1642 963/963 205/205
f 1642/1642 205/205 921/921
f 1008/1008 1642/1642 921/921
f 1008/1008 921/921 301/301
f 545/545 1347/1347 1643/1643
f 545/545 1643/1643 961/961
f 1347/1347 532/532 974/974
f 1347/1347 974/974 1643/1643
f 1643/1643 974/974 232/232
f 1643/1643 232/232 792/792
f 961/961 1643/1643 792/792
f 961/961 792/792 201/201
f 538/538 1348/1348 1644/1644
f 538/538 1644/1644 1342/1342
f 1348/1348 542/542 1344/1344
f 1348/1348 1344/1344 1644/1644
f 1644/1644 1344/1344 356/356
f 1644/1644 356/356 1047/1047
f 1342/1342 1644/1644 1047/1047
f 1342/1342 1047/1047 349/349
f 541/541 1351/1351 1645/1645
f 541/541 1645/1645 1011/1011
f 1351/1351 545/545 961/961
f 1351/1351 961/961 1645/1645
f 1645/1645 961/961 201/201
f 1645/1645 201/201 928/928
f 1011/1011 1645/1645 928/928
f 1011/1011 928/928 307/307
f 530/530 1352/1352 1646/1646
f 530/530 1646/1646 971/971
f 1352/1352 536/536 959/959
f 1352/1352 959/959 1646/1646
f 1646/1646 959/959 197/197
f 1646/1646 197/197 827/827
f 971/971 1646/1646 827/827
f 971/971 827/827 226/226
f 536/536 1354/1354 1647/1647
f 536/536 1647/1647 959/959
f 1354/1354 526/526 1008/1008
f 1354/1354 1008/1008 1647/1647
f 1647/1647 1008/1008 301/301
f 1647/1647 301/301 788/788
f 959/959 1647/1647 788/788
f 959/959 788/788 197/197
f 529/529 1357/1357 1648/1648
f 529/529 1648/1648 1337/1337
f 1357/1357 535/535 1076/1076
f 1357/1357 1076/1076 1648/1648
f 1648/1648 1076/1076 351/351
f 1648/1648 351/351 1051/1051
f 1337/1337 1648/1648 1051/1051
f 1337/1337 1051/1051 358/358
f 532/532 1358/1358 1649/1649
f 532/532 1649/1649 974/974
f 1358/1358 538/538 1342/1342
f 1358/1358 1342/1342 1649/1649
f 1649/1649 1342/1342 349/349
f 1649/1649 349/349 1092/1092
f 974/974 1649/1649 1092/1092
f 974/974 1092/1092 232/232
f 535/535 1361/1361 1650/1650
f 535/535 1650/1650 1076/1076
f 1361/1361 530/530 971/971
f 1361/1361 971/971 1650/1650
f 1650/1650 971/971 226/226
f 1650/1650 226/226 1096/1096
f 1076/1076 1650/1650 1096/1096
f 1076/1076 1096/1096 351/351
f 542/542 1362/1362 1651/1651
f 542/542 1651/1651 1344/1344
f 1362/1362 529/529 1337/1337
f 1362/1362 1337/1337 1651/1651
f 1651/1651 1337/1337 358/358
f 1651/1651 358/358 1049/1049
f 1344/1344 1651/1651 1049/1049
f 1344/1344 1049/1049 356/356
f 509/509 1365/1365 1652/1652
f 509/509 1652/1652 964/964
f 1365/1365 541/541 1011/1011
f 1365/1365 1011/1011 1652/1652
f 1652/1652 1011/1011 307/307
f 1652/1652 307/307 801/801
f 964/964 1652/1652 801/801
f 964/964 801/801 207/207
f 546/546 1367/1367 1653/1653
f 546/546 1653/1653 1010/1010
f 1367/1367 510/510 965/965
f 1367/1367 965/965 1653/1653
f 1653/1653 965/965 209/209
f 1653/1653 209/209 926/926
f 1010/1010 1653/1653 926/926
f 1010/1010 926/926 305/305
f 486/486 1369/1369 1654/1654
f 486/486 1654/1654 960/960
f 1369/1369 546/546 1010/1010
f 1369/1369 1010/1010 1654/1654
f 1654/1654 1010/1010 305/305
f 1654/1654 305/305 791/791
f 960/960 1654/1654 791/791
f 960/960 791/791 199/199

